[0.058s] DEBUG:colcon:Command line arguments: ['/usr/bin/colcon', 'build']
[0.058s] DEBUG:colcon:Parsed command line arguments: Namespace(log_base=None, log_level=None, verb_name='build', build_base='build', install_base='install', merge_install=False, symlink_install=False, test_result_base=None, continue_on_error=False, executor='parallel', parallel_workers=16, event_handlers=None, ignore_user_meta=False, metas=['./colcon.meta'], base_paths=['.'], packages_ignore=None, packages_ignore_regex=None, paths=None, packages_up_to=None, packages_up_to_regex=None, packages_above=None, packages_above_and_dependencies=None, packages_above_depth=None, packages_select_by_dep=None, packages_skip_by_dep=None, packages_skip_up_to=None, packages_select_build_failed=False, packages_skip_build_finished=False, packages_select_test_failures=False, packages_skip_test_passed=False, packages_select=None, packages_skip=None, packages_select_regex=None, packages_skip_regex=None, packages_start=None, packages_end=None, allow_overriding=[], cmake_args=None, cmake_target=None, cmake_target_skip_unavailable=False, cmake_clean_cache=False, cmake_clean_first=False, cmake_force_configure=False, ament_cmake_args=None, catkin_cmake_args=None, catkin_skip_building_tests=False, mixin_files=None, mixin=None, verb_parser=<colcon_mixin.mixin.mixin_argument.MixinArgumentDecorator object at 0x777604f43b20>, verb_extension=<colcon_core.verb.build.BuildVerb object at 0x777604f435b0>, main=<bound method BuildVerb.main of <colcon_core.verb.build.BuildVerb object at 0x777604f435b0>>, mixin_verb=('build',))
[0.148s] Level 1:colcon.colcon_core.package_discovery:discover_packages(colcon_meta) check parameters
[0.148s] Level 1:colcon.colcon_core.package_discovery:discover_packages(recursive) check parameters
[0.148s] Level 1:colcon.colcon_core.package_discovery:discover_packages(ignore) check parameters
[0.148s] Level 1:colcon.colcon_core.package_discovery:discover_packages(path) check parameters
[0.148s] Level 1:colcon.colcon_core.package_discovery:discover_packages(colcon_meta) discover
[0.148s] Level 1:colcon.colcon_core.package_discovery:discover_packages(recursive) discover
[0.148s] INFO:colcon.colcon_core.package_discovery:Crawling recursively for packages in '/home/sourav/ROS2-Self-Driving-Robot/control/bumperbot_ws'
[0.148s] Level 1:colcon.colcon_core.package_identification:_identify(.) by extensions ['ignore', 'ignore_ament_install']
[0.148s] Level 1:colcon.colcon_core.package_identification:_identify(.) by extension 'ignore'
[0.148s] Level 1:colcon.colcon_core.package_identification:_identify(.) by extension 'ignore_ament_install'
[0.148s] Level 1:colcon.colcon_core.package_identification:_identify(.) by extensions ['colcon_pkg']
[0.148s] Level 1:colcon.colcon_core.package_identification:_identify(.) by extension 'colcon_pkg'
[0.148s] Level 1:colcon.colcon_core.package_identification:_identify(.) by extensions ['colcon_meta']
[0.148s] Level 1:colcon.colcon_core.package_identification:_identify(.) by extension 'colcon_meta'
[0.148s] Level 1:colcon.colcon_core.package_identification:_identify(.) by extensions ['ros']
[0.148s] Level 1:colcon.colcon_core.package_identification:_identify(.) by extension 'ros'
[0.155s] Level 1:colcon.colcon_core.package_identification:_identify(.) by extensions ['cmake', 'python']
[0.155s] Level 1:colcon.colcon_core.package_identification:_identify(.) by extension 'cmake'
[0.155s] Level 1:colcon.colcon_core.package_identification:_identify(.) by extension 'python'
[0.155s] Level 1:colcon.colcon_core.package_identification:_identify(.) by extensions ['python_setup_py']
[0.155s] Level 1:colcon.colcon_core.package_identification:_identify(.) by extension 'python_setup_py'
[0.155s] Level 1:colcon.colcon_core.package_identification:_identify(build) by extensions ['ignore', 'ignore_ament_install']
[0.155s] Level 1:colcon.colcon_core.package_identification:_identify(build) by extension 'ignore'
[0.155s] Level 1:colcon.colcon_core.package_identification:_identify(build) ignored
[0.155s] Level 1:colcon.colcon_core.package_identification:_identify(install) by extensions ['ignore', 'ignore_ament_install']
[0.155s] Level 1:colcon.colcon_core.package_identification:_identify(install) by extension 'ignore'
[0.155s] Level 1:colcon.colcon_core.package_identification:_identify(install) ignored
[0.155s] Level 1:colcon.colcon_core.package_identification:_identify(log) by extensions ['ignore', 'ignore_ament_install']
[0.155s] Level 1:colcon.colcon_core.package_identification:_identify(log) by extension 'ignore'
[0.155s] Level 1:colcon.colcon_core.package_identification:_identify(log) ignored
[0.155s] Level 1:colcon.colcon_core.package_identification:_identify(src) by extensions ['ignore', 'ignore_ament_install']
[0.155s] Level 1:colcon.colcon_core.package_identification:_identify(src) by extension 'ignore'
[0.155s] Level 1:colcon.colcon_core.package_identification:_identify(src) by extension 'ignore_ament_install'
[0.155s] Level 1:colcon.colcon_core.package_identification:_identify(src) by extensions ['colcon_pkg']
[0.155s] Level 1:colcon.colcon_core.package_identification:_identify(src) by extension 'colcon_pkg'
[0.155s] Level 1:colcon.colcon_core.package_identification:_identify(src) by extensions ['colcon_meta']
[0.155s] Level 1:colcon.colcon_core.package_identification:_identify(src) by extension 'colcon_meta'
[0.155s] Level 1:colcon.colcon_core.package_identification:_identify(src) by extensions ['ros']
[0.155s] Level 1:colcon.colcon_core.package_identification:_identify(src) by extension 'ros'
[0.155s] Level 1:colcon.colcon_core.package_identification:_identify(src) by extensions ['cmake', 'python']
[0.155s] Level 1:colcon.colcon_core.package_identification:_identify(src) by extension 'cmake'
[0.156s] Level 1:colcon.colcon_core.package_identification:_identify(src) by extension 'python'
[0.156s] Level 1:colcon.colcon_core.package_identification:_identify(src) by extensions ['python_setup_py']
[0.156s] Level 1:colcon.colcon_core.package_identification:_identify(src) by extension 'python_setup_py'
[0.156s] Level 1:colcon.colcon_core.package_identification:_identify(src/bumperbot_bringup) by extensions ['ignore', 'ignore_ament_install']
[0.156s] Level 1:colcon.colcon_core.package_identification:_identify(src/bumperbot_bringup) by extension 'ignore'
[0.156s] Level 1:colcon.colcon_core.package_identification:_identify(src/bumperbot_bringup) by extension 'ignore_ament_install'
[0.156s] Level 1:colcon.colcon_core.package_identification:_identify(src/bumperbot_bringup) by extensions ['colcon_pkg']
[0.156s] Level 1:colcon.colcon_core.package_identification:_identify(src/bumperbot_bringup) by extension 'colcon_pkg'
[0.156s] Level 1:colcon.colcon_core.package_identification:_identify(src/bumperbot_bringup) by extensions ['colcon_meta']
[0.156s] Level 1:colcon.colcon_core.package_identification:_identify(src/bumperbot_bringup) by extension 'colcon_meta'
[0.156s] Level 1:colcon.colcon_core.package_identification:_identify(src/bumperbot_bringup) by extensions ['ros']
[0.156s] Level 1:colcon.colcon_core.package_identification:_identify(src/bumperbot_bringup) by extension 'ros'
[0.157s] DEBUG:colcon.colcon_core.package_identification:Package 'src/bumperbot_bringup' with type 'ros.ament_cmake' and name 'bumperbot_bringup'
[0.157s] Level 1:colcon.colcon_core.package_identification:_identify(src/bumperbot_controller) by extensions ['ignore', 'ignore_ament_install']
[0.157s] Level 1:colcon.colcon_core.package_identification:_identify(src/bumperbot_controller) by extension 'ignore'
[0.157s] Level 1:colcon.colcon_core.package_identification:_identify(src/bumperbot_controller) by extension 'ignore_ament_install'
[0.157s] Level 1:colcon.colcon_core.package_identification:_identify(src/bumperbot_controller) by extensions ['colcon_pkg']
[0.157s] Level 1:colcon.colcon_core.package_identification:_identify(src/bumperbot_controller) by extension 'colcon_pkg'
[0.157s] Level 1:colcon.colcon_core.package_identification:_identify(src/bumperbot_controller) by extensions ['colcon_meta']
[0.157s] Level 1:colcon.colcon_core.package_identification:_identify(src/bumperbot_controller) by extension 'colcon_meta'
[0.157s] Level 1:colcon.colcon_core.package_identification:_identify(src/bumperbot_controller) by extensions ['ros']
[0.157s] Level 1:colcon.colcon_core.package_identification:_identify(src/bumperbot_controller) by extension 'ros'
[0.158s] DEBUG:colcon.colcon_core.package_identification:Package 'src/bumperbot_controller' with type 'ros.ament_cmake' and name 'bumperbot_controller'
[0.158s] Level 1:colcon.colcon_core.package_identification:_identify(src/bumperbot_cpp_examples) by extensions ['ignore', 'ignore_ament_install']
[0.158s] Level 1:colcon.colcon_core.package_identification:_identify(src/bumperbot_cpp_examples) by extension 'ignore'
[0.158s] Level 1:colcon.colcon_core.package_identification:_identify(src/bumperbot_cpp_examples) by extension 'ignore_ament_install'
[0.158s] Level 1:colcon.colcon_core.package_identification:_identify(src/bumperbot_cpp_examples) by extensions ['colcon_pkg']
[0.158s] Level 1:colcon.colcon_core.package_identification:_identify(src/bumperbot_cpp_examples) by extension 'colcon_pkg'
[0.158s] Level 1:colcon.colcon_core.package_identification:_identify(src/bumperbot_cpp_examples) by extensions ['colcon_meta']
[0.158s] Level 1:colcon.colcon_core.package_identification:_identify(src/bumperbot_cpp_examples) by extension 'colcon_meta'
[0.158s] Level 1:colcon.colcon_core.package_identification:_identify(src/bumperbot_cpp_examples) by extensions ['ros']
[0.158s] Level 1:colcon.colcon_core.package_identification:_identify(src/bumperbot_cpp_examples) by extension 'ros'
[0.159s] DEBUG:colcon.colcon_core.package_identification:Package 'src/bumperbot_cpp_examples' with type 'ros.ament_cmake' and name 'bumperbot_cpp_examples'
[0.159s] Level 1:colcon.colcon_core.package_identification:_identify(src/bumperbot_description) by extensions ['ignore', 'ignore_ament_install']
[0.159s] Level 1:colcon.colcon_core.package_identification:_identify(src/bumperbot_description) by extension 'ignore'
[0.159s] Level 1:colcon.colcon_core.package_identification:_identify(src/bumperbot_description) by extension 'ignore_ament_install'
[0.159s] Level 1:colcon.colcon_core.package_identification:_identify(src/bumperbot_description) by extensions ['colcon_pkg']
[0.159s] Level 1:colcon.colcon_core.package_identification:_identify(src/bumperbot_description) by extension 'colcon_pkg'
[0.159s] Level 1:colcon.colcon_core.package_identification:_identify(src/bumperbot_description) by extensions ['colcon_meta']
[0.159s] Level 1:colcon.colcon_core.package_identification:_identify(src/bumperbot_description) by extension 'colcon_meta'
[0.159s] Level 1:colcon.colcon_core.package_identification:_identify(src/bumperbot_description) by extensions ['ros']
[0.159s] Level 1:colcon.colcon_core.package_identification:_identify(src/bumperbot_description) by extension 'ros'
[0.160s] DEBUG:colcon.colcon_core.package_identification:Package 'src/bumperbot_description' with type 'ros.ament_cmake' and name 'bumperbot_description'
[0.160s] Level 1:colcon.colcon_core.package_identification:_identify(src/bumperbot_firmware) by extensions ['ignore', 'ignore_ament_install']
[0.160s] Level 1:colcon.colcon_core.package_identification:_identify(src/bumperbot_firmware) by extension 'ignore'
[0.160s] Level 1:colcon.colcon_core.package_identification:_identify(src/bumperbot_firmware) by extension 'ignore_ament_install'
[0.160s] Level 1:colcon.colcon_core.package_identification:_identify(src/bumperbot_firmware) by extensions ['colcon_pkg']
[0.160s] Level 1:colcon.colcon_core.package_identification:_identify(src/bumperbot_firmware) by extension 'colcon_pkg'
[0.160s] Level 1:colcon.colcon_core.package_identification:_identify(src/bumperbot_firmware) by extensions ['colcon_meta']
[0.160s] Level 1:colcon.colcon_core.package_identification:_identify(src/bumperbot_firmware) by extension 'colcon_meta'
[0.160s] Level 1:colcon.colcon_core.package_identification:_identify(src/bumperbot_firmware) by extensions ['ros']
[0.160s] Level 1:colcon.colcon_core.package_identification:_identify(src/bumperbot_firmware) by extension 'ros'
[0.160s] DEBUG:colcon.colcon_core.package_identification:Package 'src/bumperbot_firmware' with type 'ros.ament_cmake' and name 'bumperbot_firmware'
[0.160s] Level 1:colcon.colcon_core.package_identification:_identify(src/bumperbot_localization) by extensions ['ignore', 'ignore_ament_install']
[0.160s] Level 1:colcon.colcon_core.package_identification:_identify(src/bumperbot_localization) by extension 'ignore'
[0.160s] Level 1:colcon.colcon_core.package_identification:_identify(src/bumperbot_localization) by extension 'ignore_ament_install'
[0.160s] Level 1:colcon.colcon_core.package_identification:_identify(src/bumperbot_localization) by extensions ['colcon_pkg']
[0.160s] Level 1:colcon.colcon_core.package_identification:_identify(src/bumperbot_localization) by extension 'colcon_pkg'
[0.160s] Level 1:colcon.colcon_core.package_identification:_identify(src/bumperbot_localization) by extensions ['colcon_meta']
[0.161s] Level 1:colcon.colcon_core.package_identification:_identify(src/bumperbot_localization) by extension 'colcon_meta'
[0.161s] Level 1:colcon.colcon_core.package_identification:_identify(src/bumperbot_localization) by extensions ['ros']
[0.161s] Level 1:colcon.colcon_core.package_identification:_identify(src/bumperbot_localization) by extension 'ros'
[0.161s] DEBUG:colcon.colcon_core.package_identification:Package 'src/bumperbot_localization' with type 'ros.ament_cmake' and name 'bumperbot_localization'
[0.161s] Level 1:colcon.colcon_core.package_identification:_identify(src/bumperbot_msgs) by extensions ['ignore', 'ignore_ament_install']
[0.161s] Level 1:colcon.colcon_core.package_identification:_identify(src/bumperbot_msgs) by extension 'ignore'
[0.161s] Level 1:colcon.colcon_core.package_identification:_identify(src/bumperbot_msgs) by extension 'ignore_ament_install'
[0.161s] Level 1:colcon.colcon_core.package_identification:_identify(src/bumperbot_msgs) by extensions ['colcon_pkg']
[0.161s] Level 1:colcon.colcon_core.package_identification:_identify(src/bumperbot_msgs) by extension 'colcon_pkg'
[0.161s] Level 1:colcon.colcon_core.package_identification:_identify(src/bumperbot_msgs) by extensions ['colcon_meta']
[0.161s] Level 1:colcon.colcon_core.package_identification:_identify(src/bumperbot_msgs) by extension 'colcon_meta'
[0.161s] Level 1:colcon.colcon_core.package_identification:_identify(src/bumperbot_msgs) by extensions ['ros']
[0.161s] Level 1:colcon.colcon_core.package_identification:_identify(src/bumperbot_msgs) by extension 'ros'
[0.162s] DEBUG:colcon.colcon_core.package_identification:Package 'src/bumperbot_msgs' with type 'ros.ament_cmake' and name 'bumperbot_msgs'
[0.162s] Level 1:colcon.colcon_core.package_identification:_identify(src/bumperbot_py_examples) by extensions ['ignore', 'ignore_ament_install']
[0.162s] Level 1:colcon.colcon_core.package_identification:_identify(src/bumperbot_py_examples) by extension 'ignore'
[0.162s] Level 1:colcon.colcon_core.package_identification:_identify(src/bumperbot_py_examples) by extension 'ignore_ament_install'
[0.162s] Level 1:colcon.colcon_core.package_identification:_identify(src/bumperbot_py_examples) by extensions ['colcon_pkg']
[0.162s] Level 1:colcon.colcon_core.package_identification:_identify(src/bumperbot_py_examples) by extension 'colcon_pkg'
[0.162s] Level 1:colcon.colcon_core.package_identification:_identify(src/bumperbot_py_examples) by extensions ['colcon_meta']
[0.162s] Level 1:colcon.colcon_core.package_identification:_identify(src/bumperbot_py_examples) by extension 'colcon_meta'
[0.162s] Level 1:colcon.colcon_core.package_identification:_identify(src/bumperbot_py_examples) by extensions ['ros']
[0.162s] Level 1:colcon.colcon_core.package_identification:_identify(src/bumperbot_py_examples) by extension 'ros'
[0.162s] DEBUG:colcon.colcon_core.package_identification:Package 'src/bumperbot_py_examples' with type 'ros.ament_python' and name 'bumperbot_py_examples'
[0.162s] Level 1:colcon.colcon_core.package_identification:_identify(src/bumperbot_utils) by extensions ['ignore', 'ignore_ament_install']
[0.162s] Level 1:colcon.colcon_core.package_identification:_identify(src/bumperbot_utils) by extension 'ignore'
[0.162s] Level 1:colcon.colcon_core.package_identification:_identify(src/bumperbot_utils) by extension 'ignore_ament_install'
[0.162s] Level 1:colcon.colcon_core.package_identification:_identify(src/bumperbot_utils) by extensions ['colcon_pkg']
[0.162s] Level 1:colcon.colcon_core.package_identification:_identify(src/bumperbot_utils) by extension 'colcon_pkg'
[0.162s] Level 1:colcon.colcon_core.package_identification:_identify(src/bumperbot_utils) by extensions ['colcon_meta']
[0.162s] Level 1:colcon.colcon_core.package_identification:_identify(src/bumperbot_utils) by extension 'colcon_meta'
[0.162s] Level 1:colcon.colcon_core.package_identification:_identify(src/bumperbot_utils) by extensions ['ros']
[0.162s] Level 1:colcon.colcon_core.package_identification:_identify(src/bumperbot_utils) by extension 'ros'
[0.163s] DEBUG:colcon.colcon_core.package_identification:Package 'src/bumperbot_utils' with type 'ros.ament_cmake' and name 'bumperbot_utils'
[0.163s] Level 1:colcon.colcon_core.package_identification:_identify(src/imu_tools) by extensions ['ignore', 'ignore_ament_install']
[0.163s] Level 1:colcon.colcon_core.package_identification:_identify(src/imu_tools) by extension 'ignore'
[0.163s] Level 1:colcon.colcon_core.package_identification:_identify(src/imu_tools) by extension 'ignore_ament_install'
[0.163s] Level 1:colcon.colcon_core.package_identification:_identify(src/imu_tools) by extensions ['colcon_pkg']
[0.163s] Level 1:colcon.colcon_core.package_identification:_identify(src/imu_tools) by extension 'colcon_pkg'
[0.163s] Level 1:colcon.colcon_core.package_identification:_identify(src/imu_tools) by extensions ['colcon_meta']
[0.163s] Level 1:colcon.colcon_core.package_identification:_identify(src/imu_tools) by extension 'colcon_meta'
[0.163s] Level 1:colcon.colcon_core.package_identification:_identify(src/imu_tools) by extensions ['ros']
[0.163s] Level 1:colcon.colcon_core.package_identification:_identify(src/imu_tools) by extension 'ros'
[0.163s] Level 1:colcon.colcon_core.package_identification:_identify(src/imu_tools) by extensions ['cmake', 'python']
[0.163s] Level 1:colcon.colcon_core.package_identification:_identify(src/imu_tools) by extension 'cmake'
[0.163s] Level 1:colcon.colcon_core.package_identification:_identify(src/imu_tools) by extension 'python'
[0.163s] Level 1:colcon.colcon_core.package_identification:_identify(src/imu_tools) by extensions ['python_setup_py']
[0.163s] Level 1:colcon.colcon_core.package_identification:_identify(src/imu_tools) by extension 'python_setup_py'
[0.163s] Level 1:colcon.colcon_core.package_identification:_identify(src/imu_tools/imu_complementary_filter) by extensions ['ignore', 'ignore_ament_install']
[0.163s] Level 1:colcon.colcon_core.package_identification:_identify(src/imu_tools/imu_complementary_filter) by extension 'ignore'
[0.163s] Level 1:colcon.colcon_core.package_identification:_identify(src/imu_tools/imu_complementary_filter) by extension 'ignore_ament_install'
[0.163s] Level 1:colcon.colcon_core.package_identification:_identify(src/imu_tools/imu_complementary_filter) by extensions ['colcon_pkg']
[0.163s] Level 1:colcon.colcon_core.package_identification:_identify(src/imu_tools/imu_complementary_filter) by extension 'colcon_pkg'
[0.163s] Level 1:colcon.colcon_core.package_identification:_identify(src/imu_tools/imu_complementary_filter) by extensions ['colcon_meta']
[0.163s] Level 1:colcon.colcon_core.package_identification:_identify(src/imu_tools/imu_complementary_filter) by extension 'colcon_meta'
[0.163s] Level 1:colcon.colcon_core.package_identification:_identify(src/imu_tools/imu_complementary_filter) by extensions ['ros']
[0.163s] Level 1:colcon.colcon_core.package_identification:_identify(src/imu_tools/imu_complementary_filter) by extension 'ros'
[0.164s] DEBUG:colcon.colcon_core.package_identification:Package 'src/imu_tools/imu_complementary_filter' with type 'ros.ament_cmake' and name 'imu_complementary_filter'
[0.164s] Level 1:colcon.colcon_core.package_identification:_identify(src/imu_tools/imu_filter_madgwick) by extensions ['ignore', 'ignore_ament_install']
[0.164s] Level 1:colcon.colcon_core.package_identification:_identify(src/imu_tools/imu_filter_madgwick) by extension 'ignore'
[0.164s] Level 1:colcon.colcon_core.package_identification:_identify(src/imu_tools/imu_filter_madgwick) by extension 'ignore_ament_install'
[0.164s] Level 1:colcon.colcon_core.package_identification:_identify(src/imu_tools/imu_filter_madgwick) by extensions ['colcon_pkg']
[0.164s] Level 1:colcon.colcon_core.package_identification:_identify(src/imu_tools/imu_filter_madgwick) by extension 'colcon_pkg'
[0.164s] Level 1:colcon.colcon_core.package_identification:_identify(src/imu_tools/imu_filter_madgwick) by extensions ['colcon_meta']
[0.164s] Level 1:colcon.colcon_core.package_identification:_identify(src/imu_tools/imu_filter_madgwick) by extension 'colcon_meta'
[0.164s] Level 1:colcon.colcon_core.package_identification:_identify(src/imu_tools/imu_filter_madgwick) by extensions ['ros']
[0.164s] Level 1:colcon.colcon_core.package_identification:_identify(src/imu_tools/imu_filter_madgwick) by extension 'ros'
[0.165s] DEBUG:colcon.colcon_core.package_identification:Package 'src/imu_tools/imu_filter_madgwick' with type 'ros.ament_cmake' and name 'imu_filter_madgwick'
[0.165s] Level 1:colcon.colcon_core.package_identification:_identify(src/imu_tools/imu_tools) by extensions ['ignore', 'ignore_ament_install']
[0.165s] Level 1:colcon.colcon_core.package_identification:_identify(src/imu_tools/imu_tools) by extension 'ignore'
[0.165s] Level 1:colcon.colcon_core.package_identification:_identify(src/imu_tools/imu_tools) by extension 'ignore_ament_install'
[0.165s] Level 1:colcon.colcon_core.package_identification:_identify(src/imu_tools/imu_tools) by extensions ['colcon_pkg']
[0.165s] Level 1:colcon.colcon_core.package_identification:_identify(src/imu_tools/imu_tools) by extension 'colcon_pkg'
[0.165s] Level 1:colcon.colcon_core.package_identification:_identify(src/imu_tools/imu_tools) by extensions ['colcon_meta']
[0.165s] Level 1:colcon.colcon_core.package_identification:_identify(src/imu_tools/imu_tools) by extension 'colcon_meta'
[0.165s] Level 1:colcon.colcon_core.package_identification:_identify(src/imu_tools/imu_tools) by extensions ['ros']
[0.165s] Level 1:colcon.colcon_core.package_identification:_identify(src/imu_tools/imu_tools) by extension 'ros'
[0.165s] DEBUG:colcon.colcon_core.package_identification:Package 'src/imu_tools/imu_tools' with type 'ros.ament_cmake' and name 'imu_tools'
[0.165s] Level 1:colcon.colcon_core.package_identification:_identify(src/imu_tools/rviz_imu_plugin) by extensions ['ignore', 'ignore_ament_install']
[0.165s] Level 1:colcon.colcon_core.package_identification:_identify(src/imu_tools/rviz_imu_plugin) by extension 'ignore'
[0.165s] Level 1:colcon.colcon_core.package_identification:_identify(src/imu_tools/rviz_imu_plugin) by extension 'ignore_ament_install'
[0.165s] Level 1:colcon.colcon_core.package_identification:_identify(src/imu_tools/rviz_imu_plugin) by extensions ['colcon_pkg']
[0.165s] Level 1:colcon.colcon_core.package_identification:_identify(src/imu_tools/rviz_imu_plugin) by extension 'colcon_pkg'
[0.165s] Level 1:colcon.colcon_core.package_identification:_identify(src/imu_tools/rviz_imu_plugin) by extensions ['colcon_meta']
[0.165s] Level 1:colcon.colcon_core.package_identification:_identify(src/imu_tools/rviz_imu_plugin) by extension 'colcon_meta'
[0.165s] Level 1:colcon.colcon_core.package_identification:_identify(src/imu_tools/rviz_imu_plugin) by extensions ['ros']
[0.165s] Level 1:colcon.colcon_core.package_identification:_identify(src/imu_tools/rviz_imu_plugin) by extension 'ros'
[0.166s] DEBUG:colcon.colcon_core.package_identification:Package 'src/imu_tools/rviz_imu_plugin' with type 'ros.ament_cmake' and name 'rviz_imu_plugin'
[0.166s] Level 1:colcon.colcon_core.package_discovery:discover_packages(recursive) using defaults
[0.166s] Level 1:colcon.colcon_core.package_discovery:discover_packages(ignore) discover
[0.166s] Level 1:colcon.colcon_core.package_discovery:discover_packages(ignore) using defaults
[0.166s] Level 1:colcon.colcon_core.package_discovery:discover_packages(path) discover
[0.166s] Level 1:colcon.colcon_core.package_discovery:discover_packages(path) using defaults
[0.184s] Level 1:colcon.colcon_core.package_discovery:discover_packages(prefix_path) check parameters
[0.184s] Level 1:colcon.colcon_core.package_discovery:discover_packages(prefix_path) discover
[0.185s] DEBUG:colcon.colcon_installed_package_information.package_discovery:Found 363 installed packages in /opt/ros/humble
[0.186s] Level 1:colcon.colcon_core.package_discovery:discover_packages(prefix_path) using defaults
[0.209s] Level 5:colcon.colcon_core.verb:set package 'bumperbot_bringup' build argument 'cmake_args' from command line to 'None'
[0.209s] Level 5:colcon.colcon_core.verb:set package 'bumperbot_bringup' build argument 'cmake_target' from command line to 'None'
[0.209s] Level 5:colcon.colcon_core.verb:set package 'bumperbot_bringup' build argument 'cmake_target_skip_unavailable' from command line to 'False'
[0.209s] Level 5:colcon.colcon_core.verb:set package 'bumperbot_bringup' build argument 'cmake_clean_cache' from command line to 'False'
[0.209s] Level 5:colcon.colcon_core.verb:set package 'bumperbot_bringup' build argument 'cmake_clean_first' from command line to 'False'
[0.209s] Level 5:colcon.colcon_core.verb:set package 'bumperbot_bringup' build argument 'cmake_force_configure' from command line to 'False'
[0.209s] Level 5:colcon.colcon_core.verb:set package 'bumperbot_bringup' build argument 'ament_cmake_args' from command line to 'None'
[0.209s] Level 5:colcon.colcon_core.verb:set package 'bumperbot_bringup' build argument 'catkin_cmake_args' from command line to 'None'
[0.209s] Level 5:colcon.colcon_core.verb:set package 'bumperbot_bringup' build argument 'catkin_skip_building_tests' from command line to 'False'
[0.209s] DEBUG:colcon.colcon_core.verb:Building package 'bumperbot_bringup' with the following arguments: {'ament_cmake_args': None, 'build_base': '/home/sourav/ROS2-Self-Driving-Robot/control/bumperbot_ws/build/bumperbot_bringup', 'catkin_cmake_args': None, 'catkin_skip_building_tests': False, 'cmake_args': None, 'cmake_clean_cache': False, 'cmake_clean_first': False, 'cmake_force_configure': False, 'cmake_target': None, 'cmake_target_skip_unavailable': False, 'install_base': '/home/sourav/ROS2-Self-Driving-Robot/control/bumperbot_ws/install/bumperbot_bringup', 'merge_install': False, 'path': '/home/sourav/ROS2-Self-Driving-Robot/control/bumperbot_ws/src/bumperbot_bringup', 'symlink_install': False, 'test_result_base': None}
[0.209s] Level 5:colcon.colcon_core.verb:set package 'bumperbot_controller' build argument 'cmake_args' from command line to 'None'
[0.209s] Level 5:colcon.colcon_core.verb:set package 'bumperbot_controller' build argument 'cmake_target' from command line to 'None'
[0.209s] Level 5:colcon.colcon_core.verb:set package 'bumperbot_controller' build argument 'cmake_target_skip_unavailable' from command line to 'False'
[0.209s] Level 5:colcon.colcon_core.verb:set package 'bumperbot_controller' build argument 'cmake_clean_cache' from command line to 'False'
[0.209s] Level 5:colcon.colcon_core.verb:set package 'bumperbot_controller' build argument 'cmake_clean_first' from command line to 'False'
[0.209s] Level 5:colcon.colcon_core.verb:set package 'bumperbot_controller' build argument 'cmake_force_configure' from command line to 'False'
[0.209s] Level 5:colcon.colcon_core.verb:set package 'bumperbot_controller' build argument 'ament_cmake_args' from command line to 'None'
[0.209s] Level 5:colcon.colcon_core.verb:set package 'bumperbot_controller' build argument 'catkin_cmake_args' from command line to 'None'
[0.209s] Level 5:colcon.colcon_core.verb:set package 'bumperbot_controller' build argument 'catkin_skip_building_tests' from command line to 'False'
[0.209s] DEBUG:colcon.colcon_core.verb:Building package 'bumperbot_controller' with the following arguments: {'ament_cmake_args': None, 'build_base': '/home/sourav/ROS2-Self-Driving-Robot/control/bumperbot_ws/build/bumperbot_controller', 'catkin_cmake_args': None, 'catkin_skip_building_tests': False, 'cmake_args': None, 'cmake_clean_cache': False, 'cmake_clean_first': False, 'cmake_force_configure': False, 'cmake_target': None, 'cmake_target_skip_unavailable': False, 'install_base': '/home/sourav/ROS2-Self-Driving-Robot/control/bumperbot_ws/install/bumperbot_controller', 'merge_install': False, 'path': '/home/sourav/ROS2-Self-Driving-Robot/control/bumperbot_ws/src/bumperbot_controller', 'symlink_install': False, 'test_result_base': None}
[0.209s] Level 5:colcon.colcon_core.verb:set package 'bumperbot_description' build argument 'cmake_args' from command line to 'None'
[0.209s] Level 5:colcon.colcon_core.verb:set package 'bumperbot_description' build argument 'cmake_target' from command line to 'None'
[0.209s] Level 5:colcon.colcon_core.verb:set package 'bumperbot_description' build argument 'cmake_target_skip_unavailable' from command line to 'False'
[0.209s] Level 5:colcon.colcon_core.verb:set package 'bumperbot_description' build argument 'cmake_clean_cache' from command line to 'False'
[0.210s] Level 5:colcon.colcon_core.verb:set package 'bumperbot_description' build argument 'cmake_clean_first' from command line to 'False'
[0.210s] Level 5:colcon.colcon_core.verb:set package 'bumperbot_description' build argument 'cmake_force_configure' from command line to 'False'
[0.210s] Level 5:colcon.colcon_core.verb:set package 'bumperbot_description' build argument 'ament_cmake_args' from command line to 'None'
[0.210s] Level 5:colcon.colcon_core.verb:set package 'bumperbot_description' build argument 'catkin_cmake_args' from command line to 'None'
[0.210s] Level 5:colcon.colcon_core.verb:set package 'bumperbot_description' build argument 'catkin_skip_building_tests' from command line to 'False'
[0.210s] DEBUG:colcon.colcon_core.verb:Building package 'bumperbot_description' with the following arguments: {'ament_cmake_args': None, 'build_base': '/home/sourav/ROS2-Self-Driving-Robot/control/bumperbot_ws/build/bumperbot_description', 'catkin_cmake_args': None, 'catkin_skip_building_tests': False, 'cmake_args': None, 'cmake_clean_cache': False, 'cmake_clean_first': False, 'cmake_force_configure': False, 'cmake_target': None, 'cmake_target_skip_unavailable': False, 'install_base': '/home/sourav/ROS2-Self-Driving-Robot/control/bumperbot_ws/install/bumperbot_description', 'merge_install': False, 'path': '/home/sourav/ROS2-Self-Driving-Robot/control/bumperbot_ws/src/bumperbot_description', 'symlink_install': False, 'test_result_base': None}
[0.210s] Level 5:colcon.colcon_core.verb:set package 'bumperbot_firmware' build argument 'cmake_args' from command line to 'None'
[0.210s] Level 5:colcon.colcon_core.verb:set package 'bumperbot_firmware' build argument 'cmake_target' from command line to 'None'
[0.210s] Level 5:colcon.colcon_core.verb:set package 'bumperbot_firmware' build argument 'cmake_target_skip_unavailable' from command line to 'False'
[0.210s] Level 5:colcon.colcon_core.verb:set package 'bumperbot_firmware' build argument 'cmake_clean_cache' from command line to 'False'
[0.210s] Level 5:colcon.colcon_core.verb:set package 'bumperbot_firmware' build argument 'cmake_clean_first' from command line to 'False'
[0.210s] Level 5:colcon.colcon_core.verb:set package 'bumperbot_firmware' build argument 'cmake_force_configure' from command line to 'False'
[0.210s] Level 5:colcon.colcon_core.verb:set package 'bumperbot_firmware' build argument 'ament_cmake_args' from command line to 'None'
[0.210s] Level 5:colcon.colcon_core.verb:set package 'bumperbot_firmware' build argument 'catkin_cmake_args' from command line to 'None'
[0.210s] Level 5:colcon.colcon_core.verb:set package 'bumperbot_firmware' build argument 'catkin_skip_building_tests' from command line to 'False'
[0.210s] DEBUG:colcon.colcon_core.verb:Building package 'bumperbot_firmware' with the following arguments: {'ament_cmake_args': None, 'build_base': '/home/sourav/ROS2-Self-Driving-Robot/control/bumperbot_ws/build/bumperbot_firmware', 'catkin_cmake_args': None, 'catkin_skip_building_tests': False, 'cmake_args': None, 'cmake_clean_cache': False, 'cmake_clean_first': False, 'cmake_force_configure': False, 'cmake_target': None, 'cmake_target_skip_unavailable': False, 'install_base': '/home/sourav/ROS2-Self-Driving-Robot/control/bumperbot_ws/install/bumperbot_firmware', 'merge_install': False, 'path': '/home/sourav/ROS2-Self-Driving-Robot/control/bumperbot_ws/src/bumperbot_firmware', 'symlink_install': False, 'test_result_base': None}
[0.210s] Level 5:colcon.colcon_core.verb:set package 'bumperbot_localization' build argument 'cmake_args' from command line to 'None'
[0.210s] Level 5:colcon.colcon_core.verb:set package 'bumperbot_localization' build argument 'cmake_target' from command line to 'None'
[0.210s] Level 5:colcon.colcon_core.verb:set package 'bumperbot_localization' build argument 'cmake_target_skip_unavailable' from command line to 'False'
[0.210s] Level 5:colcon.colcon_core.verb:set package 'bumperbot_localization' build argument 'cmake_clean_cache' from command line to 'False'
[0.210s] Level 5:colcon.colcon_core.verb:set package 'bumperbot_localization' build argument 'cmake_clean_first' from command line to 'False'
[0.210s] Level 5:colcon.colcon_core.verb:set package 'bumperbot_localization' build argument 'cmake_force_configure' from command line to 'False'
[0.210s] Level 5:colcon.colcon_core.verb:set package 'bumperbot_localization' build argument 'ament_cmake_args' from command line to 'None'
[0.210s] Level 5:colcon.colcon_core.verb:set package 'bumperbot_localization' build argument 'catkin_cmake_args' from command line to 'None'
[0.210s] Level 5:colcon.colcon_core.verb:set package 'bumperbot_localization' build argument 'catkin_skip_building_tests' from command line to 'False'
[0.210s] DEBUG:colcon.colcon_core.verb:Building package 'bumperbot_localization' with the following arguments: {'ament_cmake_args': None, 'build_base': '/home/sourav/ROS2-Self-Driving-Robot/control/bumperbot_ws/build/bumperbot_localization', 'catkin_cmake_args': None, 'catkin_skip_building_tests': False, 'cmake_args': None, 'cmake_clean_cache': False, 'cmake_clean_first': False, 'cmake_force_configure': False, 'cmake_target': None, 'cmake_target_skip_unavailable': False, 'install_base': '/home/sourav/ROS2-Self-Driving-Robot/control/bumperbot_ws/install/bumperbot_localization', 'merge_install': False, 'path': '/home/sourav/ROS2-Self-Driving-Robot/control/bumperbot_ws/src/bumperbot_localization', 'symlink_install': False, 'test_result_base': None}
[0.210s] Level 5:colcon.colcon_core.verb:set package 'bumperbot_msgs' build argument 'cmake_args' from command line to 'None'
[0.210s] Level 5:colcon.colcon_core.verb:set package 'bumperbot_msgs' build argument 'cmake_target' from command line to 'None'
[0.210s] Level 5:colcon.colcon_core.verb:set package 'bumperbot_msgs' build argument 'cmake_target_skip_unavailable' from command line to 'False'
[0.210s] Level 5:colcon.colcon_core.verb:set package 'bumperbot_msgs' build argument 'cmake_clean_cache' from command line to 'False'
[0.210s] Level 5:colcon.colcon_core.verb:set package 'bumperbot_msgs' build argument 'cmake_clean_first' from command line to 'False'
[0.210s] Level 5:colcon.colcon_core.verb:set package 'bumperbot_msgs' build argument 'cmake_force_configure' from command line to 'False'
[0.210s] Level 5:colcon.colcon_core.verb:set package 'bumperbot_msgs' build argument 'ament_cmake_args' from command line to 'None'
[0.210s] Level 5:colcon.colcon_core.verb:set package 'bumperbot_msgs' build argument 'catkin_cmake_args' from command line to 'None'
[0.210s] Level 5:colcon.colcon_core.verb:set package 'bumperbot_msgs' build argument 'catkin_skip_building_tests' from command line to 'False'
[0.210s] DEBUG:colcon.colcon_core.verb:Building package 'bumperbot_msgs' with the following arguments: {'ament_cmake_args': None, 'build_base': '/home/sourav/ROS2-Self-Driving-Robot/control/bumperbot_ws/build/bumperbot_msgs', 'catkin_cmake_args': None, 'catkin_skip_building_tests': False, 'cmake_args': None, 'cmake_clean_cache': False, 'cmake_clean_first': False, 'cmake_force_configure': False, 'cmake_target': None, 'cmake_target_skip_unavailable': False, 'install_base': '/home/sourav/ROS2-Self-Driving-Robot/control/bumperbot_ws/install/bumperbot_msgs', 'merge_install': False, 'path': '/home/sourav/ROS2-Self-Driving-Robot/control/bumperbot_ws/src/bumperbot_msgs', 'symlink_install': False, 'test_result_base': None}
[0.211s] Level 5:colcon.colcon_core.verb:set package 'bumperbot_utils' build argument 'cmake_args' from command line to 'None'
[0.211s] Level 5:colcon.colcon_core.verb:set package 'bumperbot_utils' build argument 'cmake_target' from command line to 'None'
[0.211s] Level 5:colcon.colcon_core.verb:set package 'bumperbot_utils' build argument 'cmake_target_skip_unavailable' from command line to 'False'
[0.211s] Level 5:colcon.colcon_core.verb:set package 'bumperbot_utils' build argument 'cmake_clean_cache' from command line to 'False'
[0.211s] Level 5:colcon.colcon_core.verb:set package 'bumperbot_utils' build argument 'cmake_clean_first' from command line to 'False'
[0.211s] Level 5:colcon.colcon_core.verb:set package 'bumperbot_utils' build argument 'cmake_force_configure' from command line to 'False'
[0.211s] Level 5:colcon.colcon_core.verb:set package 'bumperbot_utils' build argument 'ament_cmake_args' from command line to 'None'
[0.211s] Level 5:colcon.colcon_core.verb:set package 'bumperbot_utils' build argument 'catkin_cmake_args' from command line to 'None'
[0.211s] Level 5:colcon.colcon_core.verb:set package 'bumperbot_utils' build argument 'catkin_skip_building_tests' from command line to 'False'
[0.211s] DEBUG:colcon.colcon_core.verb:Building package 'bumperbot_utils' with the following arguments: {'ament_cmake_args': None, 'build_base': '/home/sourav/ROS2-Self-Driving-Robot/control/bumperbot_ws/build/bumperbot_utils', 'catkin_cmake_args': None, 'catkin_skip_building_tests': False, 'cmake_args': None, 'cmake_clean_cache': False, 'cmake_clean_first': False, 'cmake_force_configure': False, 'cmake_target': None, 'cmake_target_skip_unavailable': False, 'install_base': '/home/sourav/ROS2-Self-Driving-Robot/control/bumperbot_ws/install/bumperbot_utils', 'merge_install': False, 'path': '/home/sourav/ROS2-Self-Driving-Robot/control/bumperbot_ws/src/bumperbot_utils', 'symlink_install': False, 'test_result_base': None}
[0.211s] Level 5:colcon.colcon_core.verb:set package 'imu_complementary_filter' build argument 'cmake_args' from command line to 'None'
[0.211s] Level 5:colcon.colcon_core.verb:set package 'imu_complementary_filter' build argument 'cmake_target' from command line to 'None'
[0.211s] Level 5:colcon.colcon_core.verb:set package 'imu_complementary_filter' build argument 'cmake_target_skip_unavailable' from command line to 'False'
[0.211s] Level 5:colcon.colcon_core.verb:set package 'imu_complementary_filter' build argument 'cmake_clean_cache' from command line to 'False'
[0.211s] Level 5:colcon.colcon_core.verb:set package 'imu_complementary_filter' build argument 'cmake_clean_first' from command line to 'False'
[0.211s] Level 5:colcon.colcon_core.verb:set package 'imu_complementary_filter' build argument 'cmake_force_configure' from command line to 'False'
[0.211s] Level 5:colcon.colcon_core.verb:set package 'imu_complementary_filter' build argument 'ament_cmake_args' from command line to 'None'
[0.211s] Level 5:colcon.colcon_core.verb:set package 'imu_complementary_filter' build argument 'catkin_cmake_args' from command line to 'None'
[0.211s] Level 5:colcon.colcon_core.verb:set package 'imu_complementary_filter' build argument 'catkin_skip_building_tests' from command line to 'False'
[0.211s] DEBUG:colcon.colcon_core.verb:Building package 'imu_complementary_filter' with the following arguments: {'ament_cmake_args': None, 'build_base': '/home/sourav/ROS2-Self-Driving-Robot/control/bumperbot_ws/build/imu_complementary_filter', 'catkin_cmake_args': None, 'catkin_skip_building_tests': False, 'cmake_args': None, 'cmake_clean_cache': False, 'cmake_clean_first': False, 'cmake_force_configure': False, 'cmake_target': None, 'cmake_target_skip_unavailable': False, 'install_base': '/home/sourav/ROS2-Self-Driving-Robot/control/bumperbot_ws/install/imu_complementary_filter', 'merge_install': False, 'path': '/home/sourav/ROS2-Self-Driving-Robot/control/bumperbot_ws/src/imu_tools/imu_complementary_filter', 'symlink_install': False, 'test_result_base': None}
[0.211s] Level 5:colcon.colcon_core.verb:set package 'imu_filter_madgwick' build argument 'cmake_args' from command line to 'None'
[0.211s] Level 5:colcon.colcon_core.verb:set package 'imu_filter_madgwick' build argument 'cmake_target' from command line to 'None'
[0.211s] Level 5:colcon.colcon_core.verb:set package 'imu_filter_madgwick' build argument 'cmake_target_skip_unavailable' from command line to 'False'
[0.211s] Level 5:colcon.colcon_core.verb:set package 'imu_filter_madgwick' build argument 'cmake_clean_cache' from command line to 'False'
[0.211s] Level 5:colcon.colcon_core.verb:set package 'imu_filter_madgwick' build argument 'cmake_clean_first' from command line to 'False'
[0.211s] Level 5:colcon.colcon_core.verb:set package 'imu_filter_madgwick' build argument 'cmake_force_configure' from command line to 'False'
[0.211s] Level 5:colcon.colcon_core.verb:set package 'imu_filter_madgwick' build argument 'ament_cmake_args' from command line to 'None'
[0.211s] Level 5:colcon.colcon_core.verb:set package 'imu_filter_madgwick' build argument 'catkin_cmake_args' from command line to 'None'
[0.211s] Level 5:colcon.colcon_core.verb:set package 'imu_filter_madgwick' build argument 'catkin_skip_building_tests' from command line to 'False'
[0.211s] DEBUG:colcon.colcon_core.verb:Building package 'imu_filter_madgwick' with the following arguments: {'ament_cmake_args': None, 'build_base': '/home/sourav/ROS2-Self-Driving-Robot/control/bumperbot_ws/build/imu_filter_madgwick', 'catkin_cmake_args': None, 'catkin_skip_building_tests': False, 'cmake_args': None, 'cmake_clean_cache': False, 'cmake_clean_first': False, 'cmake_force_configure': False, 'cmake_target': None, 'cmake_target_skip_unavailable': False, 'install_base': '/home/sourav/ROS2-Self-Driving-Robot/control/bumperbot_ws/install/imu_filter_madgwick', 'merge_install': False, 'path': '/home/sourav/ROS2-Self-Driving-Robot/control/bumperbot_ws/src/imu_tools/imu_filter_madgwick', 'symlink_install': False, 'test_result_base': None}
[0.211s] Level 5:colcon.colcon_core.verb:set package 'rviz_imu_plugin' build argument 'cmake_args' from command line to 'None'
[0.211s] Level 5:colcon.colcon_core.verb:set package 'rviz_imu_plugin' build argument 'cmake_target' from command line to 'None'
[0.211s] Level 5:colcon.colcon_core.verb:set package 'rviz_imu_plugin' build argument 'cmake_target_skip_unavailable' from command line to 'False'
[0.212s] Level 5:colcon.colcon_core.verb:set package 'rviz_imu_plugin' build argument 'cmake_clean_cache' from command line to 'False'
[0.212s] Level 5:colcon.colcon_core.verb:set package 'rviz_imu_plugin' build argument 'cmake_clean_first' from command line to 'False'
[0.212s] Level 5:colcon.colcon_core.verb:set package 'rviz_imu_plugin' build argument 'cmake_force_configure' from command line to 'False'
[0.212s] Level 5:colcon.colcon_core.verb:set package 'rviz_imu_plugin' build argument 'ament_cmake_args' from command line to 'None'
[0.212s] Level 5:colcon.colcon_core.verb:set package 'rviz_imu_plugin' build argument 'catkin_cmake_args' from command line to 'None'
[0.212s] Level 5:colcon.colcon_core.verb:set package 'rviz_imu_plugin' build argument 'catkin_skip_building_tests' from command line to 'False'
[0.212s] DEBUG:colcon.colcon_core.verb:Building package 'rviz_imu_plugin' with the following arguments: {'ament_cmake_args': None, 'build_base': '/home/sourav/ROS2-Self-Driving-Robot/control/bumperbot_ws/build/rviz_imu_plugin', 'catkin_cmake_args': None, 'catkin_skip_building_tests': False, 'cmake_args': None, 'cmake_clean_cache': False, 'cmake_clean_first': False, 'cmake_force_configure': False, 'cmake_target': None, 'cmake_target_skip_unavailable': False, 'install_base': '/home/sourav/ROS2-Self-Driving-Robot/control/bumperbot_ws/install/rviz_imu_plugin', 'merge_install': False, 'path': '/home/sourav/ROS2-Self-Driving-Robot/control/bumperbot_ws/src/imu_tools/rviz_imu_plugin', 'symlink_install': False, 'test_result_base': None}
[0.212s] Level 5:colcon.colcon_core.verb:set package 'bumperbot_cpp_examples' build argument 'cmake_args' from command line to 'None'
[0.212s] Level 5:colcon.colcon_core.verb:set package 'bumperbot_cpp_examples' build argument 'cmake_target' from command line to 'None'
[0.212s] Level 5:colcon.colcon_core.verb:set package 'bumperbot_cpp_examples' build argument 'cmake_target_skip_unavailable' from command line to 'False'
[0.212s] Level 5:colcon.colcon_core.verb:set package 'bumperbot_cpp_examples' build argument 'cmake_clean_cache' from command line to 'False'
[0.212s] Level 5:colcon.colcon_core.verb:set package 'bumperbot_cpp_examples' build argument 'cmake_clean_first' from command line to 'False'
[0.212s] Level 5:colcon.colcon_core.verb:set package 'bumperbot_cpp_examples' build argument 'cmake_force_configure' from command line to 'False'
[0.212s] Level 5:colcon.colcon_core.verb:set package 'bumperbot_cpp_examples' build argument 'ament_cmake_args' from command line to 'None'
[0.212s] Level 5:colcon.colcon_core.verb:set package 'bumperbot_cpp_examples' build argument 'catkin_cmake_args' from command line to 'None'
[0.212s] Level 5:colcon.colcon_core.verb:set package 'bumperbot_cpp_examples' build argument 'catkin_skip_building_tests' from command line to 'False'
[0.212s] DEBUG:colcon.colcon_core.verb:Building package 'bumperbot_cpp_examples' with the following arguments: {'ament_cmake_args': None, 'build_base': '/home/sourav/ROS2-Self-Driving-Robot/control/bumperbot_ws/build/bumperbot_cpp_examples', 'catkin_cmake_args': None, 'catkin_skip_building_tests': False, 'cmake_args': None, 'cmake_clean_cache': False, 'cmake_clean_first': False, 'cmake_force_configure': False, 'cmake_target': None, 'cmake_target_skip_unavailable': False, 'install_base': '/home/sourav/ROS2-Self-Driving-Robot/control/bumperbot_ws/install/bumperbot_cpp_examples', 'merge_install': False, 'path': '/home/sourav/ROS2-Self-Driving-Robot/control/bumperbot_ws/src/bumperbot_cpp_examples', 'symlink_install': False, 'test_result_base': None}
[0.212s] Level 5:colcon.colcon_core.verb:set package 'bumperbot_py_examples' build argument 'cmake_args' from command line to 'None'
[0.212s] Level 5:colcon.colcon_core.verb:set package 'bumperbot_py_examples' build argument 'cmake_target' from command line to 'None'
[0.212s] Level 5:colcon.colcon_core.verb:set package 'bumperbot_py_examples' build argument 'cmake_target_skip_unavailable' from command line to 'False'
[0.212s] Level 5:colcon.colcon_core.verb:set package 'bumperbot_py_examples' build argument 'cmake_clean_cache' from command line to 'False'
[0.212s] Level 5:colcon.colcon_core.verb:set package 'bumperbot_py_examples' build argument 'cmake_clean_first' from command line to 'False'
[0.212s] Level 5:colcon.colcon_core.verb:set package 'bumperbot_py_examples' build argument 'cmake_force_configure' from command line to 'False'
[0.212s] Level 5:colcon.colcon_core.verb:set package 'bumperbot_py_examples' build argument 'ament_cmake_args' from command line to 'None'
[0.212s] Level 5:colcon.colcon_core.verb:set package 'bumperbot_py_examples' build argument 'catkin_cmake_args' from command line to 'None'
[0.212s] Level 5:colcon.colcon_core.verb:set package 'bumperbot_py_examples' build argument 'catkin_skip_building_tests' from command line to 'False'
[0.212s] DEBUG:colcon.colcon_core.verb:Building package 'bumperbot_py_examples' with the following arguments: {'ament_cmake_args': None, 'build_base': '/home/sourav/ROS2-Self-Driving-Robot/control/bumperbot_ws/build/bumperbot_py_examples', 'catkin_cmake_args': None, 'catkin_skip_building_tests': False, 'cmake_args': None, 'cmake_clean_cache': False, 'cmake_clean_first': False, 'cmake_force_configure': False, 'cmake_target': None, 'cmake_target_skip_unavailable': False, 'install_base': '/home/sourav/ROS2-Self-Driving-Robot/control/bumperbot_ws/install/bumperbot_py_examples', 'merge_install': False, 'path': '/home/sourav/ROS2-Self-Driving-Robot/control/bumperbot_ws/src/bumperbot_py_examples', 'symlink_install': False, 'test_result_base': None}
[0.212s] Level 5:colcon.colcon_core.verb:set package 'imu_tools' build argument 'cmake_args' from command line to 'None'
[0.212s] Level 5:colcon.colcon_core.verb:set package 'imu_tools' build argument 'cmake_target' from command line to 'None'
[0.212s] Level 5:colcon.colcon_core.verb:set package 'imu_tools' build argument 'cmake_target_skip_unavailable' from command line to 'False'
[0.212s] Level 5:colcon.colcon_core.verb:set package 'imu_tools' build argument 'cmake_clean_cache' from command line to 'False'
[0.212s] Level 5:colcon.colcon_core.verb:set package 'imu_tools' build argument 'cmake_clean_first' from command line to 'False'
[0.212s] Level 5:colcon.colcon_core.verb:set package 'imu_tools' build argument 'cmake_force_configure' from command line to 'False'
[0.212s] Level 5:colcon.colcon_core.verb:set package 'imu_tools' build argument 'ament_cmake_args' from command line to 'None'
[0.212s] Level 5:colcon.colcon_core.verb:set package 'imu_tools' build argument 'catkin_cmake_args' from command line to 'None'
[0.212s] Level 5:colcon.colcon_core.verb:set package 'imu_tools' build argument 'catkin_skip_building_tests' from command line to 'False'
[0.212s] DEBUG:colcon.colcon_core.verb:Building package 'imu_tools' with the following arguments: {'ament_cmake_args': None, 'build_base': '/home/sourav/ROS2-Self-Driving-Robot/control/bumperbot_ws/build/imu_tools', 'catkin_cmake_args': None, 'catkin_skip_building_tests': False, 'cmake_args': None, 'cmake_clean_cache': False, 'cmake_clean_first': False, 'cmake_force_configure': False, 'cmake_target': None, 'cmake_target_skip_unavailable': False, 'install_base': '/home/sourav/ROS2-Self-Driving-Robot/control/bumperbot_ws/install/imu_tools', 'merge_install': False, 'path': '/home/sourav/ROS2-Self-Driving-Robot/control/bumperbot_ws/src/imu_tools/imu_tools', 'symlink_install': False, 'test_result_base': None}
[0.212s] INFO:colcon.colcon_core.executor:Executing jobs using 'parallel' executor
[0.213s] DEBUG:colcon.colcon_parallel_executor.executor.parallel:run_until_complete
[0.213s] INFO:colcon.colcon_ros.task.ament_cmake.build:Building ROS package in '/home/sourav/ROS2-Self-Driving-Robot/control/bumperbot_ws/src/bumperbot_msgs' with build type 'ament_cmake'
[0.214s] INFO:colcon.colcon_cmake.task.cmake.build:Building CMake package in '/home/sourav/ROS2-Self-Driving-Robot/control/bumperbot_ws/src/bumperbot_msgs'
[0.215s] INFO:colcon.colcon_core.plugin_system:Skipping extension 'colcon_core.shell.bat': Not used on non-Windows systems
[0.215s] INFO:colcon.colcon_core.shell:Skip shell extension 'powershell' for command environment: Not usable outside of PowerShell
[0.215s] DEBUG:colcon.colcon_core.shell:Skip shell extension 'dsv' for command environment
[0.217s] INFO:colcon.colcon_ros.task.ament_cmake.build:Building ROS package in '/home/sourav/ROS2-Self-Driving-Robot/control/bumperbot_ws/src/imu_tools/imu_complementary_filter' with build type 'ament_cmake'
[0.217s] INFO:colcon.colcon_cmake.task.cmake.build:Building CMake package in '/home/sourav/ROS2-Self-Driving-Robot/control/bumperbot_ws/src/imu_tools/imu_complementary_filter'
[0.217s] INFO:colcon.colcon_core.shell:Skip shell extension 'powershell' for command environment: Not usable outside of PowerShell
[0.217s] DEBUG:colcon.colcon_core.shell:Skip shell extension 'dsv' for command environment
[0.219s] INFO:colcon.colcon_ros.task.ament_cmake.build:Building ROS package in '/home/sourav/ROS2-Self-Driving-Robot/control/bumperbot_ws/src/imu_tools/imu_filter_madgwick' with build type 'ament_cmake'
[0.219s] INFO:colcon.colcon_cmake.task.cmake.build:Building CMake package in '/home/sourav/ROS2-Self-Driving-Robot/control/bumperbot_ws/src/imu_tools/imu_filter_madgwick'
[0.219s] INFO:colcon.colcon_core.shell:Skip shell extension 'powershell' for command environment: Not usable outside of PowerShell
[0.219s] DEBUG:colcon.colcon_core.shell:Skip shell extension 'dsv' for command environment
[0.220s] INFO:colcon.colcon_ros.task.ament_cmake.build:Building ROS package in '/home/sourav/ROS2-Self-Driving-Robot/control/bumperbot_ws/src/imu_tools/rviz_imu_plugin' with build type 'ament_cmake'
[0.220s] INFO:colcon.colcon_cmake.task.cmake.build:Building CMake package in '/home/sourav/ROS2-Self-Driving-Robot/control/bumperbot_ws/src/imu_tools/rviz_imu_plugin'
[0.220s] INFO:colcon.colcon_core.shell:Skip shell extension 'powershell' for command environment: Not usable outside of PowerShell
[0.220s] DEBUG:colcon.colcon_core.shell:Skip shell extension 'dsv' for command environment
[0.222s] INFO:colcon.colcon_ros.task.ament_cmake.build:Building ROS package in '/home/sourav/ROS2-Self-Driving-Robot/control/bumperbot_ws/src/bumperbot_bringup' with build type 'ament_cmake'
[0.222s] INFO:colcon.colcon_cmake.task.cmake.build:Building CMake package in '/home/sourav/ROS2-Self-Driving-Robot/control/bumperbot_ws/src/bumperbot_bringup'
[0.222s] INFO:colcon.colcon_core.shell:Skip shell extension 'powershell' for command environment: Not usable outside of PowerShell
[0.222s] DEBUG:colcon.colcon_core.shell:Skip shell extension 'dsv' for command environment
[0.224s] INFO:colcon.colcon_ros.task.ament_cmake.build:Building ROS package in '/home/sourav/ROS2-Self-Driving-Robot/control/bumperbot_ws/src/bumperbot_controller' with build type 'ament_cmake'
[0.224s] INFO:colcon.colcon_cmake.task.cmake.build:Building CMake package in '/home/sourav/ROS2-Self-Driving-Robot/control/bumperbot_ws/src/bumperbot_controller'
[0.224s] INFO:colcon.colcon_core.shell:Skip shell extension 'powershell' for command environment: Not usable outside of PowerShell
[0.224s] DEBUG:colcon.colcon_core.shell:Skip shell extension 'dsv' for command environment
[0.225s] INFO:colcon.colcon_ros.task.ament_cmake.build:Building ROS package in '/home/sourav/ROS2-Self-Driving-Robot/control/bumperbot_ws/src/bumperbot_description' with build type 'ament_cmake'
[0.225s] INFO:colcon.colcon_cmake.task.cmake.build:Building CMake package in '/home/sourav/ROS2-Self-Driving-Robot/control/bumperbot_ws/src/bumperbot_description'
[0.225s] INFO:colcon.colcon_core.shell:Skip shell extension 'powershell' for command environment: Not usable outside of PowerShell
[0.225s] DEBUG:colcon.colcon_core.shell:Skip shell extension 'dsv' for command environment
[0.227s] INFO:colcon.colcon_ros.task.ament_cmake.build:Building ROS package in '/home/sourav/ROS2-Self-Driving-Robot/control/bumperbot_ws/src/bumperbot_firmware' with build type 'ament_cmake'
[0.227s] INFO:colcon.colcon_cmake.task.cmake.build:Building CMake package in '/home/sourav/ROS2-Self-Driving-Robot/control/bumperbot_ws/src/bumperbot_firmware'
[0.227s] INFO:colcon.colcon_core.shell:Skip shell extension 'powershell' for command environment: Not usable outside of PowerShell
[0.227s] DEBUG:colcon.colcon_core.shell:Skip shell extension 'dsv' for command environment
[0.229s] INFO:colcon.colcon_ros.task.ament_cmake.build:Building ROS package in '/home/sourav/ROS2-Self-Driving-Robot/control/bumperbot_ws/src/bumperbot_localization' with build type 'ament_cmake'
[0.229s] INFO:colcon.colcon_cmake.task.cmake.build:Building CMake package in '/home/sourav/ROS2-Self-Driving-Robot/control/bumperbot_ws/src/bumperbot_localization'
[0.229s] INFO:colcon.colcon_core.shell:Skip shell extension 'powershell' for command environment: Not usable outside of PowerShell
[0.229s] DEBUG:colcon.colcon_core.shell:Skip shell extension 'dsv' for command environment
[0.231s] INFO:colcon.colcon_ros.task.ament_cmake.build:Building ROS package in '/home/sourav/ROS2-Self-Driving-Robot/control/bumperbot_ws/src/bumperbot_utils' with build type 'ament_cmake'
[0.231s] INFO:colcon.colcon_cmake.task.cmake.build:Building CMake package in '/home/sourav/ROS2-Self-Driving-Robot/control/bumperbot_ws/src/bumperbot_utils'
[0.231s] INFO:colcon.colcon_core.shell:Skip shell extension 'powershell' for command environment: Not usable outside of PowerShell
[0.231s] DEBUG:colcon.colcon_core.shell:Skip shell extension 'dsv' for command environment
[0.236s] DEBUG:colcon.colcon_core.event_handler.log_command:Invoking command in '/home/sourav/ROS2-Self-Driving-Robot/control/bumperbot_ws/build/bumperbot_msgs': CMAKE_PREFIX_PATH=/opt/ros/humble /usr/bin/cmake --build /home/sourav/ROS2-Self-Driving-Robot/control/bumperbot_ws/build/bumperbot_msgs -- -j16 -l16
[0.238s] DEBUG:colcon.colcon_core.event_handler.log_command:Invoking command in '/home/sourav/ROS2-Self-Driving-Robot/control/bumperbot_ws/build/imu_complementary_filter': CMAKE_PREFIX_PATH=/opt/ros/humble /usr/bin/cmake --build /home/sourav/ROS2-Self-Driving-Robot/control/bumperbot_ws/build/imu_complementary_filter -- -j16 -l16
[0.239s] DEBUG:colcon.colcon_core.event_handler.log_command:Invoking command in '/home/sourav/ROS2-Self-Driving-Robot/control/bumperbot_ws/build/imu_filter_madgwick': CMAKE_PREFIX_PATH=/opt/ros/humble /usr/bin/cmake --build /home/sourav/ROS2-Self-Driving-Robot/control/bumperbot_ws/build/imu_filter_madgwick -- -j16 -l16
[0.241s] DEBUG:colcon.colcon_core.event_handler.log_command:Invoking command in '/home/sourav/ROS2-Self-Driving-Robot/control/bumperbot_ws/build/rviz_imu_plugin': CMAKE_PREFIX_PATH=/opt/ros/humble /usr/bin/cmake --build /home/sourav/ROS2-Self-Driving-Robot/control/bumperbot_ws/build/rviz_imu_plugin -- -j16 -l16
[0.244s] DEBUG:colcon.colcon_core.event_handler.log_command:Invoking command in '/home/sourav/ROS2-Self-Driving-Robot/control/bumperbot_ws/build/bumperbot_bringup': CMAKE_PREFIX_PATH=/opt/ros/humble /usr/bin/cmake --build /home/sourav/ROS2-Self-Driving-Robot/control/bumperbot_ws/build/bumperbot_bringup -- -j16 -l16
[0.246s] DEBUG:colcon.colcon_core.event_handler.log_command:Invoking command in '/home/sourav/ROS2-Self-Driving-Robot/control/bumperbot_ws/build/bumperbot_controller': CMAKE_PREFIX_PATH=/opt/ros/humble /usr/bin/cmake --build /home/sourav/ROS2-Self-Driving-Robot/control/bumperbot_ws/build/bumperbot_controller -- -j16 -l16
[0.248s] DEBUG:colcon.colcon_core.event_handler.log_command:Invoking command in '/home/sourav/ROS2-Self-Driving-Robot/control/bumperbot_ws/build/bumperbot_description': CMAKE_PREFIX_PATH=/opt/ros/humble /usr/bin/cmake --build /home/sourav/ROS2-Self-Driving-Robot/control/bumperbot_ws/build/bumperbot_description -- -j16 -l16
[0.251s] DEBUG:colcon.colcon_core.event_handler.log_command:Invoking command in '/home/sourav/ROS2-Self-Driving-Robot/control/bumperbot_ws/build/bumperbot_firmware': CMAKE_PREFIX_PATH=/opt/ros/humble /usr/bin/cmake --build /home/sourav/ROS2-Self-Driving-Robot/control/bumperbot_ws/build/bumperbot_firmware -- -j16 -l16
[0.255s] DEBUG:colcon.colcon_core.event_handler.log_command:Invoking command in '/home/sourav/ROS2-Self-Driving-Robot/control/bumperbot_ws/build/bumperbot_localization': CMAKE_PREFIX_PATH=/opt/ros/humble /usr/bin/cmake --build /home/sourav/ROS2-Self-Driving-Robot/control/bumperbot_ws/build/bumperbot_localization -- -j16 -l16
[0.262s] DEBUG:colcon.colcon_core.event_handler.log_command:Invoking command in '/home/sourav/ROS2-Self-Driving-Robot/control/bumperbot_ws/build/bumperbot_utils': CMAKE_PREFIX_PATH=/opt/ros/humble /usr/bin/cmake --build /home/sourav/ROS2-Self-Driving-Robot/control/bumperbot_ws/build/bumperbot_utils -- -j16 -l16
[0.278s] DEBUG:colcon.colcon_core.event_handler.log_command:Invoked command in '/home/sourav/ROS2-Self-Driving-Robot/control/bumperbot_ws/build/bumperbot_bringup' returned '0': CMAKE_PREFIX_PATH=/opt/ros/humble /usr/bin/cmake --build /home/sourav/ROS2-Self-Driving-Robot/control/bumperbot_ws/build/bumperbot_bringup -- -j16 -l16
[0.291s] DEBUG:colcon.colcon_core.event_handler.log_command:Invoking command in '/home/sourav/ROS2-Self-Driving-Robot/control/bumperbot_ws/build/bumperbot_bringup': CMAKE_PREFIX_PATH=/opt/ros/humble /usr/bin/cmake --install /home/sourav/ROS2-Self-Driving-Robot/control/bumperbot_ws/build/bumperbot_bringup
[0.296s] DEBUG:colcon.colcon_core.event_handler.log_command:Invoked command in '/home/sourav/ROS2-Self-Driving-Robot/control/bumperbot_ws/build/bumperbot_description' returned '0': CMAKE_PREFIX_PATH=/opt/ros/humble /usr/bin/cmake --build /home/sourav/ROS2-Self-Driving-Robot/control/bumperbot_ws/build/bumperbot_description -- -j16 -l16
[0.296s] DEBUG:colcon.colcon_core.event_handler.log_command:Invoking command in '/home/sourav/ROS2-Self-Driving-Robot/control/bumperbot_ws/build/bumperbot_description': CMAKE_PREFIX_PATH=/opt/ros/humble /usr/bin/cmake --install /home/sourav/ROS2-Self-Driving-Robot/control/bumperbot_ws/build/bumperbot_description
[0.300s] Level 1:colcon.colcon_core.environment:create_environment_scripts_only(bumperbot_bringup)
[0.301s] DEBUG:colcon.colcon_core.event_handler.log_command:Invoked command in '/home/sourav/ROS2-Self-Driving-Robot/control/bumperbot_ws/build/bumperbot_bringup' returned '0': CMAKE_PREFIX_PATH=/opt/ros/humble /usr/bin/cmake --install /home/sourav/ROS2-Self-Driving-Robot/control/bumperbot_ws/build/bumperbot_bringup
[0.305s] Level 1:colcon.colcon_core.environment:checking '/home/sourav/ROS2-Self-Driving-Robot/control/bumperbot_ws/install/bumperbot_bringup' for CMake module files
[0.306s] Level 1:colcon.colcon_core.environment:checking '/home/sourav/ROS2-Self-Driving-Robot/control/bumperbot_ws/install/bumperbot_bringup' for CMake config files
[0.306s] Level 1:colcon.colcon_core.shell:create_environment_hook('bumperbot_bringup', 'cmake_prefix_path')
[0.307s] INFO:colcon.colcon_core.shell:Creating environment hook '/home/sourav/ROS2-Self-Driving-Robot/control/bumperbot_ws/install/bumperbot_bringup/share/bumperbot_bringup/hook/cmake_prefix_path.ps1'
[0.308s] INFO:colcon.colcon_core.shell:Creating environment descriptor '/home/sourav/ROS2-Self-Driving-Robot/control/bumperbot_ws/install/bumperbot_bringup/share/bumperbot_bringup/hook/cmake_prefix_path.dsv'
[0.311s] INFO:colcon.colcon_core.shell:Creating environment hook '/home/sourav/ROS2-Self-Driving-Robot/control/bumperbot_ws/install/bumperbot_bringup/share/bumperbot_bringup/hook/cmake_prefix_path.sh'
[0.317s] Level 1:colcon.colcon_core.environment:checking '/home/sourav/ROS2-Self-Driving-Robot/control/bumperbot_ws/install/bumperbot_bringup/bin'
[0.317s] Level 1:colcon.colcon_core.environment:checking '/home/sourav/ROS2-Self-Driving-Robot/control/bumperbot_ws/install/bumperbot_bringup/lib/pkgconfig/bumperbot_bringup.pc'
[0.318s] Level 1:colcon.colcon_core.environment:checking '/home/sourav/ROS2-Self-Driving-Robot/control/bumperbot_ws/install/bumperbot_bringup/lib/python3.10/site-packages'
[0.318s] Level 1:colcon.colcon_core.environment:checking '/home/sourav/ROS2-Self-Driving-Robot/control/bumperbot_ws/install/bumperbot_bringup/bin'
[0.318s] INFO:colcon.colcon_core.shell:Creating package script '/home/sourav/ROS2-Self-Driving-Robot/control/bumperbot_ws/install/bumperbot_bringup/share/bumperbot_bringup/package.ps1'
[0.320s] INFO:colcon.colcon_core.shell:Creating package descriptor '/home/sourav/ROS2-Self-Driving-Robot/control/bumperbot_ws/install/bumperbot_bringup/share/bumperbot_bringup/package.dsv'
[0.322s] INFO:colcon.colcon_core.shell:Creating package script '/home/sourav/ROS2-Self-Driving-Robot/control/bumperbot_ws/install/bumperbot_bringup/share/bumperbot_bringup/package.sh'
[0.323s] INFO:colcon.colcon_core.shell:Creating package script '/home/sourav/ROS2-Self-Driving-Robot/control/bumperbot_ws/install/bumperbot_bringup/share/bumperbot_bringup/package.bash'
[0.325s] INFO:colcon.colcon_core.shell:Creating package script '/home/sourav/ROS2-Self-Driving-Robot/control/bumperbot_ws/install/bumperbot_bringup/share/bumperbot_bringup/package.zsh'
[0.326s] Level 1:colcon.colcon_core.environment:create_file_with_runtime_dependencies(/home/sourav/ROS2-Self-Driving-Robot/control/bumperbot_ws/install/bumperbot_bringup/share/colcon-core/packages/bumperbot_bringup)
[0.327s] Level 1:colcon.colcon_core.environment:create_environment_scripts_only(bumperbot_bringup)
[0.327s] Level 1:colcon.colcon_core.environment:checking '/home/sourav/ROS2-Self-Driving-Robot/control/bumperbot_ws/install/bumperbot_bringup' for CMake module files
[0.327s] Level 1:colcon.colcon_core.environment:checking '/home/sourav/ROS2-Self-Driving-Robot/control/bumperbot_ws/install/bumperbot_bringup' for CMake config files
[0.327s] Level 1:colcon.colcon_core.shell:create_environment_hook('bumperbot_bringup', 'cmake_prefix_path')
[0.328s] INFO:colcon.colcon_core.shell:Creating environment hook '/home/sourav/ROS2-Self-Driving-Robot/control/bumperbot_ws/install/bumperbot_bringup/share/bumperbot_bringup/hook/cmake_prefix_path.ps1'
[0.328s] INFO:colcon.colcon_core.shell:Creating environment descriptor '/home/sourav/ROS2-Self-Driving-Robot/control/bumperbot_ws/install/bumperbot_bringup/share/bumperbot_bringup/hook/cmake_prefix_path.dsv'
[0.329s] INFO:colcon.colcon_core.shell:Creating environment hook '/home/sourav/ROS2-Self-Driving-Robot/control/bumperbot_ws/install/bumperbot_bringup/share/bumperbot_bringup/hook/cmake_prefix_path.sh'
[0.329s] Level 1:colcon.colcon_core.environment:checking '/home/sourav/ROS2-Self-Driving-Robot/control/bumperbot_ws/install/bumperbot_bringup/bin'
[0.329s] Level 1:colcon.colcon_core.environment:checking '/home/sourav/ROS2-Self-Driving-Robot/control/bumperbot_ws/install/bumperbot_bringup/lib/pkgconfig/bumperbot_bringup.pc'
[0.329s] Level 1:colcon.colcon_core.environment:checking '/home/sourav/ROS2-Self-Driving-Robot/control/bumperbot_ws/install/bumperbot_bringup/lib/python3.10/site-packages'
[0.330s] Level 1:colcon.colcon_core.environment:checking '/home/sourav/ROS2-Self-Driving-Robot/control/bumperbot_ws/install/bumperbot_bringup/bin'
[0.330s] INFO:colcon.colcon_core.shell:Creating package script '/home/sourav/ROS2-Self-Driving-Robot/control/bumperbot_ws/install/bumperbot_bringup/share/bumperbot_bringup/package.ps1'
[0.330s] INFO:colcon.colcon_core.shell:Creating package descriptor '/home/sourav/ROS2-Self-Driving-Robot/control/bumperbot_ws/install/bumperbot_bringup/share/bumperbot_bringup/package.dsv'
[0.331s] INFO:colcon.colcon_core.shell:Creating package script '/home/sourav/ROS2-Self-Driving-Robot/control/bumperbot_ws/install/bumperbot_bringup/share/bumperbot_bringup/package.sh'
[0.331s] INFO:colcon.colcon_core.shell:Creating package script '/home/sourav/ROS2-Self-Driving-Robot/control/bumperbot_ws/install/bumperbot_bringup/share/bumperbot_bringup/package.bash'
[0.331s] INFO:colcon.colcon_core.shell:Creating package script '/home/sourav/ROS2-Self-Driving-Robot/control/bumperbot_ws/install/bumperbot_bringup/share/bumperbot_bringup/package.zsh'
[0.332s] Level 1:colcon.colcon_core.environment:create_file_with_runtime_dependencies(/home/sourav/ROS2-Self-Driving-Robot/control/bumperbot_ws/install/bumperbot_bringup/share/colcon-core/packages/bumperbot_bringup)
[0.333s] Level 1:colcon.colcon_core.environment:create_environment_scripts_only(bumperbot_description)
[0.333s] Level 1:colcon.colcon_core.environment:checking '/home/sourav/ROS2-Self-Driving-Robot/control/bumperbot_ws/install/bumperbot_description' for CMake module files
[0.334s] DEBUG:colcon.colcon_core.event_handler.log_command:Invoked command in '/home/sourav/ROS2-Self-Driving-Robot/control/bumperbot_ws/build/bumperbot_description' returned '0': CMAKE_PREFIX_PATH=/opt/ros/humble /usr/bin/cmake --install /home/sourav/ROS2-Self-Driving-Robot/control/bumperbot_ws/build/bumperbot_description
[0.334s] Level 1:colcon.colcon_core.environment:checking '/home/sourav/ROS2-Self-Driving-Robot/control/bumperbot_ws/install/bumperbot_description' for CMake config files
[0.334s] Level 1:colcon.colcon_core.shell:create_environment_hook('bumperbot_description', 'cmake_prefix_path')
[0.334s] INFO:colcon.colcon_core.shell:Creating environment hook '/home/sourav/ROS2-Self-Driving-Robot/control/bumperbot_ws/install/bumperbot_description/share/bumperbot_description/hook/cmake_prefix_path.ps1'
[0.335s] INFO:colcon.colcon_core.shell:Creating environment descriptor '/home/sourav/ROS2-Self-Driving-Robot/control/bumperbot_ws/install/bumperbot_description/share/bumperbot_description/hook/cmake_prefix_path.dsv'
[0.335s] INFO:colcon.colcon_core.shell:Creating environment hook '/home/sourav/ROS2-Self-Driving-Robot/control/bumperbot_ws/install/bumperbot_description/share/bumperbot_description/hook/cmake_prefix_path.sh'
[0.336s] Level 1:colcon.colcon_core.environment:checking '/home/sourav/ROS2-Self-Driving-Robot/control/bumperbot_ws/install/bumperbot_description/bin'
[0.336s] Level 1:colcon.colcon_core.environment:checking '/home/sourav/ROS2-Self-Driving-Robot/control/bumperbot_ws/install/bumperbot_description/lib/pkgconfig/bumperbot_description.pc'
[0.336s] Level 1:colcon.colcon_core.environment:checking '/home/sourav/ROS2-Self-Driving-Robot/control/bumperbot_ws/install/bumperbot_description/lib/python3.10/site-packages'
[0.336s] Level 1:colcon.colcon_core.environment:checking '/home/sourav/ROS2-Self-Driving-Robot/control/bumperbot_ws/install/bumperbot_description/bin'
[0.336s] INFO:colcon.colcon_core.shell:Creating package script '/home/sourav/ROS2-Self-Driving-Robot/control/bumperbot_ws/install/bumperbot_description/share/bumperbot_description/package.ps1'
[0.337s] INFO:colcon.colcon_core.shell:Creating package descriptor '/home/sourav/ROS2-Self-Driving-Robot/control/bumperbot_ws/install/bumperbot_description/share/bumperbot_description/package.dsv'
[0.337s] INFO:colcon.colcon_core.shell:Creating package script '/home/sourav/ROS2-Self-Driving-Robot/control/bumperbot_ws/install/bumperbot_description/share/bumperbot_description/package.sh'
[0.337s] INFO:colcon.colcon_core.shell:Creating package script '/home/sourav/ROS2-Self-Driving-Robot/control/bumperbot_ws/install/bumperbot_description/share/bumperbot_description/package.bash'
[0.337s] INFO:colcon.colcon_core.shell:Creating package script '/home/sourav/ROS2-Self-Driving-Robot/control/bumperbot_ws/install/bumperbot_description/share/bumperbot_description/package.zsh'
[0.338s] Level 1:colcon.colcon_core.environment:create_file_with_runtime_dependencies(/home/sourav/ROS2-Self-Driving-Robot/control/bumperbot_ws/install/bumperbot_description/share/colcon-core/packages/bumperbot_description)
[0.338s] Level 1:colcon.colcon_core.environment:create_environment_scripts_only(bumperbot_description)
[0.338s] Level 1:colcon.colcon_core.environment:checking '/home/sourav/ROS2-Self-Driving-Robot/control/bumperbot_ws/install/bumperbot_description' for CMake module files
[0.339s] Level 1:colcon.colcon_core.environment:checking '/home/sourav/ROS2-Self-Driving-Robot/control/bumperbot_ws/install/bumperbot_description' for CMake config files
[0.339s] Level 1:colcon.colcon_core.shell:create_environment_hook('bumperbot_description', 'cmake_prefix_path')
[0.339s] INFO:colcon.colcon_core.shell:Creating environment hook '/home/sourav/ROS2-Self-Driving-Robot/control/bumperbot_ws/install/bumperbot_description/share/bumperbot_description/hook/cmake_prefix_path.ps1'
[0.339s] INFO:colcon.colcon_core.shell:Creating environment descriptor '/home/sourav/ROS2-Self-Driving-Robot/control/bumperbot_ws/install/bumperbot_description/share/bumperbot_description/hook/cmake_prefix_path.dsv'
[0.340s] INFO:colcon.colcon_core.shell:Creating environment hook '/home/sourav/ROS2-Self-Driving-Robot/control/bumperbot_ws/install/bumperbot_description/share/bumperbot_description/hook/cmake_prefix_path.sh'
[0.340s] Level 1:colcon.colcon_core.environment:checking '/home/sourav/ROS2-Self-Driving-Robot/control/bumperbot_ws/install/bumperbot_description/bin'
[0.340s] Level 1:colcon.colcon_core.environment:checking '/home/sourav/ROS2-Self-Driving-Robot/control/bumperbot_ws/install/bumperbot_description/lib/pkgconfig/bumperbot_description.pc'
[0.340s] Level 1:colcon.colcon_core.environment:checking '/home/sourav/ROS2-Self-Driving-Robot/control/bumperbot_ws/install/bumperbot_description/lib/python3.10/site-packages'
[0.341s] Level 1:colcon.colcon_core.environment:checking '/home/sourav/ROS2-Self-Driving-Robot/control/bumperbot_ws/install/bumperbot_description/bin'
[0.341s] INFO:colcon.colcon_core.shell:Creating package script '/home/sourav/ROS2-Self-Driving-Robot/control/bumperbot_ws/install/bumperbot_description/share/bumperbot_description/package.ps1'
[0.341s] INFO:colcon.colcon_core.shell:Creating package descriptor '/home/sourav/ROS2-Self-Driving-Robot/control/bumperbot_ws/install/bumperbot_description/share/bumperbot_description/package.dsv'
[0.341s] INFO:colcon.colcon_core.shell:Creating package script '/home/sourav/ROS2-Self-Driving-Robot/control/bumperbot_ws/install/bumperbot_description/share/bumperbot_description/package.sh'
[0.342s] INFO:colcon.colcon_core.shell:Creating package script '/home/sourav/ROS2-Self-Driving-Robot/control/bumperbot_ws/install/bumperbot_description/share/bumperbot_description/package.bash'
[0.342s] INFO:colcon.colcon_core.shell:Creating package script '/home/sourav/ROS2-Self-Driving-Robot/control/bumperbot_ws/install/bumperbot_description/share/bumperbot_description/package.zsh'
[0.342s] Level 1:colcon.colcon_core.environment:create_file_with_runtime_dependencies(/home/sourav/ROS2-Self-Driving-Robot/control/bumperbot_ws/install/bumperbot_description/share/colcon-core/packages/bumperbot_description)
[0.343s] DEBUG:colcon.colcon_core.event_handler.log_command:Invoked command in '/home/sourav/ROS2-Self-Driving-Robot/control/bumperbot_ws/build/imu_complementary_filter' returned '0': CMAKE_PREFIX_PATH=/opt/ros/humble /usr/bin/cmake --build /home/sourav/ROS2-Self-Driving-Robot/control/bumperbot_ws/build/imu_complementary_filter -- -j16 -l16
[0.346s] DEBUG:colcon.colcon_core.event_handler.log_command:Invoking command in '/home/sourav/ROS2-Self-Driving-Robot/control/bumperbot_ws/build/imu_complementary_filter': CMAKE_PREFIX_PATH=/opt/ros/humble /usr/bin/cmake --install /home/sourav/ROS2-Self-Driving-Robot/control/bumperbot_ws/build/imu_complementary_filter
[0.347s] DEBUG:colcon.colcon_core.event_handler.log_command:Invoked command in '/home/sourav/ROS2-Self-Driving-Robot/control/bumperbot_ws/build/imu_filter_madgwick' returned '0': CMAKE_PREFIX_PATH=/opt/ros/humble /usr/bin/cmake --build /home/sourav/ROS2-Self-Driving-Robot/control/bumperbot_ws/build/imu_filter_madgwick -- -j16 -l16
[0.349s] DEBUG:colcon.colcon_core.event_handler.log_command:Invoking command in '/home/sourav/ROS2-Self-Driving-Robot/control/bumperbot_ws/build/imu_filter_madgwick': CMAKE_PREFIX_PATH=/opt/ros/humble /usr/bin/cmake --install /home/sourav/ROS2-Self-Driving-Robot/control/bumperbot_ws/build/imu_filter_madgwick
[0.353s] Level 1:colcon.colcon_core.environment:create_environment_scripts_only(imu_complementary_filter)
[0.353s] Level 1:colcon.colcon_core.environment:checking '/home/sourav/ROS2-Self-Driving-Robot/control/bumperbot_ws/install/imu_complementary_filter' for CMake module files
[0.354s] Level 1:colcon.colcon_core.environment:checking '/home/sourav/ROS2-Self-Driving-Robot/control/bumperbot_ws/install/imu_complementary_filter' for CMake config files
[0.354s] Level 1:colcon.colcon_core.shell:create_environment_hook('imu_complementary_filter', 'cmake_prefix_path')
[0.354s] INFO:colcon.colcon_core.shell:Creating environment hook '/home/sourav/ROS2-Self-Driving-Robot/control/bumperbot_ws/install/imu_complementary_filter/share/imu_complementary_filter/hook/cmake_prefix_path.ps1'
[0.355s] INFO:colcon.colcon_core.shell:Creating environment descriptor '/home/sourav/ROS2-Self-Driving-Robot/control/bumperbot_ws/install/imu_complementary_filter/share/imu_complementary_filter/hook/cmake_prefix_path.dsv'
[0.355s] INFO:colcon.colcon_core.shell:Creating environment hook '/home/sourav/ROS2-Self-Driving-Robot/control/bumperbot_ws/install/imu_complementary_filter/share/imu_complementary_filter/hook/cmake_prefix_path.sh'
[0.355s] Level 1:colcon.colcon_core.environment:checking '/home/sourav/ROS2-Self-Driving-Robot/control/bumperbot_ws/install/imu_complementary_filter/lib'
[0.356s] Level 1:colcon.colcon_core.shell:create_environment_hook('imu_complementary_filter', 'ld_library_path_lib')
[0.356s] INFO:colcon.colcon_core.shell:Creating environment hook '/home/sourav/ROS2-Self-Driving-Robot/control/bumperbot_ws/install/imu_complementary_filter/share/imu_complementary_filter/hook/ld_library_path_lib.ps1'
[0.356s] INFO:colcon.colcon_core.shell:Creating environment descriptor '/home/sourav/ROS2-Self-Driving-Robot/control/bumperbot_ws/install/imu_complementary_filter/share/imu_complementary_filter/hook/ld_library_path_lib.dsv'
[0.356s] INFO:colcon.colcon_core.shell:Creating environment hook '/home/sourav/ROS2-Self-Driving-Robot/control/bumperbot_ws/install/imu_complementary_filter/share/imu_complementary_filter/hook/ld_library_path_lib.sh'
[0.357s] Level 1:colcon.colcon_core.environment:checking '/home/sourav/ROS2-Self-Driving-Robot/control/bumperbot_ws/install/imu_complementary_filter/bin'
[0.357s] Level 1:colcon.colcon_core.environment:checking '/home/sourav/ROS2-Self-Driving-Robot/control/bumperbot_ws/install/imu_complementary_filter/lib/pkgconfig/imu_complementary_filter.pc'
[0.357s] Level 1:colcon.colcon_core.environment:checking '/home/sourav/ROS2-Self-Driving-Robot/control/bumperbot_ws/install/imu_complementary_filter/lib/python3.10/site-packages'
[0.357s] Level 1:colcon.colcon_core.environment:checking '/home/sourav/ROS2-Self-Driving-Robot/control/bumperbot_ws/install/imu_complementary_filter/bin'
[0.358s] INFO:colcon.colcon_core.shell:Creating package script '/home/sourav/ROS2-Self-Driving-Robot/control/bumperbot_ws/install/imu_complementary_filter/share/imu_complementary_filter/package.ps1'
[0.358s] INFO:colcon.colcon_core.shell:Creating package descriptor '/home/sourav/ROS2-Self-Driving-Robot/control/bumperbot_ws/install/imu_complementary_filter/share/imu_complementary_filter/package.dsv'
[0.360s] DEBUG:colcon.colcon_core.event_handler.log_command:Invoked command in '/home/sourav/ROS2-Self-Driving-Robot/control/bumperbot_ws/build/imu_complementary_filter' returned '0': CMAKE_PREFIX_PATH=/opt/ros/humble /usr/bin/cmake --install /home/sourav/ROS2-Self-Driving-Robot/control/bumperbot_ws/build/imu_complementary_filter
[0.360s] INFO:colcon.colcon_core.shell:Creating package script '/home/sourav/ROS2-Self-Driving-Robot/control/bumperbot_ws/install/imu_complementary_filter/share/imu_complementary_filter/package.sh'
[0.363s] INFO:colcon.colcon_core.shell:Creating package script '/home/sourav/ROS2-Self-Driving-Robot/control/bumperbot_ws/install/imu_complementary_filter/share/imu_complementary_filter/package.bash'
[0.364s] INFO:colcon.colcon_core.shell:Creating package script '/home/sourav/ROS2-Self-Driving-Robot/control/bumperbot_ws/install/imu_complementary_filter/share/imu_complementary_filter/package.zsh'
[0.366s] Level 1:colcon.colcon_core.environment:create_file_with_runtime_dependencies(/home/sourav/ROS2-Self-Driving-Robot/control/bumperbot_ws/install/imu_complementary_filter/share/colcon-core/packages/imu_complementary_filter)
[0.367s] Level 1:colcon.colcon_core.environment:create_environment_scripts_only(imu_complementary_filter)
[0.367s] Level 1:colcon.colcon_core.environment:checking '/home/sourav/ROS2-Self-Driving-Robot/control/bumperbot_ws/install/imu_complementary_filter' for CMake module files
[0.367s] Level 1:colcon.colcon_core.environment:checking '/home/sourav/ROS2-Self-Driving-Robot/control/bumperbot_ws/install/imu_complementary_filter' for CMake config files
[0.368s] Level 1:colcon.colcon_core.shell:create_environment_hook('imu_complementary_filter', 'cmake_prefix_path')
[0.368s] INFO:colcon.colcon_core.shell:Creating environment hook '/home/sourav/ROS2-Self-Driving-Robot/control/bumperbot_ws/install/imu_complementary_filter/share/imu_complementary_filter/hook/cmake_prefix_path.ps1'
[0.368s] INFO:colcon.colcon_core.shell:Creating environment descriptor '/home/sourav/ROS2-Self-Driving-Robot/control/bumperbot_ws/install/imu_complementary_filter/share/imu_complementary_filter/hook/cmake_prefix_path.dsv'
[0.368s] INFO:colcon.colcon_core.shell:Creating environment hook '/home/sourav/ROS2-Self-Driving-Robot/control/bumperbot_ws/install/imu_complementary_filter/share/imu_complementary_filter/hook/cmake_prefix_path.sh'
[0.369s] Level 1:colcon.colcon_core.environment:checking '/home/sourav/ROS2-Self-Driving-Robot/control/bumperbot_ws/install/imu_complementary_filter/lib'
[0.369s] Level 1:colcon.colcon_core.shell:create_environment_hook('imu_complementary_filter', 'ld_library_path_lib')
[0.369s] INFO:colcon.colcon_core.shell:Creating environment hook '/home/sourav/ROS2-Self-Driving-Robot/control/bumperbot_ws/install/imu_complementary_filter/share/imu_complementary_filter/hook/ld_library_path_lib.ps1'
[0.369s] INFO:colcon.colcon_core.shell:Creating environment descriptor '/home/sourav/ROS2-Self-Driving-Robot/control/bumperbot_ws/install/imu_complementary_filter/share/imu_complementary_filter/hook/ld_library_path_lib.dsv'
[0.369s] INFO:colcon.colcon_core.shell:Creating environment hook '/home/sourav/ROS2-Self-Driving-Robot/control/bumperbot_ws/install/imu_complementary_filter/share/imu_complementary_filter/hook/ld_library_path_lib.sh'
[0.370s] Level 1:colcon.colcon_core.environment:checking '/home/sourav/ROS2-Self-Driving-Robot/control/bumperbot_ws/install/imu_complementary_filter/bin'
[0.370s] Level 1:colcon.colcon_core.environment:checking '/home/sourav/ROS2-Self-Driving-Robot/control/bumperbot_ws/install/imu_complementary_filter/lib/pkgconfig/imu_complementary_filter.pc'
[0.370s] Level 1:colcon.colcon_core.environment:checking '/home/sourav/ROS2-Self-Driving-Robot/control/bumperbot_ws/install/imu_complementary_filter/lib/python3.10/site-packages'
[0.370s] Level 1:colcon.colcon_core.environment:checking '/home/sourav/ROS2-Self-Driving-Robot/control/bumperbot_ws/install/imu_complementary_filter/bin'
[0.370s] INFO:colcon.colcon_core.shell:Creating package script '/home/sourav/ROS2-Self-Driving-Robot/control/bumperbot_ws/install/imu_complementary_filter/share/imu_complementary_filter/package.ps1'
[0.371s] INFO:colcon.colcon_core.shell:Creating package descriptor '/home/sourav/ROS2-Self-Driving-Robot/control/bumperbot_ws/install/imu_complementary_filter/share/imu_complementary_filter/package.dsv'
[0.371s] INFO:colcon.colcon_core.shell:Creating package script '/home/sourav/ROS2-Self-Driving-Robot/control/bumperbot_ws/install/imu_complementary_filter/share/imu_complementary_filter/package.sh'
[0.371s] INFO:colcon.colcon_core.shell:Creating package script '/home/sourav/ROS2-Self-Driving-Robot/control/bumperbot_ws/install/imu_complementary_filter/share/imu_complementary_filter/package.bash'
[0.372s] INFO:colcon.colcon_core.shell:Creating package script '/home/sourav/ROS2-Self-Driving-Robot/control/bumperbot_ws/install/imu_complementary_filter/share/imu_complementary_filter/package.zsh'
[0.372s] Level 1:colcon.colcon_core.environment:create_file_with_runtime_dependencies(/home/sourav/ROS2-Self-Driving-Robot/control/bumperbot_ws/install/imu_complementary_filter/share/colcon-core/packages/imu_complementary_filter)
[0.373s] Level 1:colcon.colcon_core.environment:create_environment_scripts_only(imu_filter_madgwick)
[0.373s] Level 1:colcon.colcon_core.environment:checking '/home/sourav/ROS2-Self-Driving-Robot/control/bumperbot_ws/install/imu_filter_madgwick' for CMake module files
[0.374s] DEBUG:colcon.colcon_core.event_handler.log_command:Invoked command in '/home/sourav/ROS2-Self-Driving-Robot/control/bumperbot_ws/build/imu_filter_madgwick' returned '0': CMAKE_PREFIX_PATH=/opt/ros/humble /usr/bin/cmake --install /home/sourav/ROS2-Self-Driving-Robot/control/bumperbot_ws/build/imu_filter_madgwick
[0.374s] Level 1:colcon.colcon_core.environment:checking '/home/sourav/ROS2-Self-Driving-Robot/control/bumperbot_ws/install/imu_filter_madgwick' for CMake config files
[0.374s] Level 1:colcon.colcon_core.shell:create_environment_hook('imu_filter_madgwick', 'cmake_prefix_path')
[0.375s] INFO:colcon.colcon_core.shell:Creating environment hook '/home/sourav/ROS2-Self-Driving-Robot/control/bumperbot_ws/install/imu_filter_madgwick/share/imu_filter_madgwick/hook/cmake_prefix_path.ps1'
[0.375s] INFO:colcon.colcon_core.shell:Creating environment descriptor '/home/sourav/ROS2-Self-Driving-Robot/control/bumperbot_ws/install/imu_filter_madgwick/share/imu_filter_madgwick/hook/cmake_prefix_path.dsv'
[0.375s] INFO:colcon.colcon_core.shell:Creating environment hook '/home/sourav/ROS2-Self-Driving-Robot/control/bumperbot_ws/install/imu_filter_madgwick/share/imu_filter_madgwick/hook/cmake_prefix_path.sh'
[0.376s] Level 1:colcon.colcon_core.environment:checking '/home/sourav/ROS2-Self-Driving-Robot/control/bumperbot_ws/install/imu_filter_madgwick/lib'
[0.376s] Level 1:colcon.colcon_core.shell:create_environment_hook('imu_filter_madgwick', 'ld_library_path_lib')
[0.376s] INFO:colcon.colcon_core.shell:Creating environment hook '/home/sourav/ROS2-Self-Driving-Robot/control/bumperbot_ws/install/imu_filter_madgwick/share/imu_filter_madgwick/hook/ld_library_path_lib.ps1'
[0.376s] INFO:colcon.colcon_core.shell:Creating environment descriptor '/home/sourav/ROS2-Self-Driving-Robot/control/bumperbot_ws/install/imu_filter_madgwick/share/imu_filter_madgwick/hook/ld_library_path_lib.dsv'
[0.377s] INFO:colcon.colcon_core.shell:Creating environment hook '/home/sourav/ROS2-Self-Driving-Robot/control/bumperbot_ws/install/imu_filter_madgwick/share/imu_filter_madgwick/hook/ld_library_path_lib.sh'
[0.377s] Level 1:colcon.colcon_core.environment:checking '/home/sourav/ROS2-Self-Driving-Robot/control/bumperbot_ws/install/imu_filter_madgwick/bin'
[0.377s] Level 1:colcon.colcon_core.environment:checking '/home/sourav/ROS2-Self-Driving-Robot/control/bumperbot_ws/install/imu_filter_madgwick/lib/pkgconfig/imu_filter_madgwick.pc'
[0.377s] Level 1:colcon.colcon_core.environment:checking '/home/sourav/ROS2-Self-Driving-Robot/control/bumperbot_ws/install/imu_filter_madgwick/lib/python3.10/site-packages'
[0.377s] Level 1:colcon.colcon_core.environment:checking '/home/sourav/ROS2-Self-Driving-Robot/control/bumperbot_ws/install/imu_filter_madgwick/bin'
[0.377s] INFO:colcon.colcon_core.shell:Creating package script '/home/sourav/ROS2-Self-Driving-Robot/control/bumperbot_ws/install/imu_filter_madgwick/share/imu_filter_madgwick/package.ps1'
[0.378s] INFO:colcon.colcon_core.shell:Creating package descriptor '/home/sourav/ROS2-Self-Driving-Robot/control/bumperbot_ws/install/imu_filter_madgwick/share/imu_filter_madgwick/package.dsv'
[0.378s] INFO:colcon.colcon_core.shell:Creating package script '/home/sourav/ROS2-Self-Driving-Robot/control/bumperbot_ws/install/imu_filter_madgwick/share/imu_filter_madgwick/package.sh'
[0.378s] INFO:colcon.colcon_core.shell:Creating package script '/home/sourav/ROS2-Self-Driving-Robot/control/bumperbot_ws/install/imu_filter_madgwick/share/imu_filter_madgwick/package.bash'
[0.379s] INFO:colcon.colcon_core.shell:Creating package script '/home/sourav/ROS2-Self-Driving-Robot/control/bumperbot_ws/install/imu_filter_madgwick/share/imu_filter_madgwick/package.zsh'
[0.379s] Level 1:colcon.colcon_core.environment:create_file_with_runtime_dependencies(/home/sourav/ROS2-Self-Driving-Robot/control/bumperbot_ws/install/imu_filter_madgwick/share/colcon-core/packages/imu_filter_madgwick)
[0.379s] Level 1:colcon.colcon_core.environment:create_environment_scripts_only(imu_filter_madgwick)
[0.379s] Level 1:colcon.colcon_core.environment:checking '/home/sourav/ROS2-Self-Driving-Robot/control/bumperbot_ws/install/imu_filter_madgwick' for CMake module files
[0.380s] Level 1:colcon.colcon_core.environment:checking '/home/sourav/ROS2-Self-Driving-Robot/control/bumperbot_ws/install/imu_filter_madgwick' for CMake config files
[0.380s] Level 1:colcon.colcon_core.shell:create_environment_hook('imu_filter_madgwick', 'cmake_prefix_path')
[0.380s] INFO:colcon.colcon_core.shell:Creating environment hook '/home/sourav/ROS2-Self-Driving-Robot/control/bumperbot_ws/install/imu_filter_madgwick/share/imu_filter_madgwick/hook/cmake_prefix_path.ps1'
[0.381s] INFO:colcon.colcon_core.shell:Creating environment descriptor '/home/sourav/ROS2-Self-Driving-Robot/control/bumperbot_ws/install/imu_filter_madgwick/share/imu_filter_madgwick/hook/cmake_prefix_path.dsv'
[0.381s] INFO:colcon.colcon_core.shell:Creating environment hook '/home/sourav/ROS2-Self-Driving-Robot/control/bumperbot_ws/install/imu_filter_madgwick/share/imu_filter_madgwick/hook/cmake_prefix_path.sh'
[0.381s] Level 1:colcon.colcon_core.environment:checking '/home/sourav/ROS2-Self-Driving-Robot/control/bumperbot_ws/install/imu_filter_madgwick/lib'
[0.381s] Level 1:colcon.colcon_core.shell:create_environment_hook('imu_filter_madgwick', 'ld_library_path_lib')
[0.381s] INFO:colcon.colcon_core.shell:Creating environment hook '/home/sourav/ROS2-Self-Driving-Robot/control/bumperbot_ws/install/imu_filter_madgwick/share/imu_filter_madgwick/hook/ld_library_path_lib.ps1'
[0.382s] INFO:colcon.colcon_core.shell:Creating environment descriptor '/home/sourav/ROS2-Self-Driving-Robot/control/bumperbot_ws/install/imu_filter_madgwick/share/imu_filter_madgwick/hook/ld_library_path_lib.dsv'
[0.382s] INFO:colcon.colcon_core.shell:Creating environment hook '/home/sourav/ROS2-Self-Driving-Robot/control/bumperbot_ws/install/imu_filter_madgwick/share/imu_filter_madgwick/hook/ld_library_path_lib.sh'
[0.382s] Level 1:colcon.colcon_core.environment:checking '/home/sourav/ROS2-Self-Driving-Robot/control/bumperbot_ws/install/imu_filter_madgwick/bin'
[0.382s] Level 1:colcon.colcon_core.environment:checking '/home/sourav/ROS2-Self-Driving-Robot/control/bumperbot_ws/install/imu_filter_madgwick/lib/pkgconfig/imu_filter_madgwick.pc'
[0.382s] Level 1:colcon.colcon_core.environment:checking '/home/sourav/ROS2-Self-Driving-Robot/control/bumperbot_ws/install/imu_filter_madgwick/lib/python3.10/site-packages'
[0.382s] Level 1:colcon.colcon_core.environment:checking '/home/sourav/ROS2-Self-Driving-Robot/control/bumperbot_ws/install/imu_filter_madgwick/bin'
[0.383s] INFO:colcon.colcon_core.shell:Creating package script '/home/sourav/ROS2-Self-Driving-Robot/control/bumperbot_ws/install/imu_filter_madgwick/share/imu_filter_madgwick/package.ps1'
[0.383s] INFO:colcon.colcon_core.shell:Creating package descriptor '/home/sourav/ROS2-Self-Driving-Robot/control/bumperbot_ws/install/imu_filter_madgwick/share/imu_filter_madgwick/package.dsv'
[0.383s] INFO:colcon.colcon_core.shell:Creating package script '/home/sourav/ROS2-Self-Driving-Robot/control/bumperbot_ws/install/imu_filter_madgwick/share/imu_filter_madgwick/package.sh'
[0.384s] INFO:colcon.colcon_core.shell:Creating package script '/home/sourav/ROS2-Self-Driving-Robot/control/bumperbot_ws/install/imu_filter_madgwick/share/imu_filter_madgwick/package.bash'
[0.384s] INFO:colcon.colcon_core.shell:Creating package script '/home/sourav/ROS2-Self-Driving-Robot/control/bumperbot_ws/install/imu_filter_madgwick/share/imu_filter_madgwick/package.zsh'
[0.384s] Level 1:colcon.colcon_core.environment:create_file_with_runtime_dependencies(/home/sourav/ROS2-Self-Driving-Robot/control/bumperbot_ws/install/imu_filter_madgwick/share/colcon-core/packages/imu_filter_madgwick)
[0.387s] DEBUG:colcon.colcon_core.event_handler.log_command:Invoked command in '/home/sourav/ROS2-Self-Driving-Robot/control/bumperbot_ws/build/rviz_imu_plugin' returned '0': CMAKE_PREFIX_PATH=/opt/ros/humble /usr/bin/cmake --build /home/sourav/ROS2-Self-Driving-Robot/control/bumperbot_ws/build/rviz_imu_plugin -- -j16 -l16
[0.387s] DEBUG:colcon.colcon_core.event_handler.log_command:Invoking command in '/home/sourav/ROS2-Self-Driving-Robot/control/bumperbot_ws/build/rviz_imu_plugin': CMAKE_PREFIX_PATH=/opt/ros/humble /usr/bin/cmake --install /home/sourav/ROS2-Self-Driving-Robot/control/bumperbot_ws/build/rviz_imu_plugin
[0.394s] Level 1:colcon.colcon_core.environment:create_environment_scripts_only(rviz_imu_plugin)
[0.394s] Level 1:colcon.colcon_core.environment:checking '/home/sourav/ROS2-Self-Driving-Robot/control/bumperbot_ws/install/rviz_imu_plugin' for CMake module files
[0.395s] DEBUG:colcon.colcon_core.event_handler.log_command:Invoked command in '/home/sourav/ROS2-Self-Driving-Robot/control/bumperbot_ws/build/rviz_imu_plugin' returned '0': CMAKE_PREFIX_PATH=/opt/ros/humble /usr/bin/cmake --install /home/sourav/ROS2-Self-Driving-Robot/control/bumperbot_ws/build/rviz_imu_plugin
[0.395s] Level 1:colcon.colcon_core.environment:checking '/home/sourav/ROS2-Self-Driving-Robot/control/bumperbot_ws/install/rviz_imu_plugin' for CMake config files
[0.395s] Level 1:colcon.colcon_core.shell:create_environment_hook('rviz_imu_plugin', 'cmake_prefix_path')
[0.396s] INFO:colcon.colcon_core.shell:Creating environment hook '/home/sourav/ROS2-Self-Driving-Robot/control/bumperbot_ws/install/rviz_imu_plugin/share/rviz_imu_plugin/hook/cmake_prefix_path.ps1'
[0.397s] INFO:colcon.colcon_core.shell:Creating environment descriptor '/home/sourav/ROS2-Self-Driving-Robot/control/bumperbot_ws/install/rviz_imu_plugin/share/rviz_imu_plugin/hook/cmake_prefix_path.dsv'
[0.397s] INFO:colcon.colcon_core.shell:Creating environment hook '/home/sourav/ROS2-Self-Driving-Robot/control/bumperbot_ws/install/rviz_imu_plugin/share/rviz_imu_plugin/hook/cmake_prefix_path.sh'
[0.398s] Level 1:colcon.colcon_core.environment:checking '/home/sourav/ROS2-Self-Driving-Robot/control/bumperbot_ws/install/rviz_imu_plugin/lib'
[0.398s] Level 1:colcon.colcon_core.shell:create_environment_hook('rviz_imu_plugin', 'ld_library_path_lib')
[0.398s] INFO:colcon.colcon_core.shell:Creating environment hook '/home/sourav/ROS2-Self-Driving-Robot/control/bumperbot_ws/install/rviz_imu_plugin/share/rviz_imu_plugin/hook/ld_library_path_lib.ps1'
[0.399s] INFO:colcon.colcon_core.shell:Creating environment descriptor '/home/sourav/ROS2-Self-Driving-Robot/control/bumperbot_ws/install/rviz_imu_plugin/share/rviz_imu_plugin/hook/ld_library_path_lib.dsv'
[0.399s] INFO:colcon.colcon_core.shell:Creating environment hook '/home/sourav/ROS2-Self-Driving-Robot/control/bumperbot_ws/install/rviz_imu_plugin/share/rviz_imu_plugin/hook/ld_library_path_lib.sh'
[0.400s] Level 1:colcon.colcon_core.environment:checking '/home/sourav/ROS2-Self-Driving-Robot/control/bumperbot_ws/install/rviz_imu_plugin/bin'
[0.400s] Level 1:colcon.colcon_core.environment:checking '/home/sourav/ROS2-Self-Driving-Robot/control/bumperbot_ws/install/rviz_imu_plugin/lib/pkgconfig/rviz_imu_plugin.pc'
[0.400s] Level 1:colcon.colcon_core.environment:checking '/home/sourav/ROS2-Self-Driving-Robot/control/bumperbot_ws/install/rviz_imu_plugin/lib/python3.10/site-packages'
[0.401s] Level 1:colcon.colcon_core.environment:checking '/home/sourav/ROS2-Self-Driving-Robot/control/bumperbot_ws/install/rviz_imu_plugin/bin'
[0.401s] INFO:colcon.colcon_core.shell:Creating package script '/home/sourav/ROS2-Self-Driving-Robot/control/bumperbot_ws/install/rviz_imu_plugin/share/rviz_imu_plugin/package.ps1'
[0.401s] INFO:colcon.colcon_core.shell:Creating package descriptor '/home/sourav/ROS2-Self-Driving-Robot/control/bumperbot_ws/install/rviz_imu_plugin/share/rviz_imu_plugin/package.dsv'
[0.402s] INFO:colcon.colcon_core.shell:Creating package script '/home/sourav/ROS2-Self-Driving-Robot/control/bumperbot_ws/install/rviz_imu_plugin/share/rviz_imu_plugin/package.sh'
[0.402s] INFO:colcon.colcon_core.shell:Creating package script '/home/sourav/ROS2-Self-Driving-Robot/control/bumperbot_ws/install/rviz_imu_plugin/share/rviz_imu_plugin/package.bash'
[0.402s] INFO:colcon.colcon_core.shell:Creating package script '/home/sourav/ROS2-Self-Driving-Robot/control/bumperbot_ws/install/rviz_imu_plugin/share/rviz_imu_plugin/package.zsh'
[0.403s] Level 1:colcon.colcon_core.environment:create_file_with_runtime_dependencies(/home/sourav/ROS2-Self-Driving-Robot/control/bumperbot_ws/install/rviz_imu_plugin/share/colcon-core/packages/rviz_imu_plugin)
[0.403s] Level 1:colcon.colcon_core.environment:create_environment_scripts_only(rviz_imu_plugin)
[0.403s] Level 1:colcon.colcon_core.environment:checking '/home/sourav/ROS2-Self-Driving-Robot/control/bumperbot_ws/install/rviz_imu_plugin' for CMake module files
[0.404s] Level 1:colcon.colcon_core.environment:checking '/home/sourav/ROS2-Self-Driving-Robot/control/bumperbot_ws/install/rviz_imu_plugin' for CMake config files
[0.404s] Level 1:colcon.colcon_core.shell:create_environment_hook('rviz_imu_plugin', 'cmake_prefix_path')
[0.404s] INFO:colcon.colcon_core.shell:Creating environment hook '/home/sourav/ROS2-Self-Driving-Robot/control/bumperbot_ws/install/rviz_imu_plugin/share/rviz_imu_plugin/hook/cmake_prefix_path.ps1'
[0.404s] INFO:colcon.colcon_core.shell:Creating environment descriptor '/home/sourav/ROS2-Self-Driving-Robot/control/bumperbot_ws/install/rviz_imu_plugin/share/rviz_imu_plugin/hook/cmake_prefix_path.dsv'
[0.405s] INFO:colcon.colcon_core.shell:Creating environment hook '/home/sourav/ROS2-Self-Driving-Robot/control/bumperbot_ws/install/rviz_imu_plugin/share/rviz_imu_plugin/hook/cmake_prefix_path.sh'
[0.405s] Level 1:colcon.colcon_core.environment:checking '/home/sourav/ROS2-Self-Driving-Robot/control/bumperbot_ws/install/rviz_imu_plugin/lib'
[0.405s] Level 1:colcon.colcon_core.shell:create_environment_hook('rviz_imu_plugin', 'ld_library_path_lib')
[0.405s] INFO:colcon.colcon_core.shell:Creating environment hook '/home/sourav/ROS2-Self-Driving-Robot/control/bumperbot_ws/install/rviz_imu_plugin/share/rviz_imu_plugin/hook/ld_library_path_lib.ps1'
[0.405s] INFO:colcon.colcon_core.shell:Creating environment descriptor '/home/sourav/ROS2-Self-Driving-Robot/control/bumperbot_ws/install/rviz_imu_plugin/share/rviz_imu_plugin/hook/ld_library_path_lib.dsv'
[0.406s] INFO:colcon.colcon_core.shell:Creating environment hook '/home/sourav/ROS2-Self-Driving-Robot/control/bumperbot_ws/install/rviz_imu_plugin/share/rviz_imu_plugin/hook/ld_library_path_lib.sh'
[0.406s] Level 1:colcon.colcon_core.environment:checking '/home/sourav/ROS2-Self-Driving-Robot/control/bumperbot_ws/install/rviz_imu_plugin/bin'
[0.406s] Level 1:colcon.colcon_core.environment:checking '/home/sourav/ROS2-Self-Driving-Robot/control/bumperbot_ws/install/rviz_imu_plugin/lib/pkgconfig/rviz_imu_plugin.pc'
[0.406s] Level 1:colcon.colcon_core.environment:checking '/home/sourav/ROS2-Self-Driving-Robot/control/bumperbot_ws/install/rviz_imu_plugin/lib/python3.10/site-packages'
[0.406s] Level 1:colcon.colcon_core.environment:checking '/home/sourav/ROS2-Self-Driving-Robot/control/bumperbot_ws/install/rviz_imu_plugin/bin'
[0.407s] INFO:colcon.colcon_core.shell:Creating package script '/home/sourav/ROS2-Self-Driving-Robot/control/bumperbot_ws/install/rviz_imu_plugin/share/rviz_imu_plugin/package.ps1'
[0.407s] INFO:colcon.colcon_core.shell:Creating package descriptor '/home/sourav/ROS2-Self-Driving-Robot/control/bumperbot_ws/install/rviz_imu_plugin/share/rviz_imu_plugin/package.dsv'
[0.407s] INFO:colcon.colcon_core.shell:Creating package script '/home/sourav/ROS2-Self-Driving-Robot/control/bumperbot_ws/install/rviz_imu_plugin/share/rviz_imu_plugin/package.sh'
[0.408s] INFO:colcon.colcon_core.shell:Creating package script '/home/sourav/ROS2-Self-Driving-Robot/control/bumperbot_ws/install/rviz_imu_plugin/share/rviz_imu_plugin/package.bash'
[0.408s] INFO:colcon.colcon_core.shell:Creating package script '/home/sourav/ROS2-Self-Driving-Robot/control/bumperbot_ws/install/rviz_imu_plugin/share/rviz_imu_plugin/package.zsh'
[0.408s] Level 1:colcon.colcon_core.environment:create_file_with_runtime_dependencies(/home/sourav/ROS2-Self-Driving-Robot/control/bumperbot_ws/install/rviz_imu_plugin/share/colcon-core/packages/rviz_imu_plugin)
[0.409s] INFO:colcon.colcon_ros.task.ament_cmake.build:Building ROS package in '/home/sourav/ROS2-Self-Driving-Robot/control/bumperbot_ws/src/imu_tools/imu_tools' with build type 'ament_cmake'
[0.409s] INFO:colcon.colcon_cmake.task.cmake.build:Building CMake package in '/home/sourav/ROS2-Self-Driving-Robot/control/bumperbot_ws/src/imu_tools/imu_tools'
[0.409s] INFO:colcon.colcon_core.shell:Skip shell extension 'powershell' for command environment: Not usable outside of PowerShell
[0.409s] DEBUG:colcon.colcon_core.shell:Skip shell extension 'dsv' for command environment
[0.424s] DEBUG:colcon.colcon_core.event_handler.log_command:Invoking command in '/home/sourav/ROS2-Self-Driving-Robot/control/bumperbot_ws/build/imu_tools': AMENT_PREFIX_PATH=/home/sourav/ROS2-Self-Driving-Robot/control/bumperbot_ws/install/rviz_imu_plugin:/home/sourav/ROS2-Self-Driving-Robot/control/bumperbot_ws/install/imu_filter_madgwick:/home/sourav/ROS2-Self-Driving-Robot/control/bumperbot_ws/install/imu_complementary_filter:${AMENT_PREFIX_PATH} CMAKE_PREFIX_PATH=/home/sourav/ROS2-Self-Driving-Robot/control/bumperbot_ws/install/rviz_imu_plugin:/home/sourav/ROS2-Self-Driving-Robot/control/bumperbot_ws/install/imu_filter_madgwick:/home/sourav/ROS2-Self-Driving-Robot/control/bumperbot_ws/install/imu_complementary_filter:/opt/ros/humble LD_LIBRARY_PATH=/home/sourav/ROS2-Self-Driving-Robot/control/bumperbot_ws/install/rviz_imu_plugin/lib:/home/sourav/ROS2-Self-Driving-Robot/control/bumperbot_ws/install/imu_filter_madgwick/lib:/home/sourav/ROS2-Self-Driving-Robot/control/bumperbot_ws/install/imu_complementary_filter/lib:${LD_LIBRARY_PATH} /usr/bin/cmake --build /home/sourav/ROS2-Self-Driving-Robot/control/bumperbot_ws/build/imu_tools -- -j16 -l16
[0.462s] DEBUG:colcon.colcon_core.event_handler.log_command:Invoked command in '/home/sourav/ROS2-Self-Driving-Robot/control/bumperbot_ws/build/imu_tools' returned '0': AMENT_PREFIX_PATH=/home/sourav/ROS2-Self-Driving-Robot/control/bumperbot_ws/install/rviz_imu_plugin:/home/sourav/ROS2-Self-Driving-Robot/control/bumperbot_ws/install/imu_filter_madgwick:/home/sourav/ROS2-Self-Driving-Robot/control/bumperbot_ws/install/imu_complementary_filter:${AMENT_PREFIX_PATH} CMAKE_PREFIX_PATH=/home/sourav/ROS2-Self-Driving-Robot/control/bumperbot_ws/install/rviz_imu_plugin:/home/sourav/ROS2-Self-Driving-Robot/control/bumperbot_ws/install/imu_filter_madgwick:/home/sourav/ROS2-Self-Driving-Robot/control/bumperbot_ws/install/imu_complementary_filter:/opt/ros/humble LD_LIBRARY_PATH=/home/sourav/ROS2-Self-Driving-Robot/control/bumperbot_ws/install/rviz_imu_plugin/lib:/home/sourav/ROS2-Self-Driving-Robot/control/bumperbot_ws/install/imu_filter_madgwick/lib:/home/sourav/ROS2-Self-Driving-Robot/control/bumperbot_ws/install/imu_complementary_filter/lib:${LD_LIBRARY_PATH} /usr/bin/cmake --build /home/sourav/ROS2-Self-Driving-Robot/control/bumperbot_ws/build/imu_tools -- -j16 -l16
[0.464s] DEBUG:colcon.colcon_core.event_handler.log_command:Invoking command in '/home/sourav/ROS2-Self-Driving-Robot/control/bumperbot_ws/build/imu_tools': AMENT_PREFIX_PATH=/home/sourav/ROS2-Self-Driving-Robot/control/bumperbot_ws/install/rviz_imu_plugin:/home/sourav/ROS2-Self-Driving-Robot/control/bumperbot_ws/install/imu_filter_madgwick:/home/sourav/ROS2-Self-Driving-Robot/control/bumperbot_ws/install/imu_complementary_filter:${AMENT_PREFIX_PATH} CMAKE_PREFIX_PATH=/home/sourav/ROS2-Self-Driving-Robot/control/bumperbot_ws/install/rviz_imu_plugin:/home/sourav/ROS2-Self-Driving-Robot/control/bumperbot_ws/install/imu_filter_madgwick:/home/sourav/ROS2-Self-Driving-Robot/control/bumperbot_ws/install/imu_complementary_filter:/opt/ros/humble LD_LIBRARY_PATH=/home/sourav/ROS2-Self-Driving-Robot/control/bumperbot_ws/install/rviz_imu_plugin/lib:/home/sourav/ROS2-Self-Driving-Robot/control/bumperbot_ws/install/imu_filter_madgwick/lib:/home/sourav/ROS2-Self-Driving-Robot/control/bumperbot_ws/install/imu_complementary_filter/lib:${LD_LIBRARY_PATH} /usr/bin/cmake --install /home/sourav/ROS2-Self-Driving-Robot/control/bumperbot_ws/build/imu_tools
[0.476s] Level 1:colcon.colcon_core.environment:create_environment_scripts_only(imu_tools)
[0.476s] Level 1:colcon.colcon_core.environment:checking '/home/sourav/ROS2-Self-Driving-Robot/control/bumperbot_ws/install/imu_tools' for CMake module files
[0.477s] DEBUG:colcon.colcon_core.event_handler.log_command:Invoked command in '/home/sourav/ROS2-Self-Driving-Robot/control/bumperbot_ws/build/imu_tools' returned '0': AMENT_PREFIX_PATH=/home/sourav/ROS2-Self-Driving-Robot/control/bumperbot_ws/install/rviz_imu_plugin:/home/sourav/ROS2-Self-Driving-Robot/control/bumperbot_ws/install/imu_filter_madgwick:/home/sourav/ROS2-Self-Driving-Robot/control/bumperbot_ws/install/imu_complementary_filter:${AMENT_PREFIX_PATH} CMAKE_PREFIX_PATH=/home/sourav/ROS2-Self-Driving-Robot/control/bumperbot_ws/install/rviz_imu_plugin:/home/sourav/ROS2-Self-Driving-Robot/control/bumperbot_ws/install/imu_filter_madgwick:/home/sourav/ROS2-Self-Driving-Robot/control/bumperbot_ws/install/imu_complementary_filter:/opt/ros/humble LD_LIBRARY_PATH=/home/sourav/ROS2-Self-Driving-Robot/control/bumperbot_ws/install/rviz_imu_plugin/lib:/home/sourav/ROS2-Self-Driving-Robot/control/bumperbot_ws/install/imu_filter_madgwick/lib:/home/sourav/ROS2-Self-Driving-Robot/control/bumperbot_ws/install/imu_complementary_filter/lib:${LD_LIBRARY_PATH} /usr/bin/cmake --install /home/sourav/ROS2-Self-Driving-Robot/control/bumperbot_ws/build/imu_tools
[0.477s] Level 1:colcon.colcon_core.environment:checking '/home/sourav/ROS2-Self-Driving-Robot/control/bumperbot_ws/install/imu_tools' for CMake config files
[0.477s] Level 1:colcon.colcon_core.shell:create_environment_hook('imu_tools', 'cmake_prefix_path')
[0.478s] INFO:colcon.colcon_core.shell:Creating environment hook '/home/sourav/ROS2-Self-Driving-Robot/control/bumperbot_ws/install/imu_tools/share/imu_tools/hook/cmake_prefix_path.ps1'
[0.478s] INFO:colcon.colcon_core.shell:Creating environment descriptor '/home/sourav/ROS2-Self-Driving-Robot/control/bumperbot_ws/install/imu_tools/share/imu_tools/hook/cmake_prefix_path.dsv'
[0.478s] INFO:colcon.colcon_core.shell:Creating environment hook '/home/sourav/ROS2-Self-Driving-Robot/control/bumperbot_ws/install/imu_tools/share/imu_tools/hook/cmake_prefix_path.sh'
[0.479s] Level 1:colcon.colcon_core.environment:checking '/home/sourav/ROS2-Self-Driving-Robot/control/bumperbot_ws/install/imu_tools/bin'
[0.479s] Level 1:colcon.colcon_core.environment:checking '/home/sourav/ROS2-Self-Driving-Robot/control/bumperbot_ws/install/imu_tools/lib/pkgconfig/imu_tools.pc'
[0.479s] Level 1:colcon.colcon_core.environment:checking '/home/sourav/ROS2-Self-Driving-Robot/control/bumperbot_ws/install/imu_tools/lib/python3.10/site-packages'
[0.479s] Level 1:colcon.colcon_core.environment:checking '/home/sourav/ROS2-Self-Driving-Robot/control/bumperbot_ws/install/imu_tools/bin'
[0.479s] INFO:colcon.colcon_core.shell:Creating package script '/home/sourav/ROS2-Self-Driving-Robot/control/bumperbot_ws/install/imu_tools/share/imu_tools/package.ps1'
[0.480s] INFO:colcon.colcon_core.shell:Creating package descriptor '/home/sourav/ROS2-Self-Driving-Robot/control/bumperbot_ws/install/imu_tools/share/imu_tools/package.dsv'
[0.480s] INFO:colcon.colcon_core.shell:Creating package script '/home/sourav/ROS2-Self-Driving-Robot/control/bumperbot_ws/install/imu_tools/share/imu_tools/package.sh'
[0.480s] INFO:colcon.colcon_core.shell:Creating package script '/home/sourav/ROS2-Self-Driving-Robot/control/bumperbot_ws/install/imu_tools/share/imu_tools/package.bash'
[0.481s] INFO:colcon.colcon_core.shell:Creating package script '/home/sourav/ROS2-Self-Driving-Robot/control/bumperbot_ws/install/imu_tools/share/imu_tools/package.zsh'
[0.481s] Level 1:colcon.colcon_core.environment:create_file_with_runtime_dependencies(/home/sourav/ROS2-Self-Driving-Robot/control/bumperbot_ws/install/imu_tools/share/colcon-core/packages/imu_tools)
[0.481s] Level 1:colcon.colcon_core.environment:create_environment_scripts_only(imu_tools)
[0.482s] Level 1:colcon.colcon_core.environment:checking '/home/sourav/ROS2-Self-Driving-Robot/control/bumperbot_ws/install/imu_tools' for CMake module files
[0.482s] Level 1:colcon.colcon_core.environment:checking '/home/sourav/ROS2-Self-Driving-Robot/control/bumperbot_ws/install/imu_tools' for CMake config files
[0.482s] Level 1:colcon.colcon_core.shell:create_environment_hook('imu_tools', 'cmake_prefix_path')
[0.482s] INFO:colcon.colcon_core.shell:Creating environment hook '/home/sourav/ROS2-Self-Driving-Robot/control/bumperbot_ws/install/imu_tools/share/imu_tools/hook/cmake_prefix_path.ps1'
[0.483s] INFO:colcon.colcon_core.shell:Creating environment descriptor '/home/sourav/ROS2-Self-Driving-Robot/control/bumperbot_ws/install/imu_tools/share/imu_tools/hook/cmake_prefix_path.dsv'
[0.483s] INFO:colcon.colcon_core.shell:Creating environment hook '/home/sourav/ROS2-Self-Driving-Robot/control/bumperbot_ws/install/imu_tools/share/imu_tools/hook/cmake_prefix_path.sh'
[0.483s] Level 1:colcon.colcon_core.environment:checking '/home/sourav/ROS2-Self-Driving-Robot/control/bumperbot_ws/install/imu_tools/bin'
[0.483s] Level 1:colcon.colcon_core.environment:checking '/home/sourav/ROS2-Self-Driving-Robot/control/bumperbot_ws/install/imu_tools/lib/pkgconfig/imu_tools.pc'
[0.483s] Level 1:colcon.colcon_core.environment:checking '/home/sourav/ROS2-Self-Driving-Robot/control/bumperbot_ws/install/imu_tools/lib/python3.10/site-packages'
[0.484s] Level 1:colcon.colcon_core.environment:checking '/home/sourav/ROS2-Self-Driving-Robot/control/bumperbot_ws/install/imu_tools/bin'
[0.484s] INFO:colcon.colcon_core.shell:Creating package script '/home/sourav/ROS2-Self-Driving-Robot/control/bumperbot_ws/install/imu_tools/share/imu_tools/package.ps1'
[0.484s] INFO:colcon.colcon_core.shell:Creating package descriptor '/home/sourav/ROS2-Self-Driving-Robot/control/bumperbot_ws/install/imu_tools/share/imu_tools/package.dsv'
[0.485s] INFO:colcon.colcon_core.shell:Creating package script '/home/sourav/ROS2-Self-Driving-Robot/control/bumperbot_ws/install/imu_tools/share/imu_tools/package.sh'
[0.485s] INFO:colcon.colcon_core.shell:Creating package script '/home/sourav/ROS2-Self-Driving-Robot/control/bumperbot_ws/install/imu_tools/share/imu_tools/package.bash'
[0.485s] INFO:colcon.colcon_core.shell:Creating package script '/home/sourav/ROS2-Self-Driving-Robot/control/bumperbot_ws/install/imu_tools/share/imu_tools/package.zsh'
[0.486s] Level 1:colcon.colcon_core.environment:create_file_with_runtime_dependencies(/home/sourav/ROS2-Self-Driving-Robot/control/bumperbot_ws/install/imu_tools/share/colcon-core/packages/imu_tools)
[0.542s] DEBUG:colcon.colcon_core.event_handler.log_command:Invoked command in '/home/sourav/ROS2-Self-Driving-Robot/control/bumperbot_ws/build/bumperbot_msgs' returned '0': CMAKE_PREFIX_PATH=/opt/ros/humble /usr/bin/cmake --build /home/sourav/ROS2-Self-Driving-Robot/control/bumperbot_ws/build/bumperbot_msgs -- -j16 -l16
[0.542s] DEBUG:colcon.colcon_core.event_handler.log_command:Invoking command in '/home/sourav/ROS2-Self-Driving-Robot/control/bumperbot_ws/build/bumperbot_msgs': CMAKE_PREFIX_PATH=/opt/ros/humble /usr/bin/cmake --install /home/sourav/ROS2-Self-Driving-Robot/control/bumperbot_ws/build/bumperbot_msgs
[0.583s] Level 1:colcon.colcon_core.environment:create_environment_scripts_only(bumperbot_msgs)
[0.584s] Level 1:colcon.colcon_core.environment:checking '/home/sourav/ROS2-Self-Driving-Robot/control/bumperbot_ws/install/bumperbot_msgs' for CMake module files
[0.584s] DEBUG:colcon.colcon_core.event_handler.log_command:Invoked command in '/home/sourav/ROS2-Self-Driving-Robot/control/bumperbot_ws/build/bumperbot_msgs' returned '0': CMAKE_PREFIX_PATH=/opt/ros/humble /usr/bin/cmake --install /home/sourav/ROS2-Self-Driving-Robot/control/bumperbot_ws/build/bumperbot_msgs
[0.585s] Level 1:colcon.colcon_core.environment:checking '/home/sourav/ROS2-Self-Driving-Robot/control/bumperbot_ws/install/bumperbot_msgs' for CMake config files
[0.585s] Level 1:colcon.colcon_core.shell:create_environment_hook('bumperbot_msgs', 'cmake_prefix_path')
[0.586s] INFO:colcon.colcon_core.shell:Creating environment hook '/home/sourav/ROS2-Self-Driving-Robot/control/bumperbot_ws/install/bumperbot_msgs/share/bumperbot_msgs/hook/cmake_prefix_path.ps1'
[0.586s] INFO:colcon.colcon_core.shell:Creating environment descriptor '/home/sourav/ROS2-Self-Driving-Robot/control/bumperbot_ws/install/bumperbot_msgs/share/bumperbot_msgs/hook/cmake_prefix_path.dsv'
[0.587s] INFO:colcon.colcon_core.shell:Creating environment hook '/home/sourav/ROS2-Self-Driving-Robot/control/bumperbot_ws/install/bumperbot_msgs/share/bumperbot_msgs/hook/cmake_prefix_path.sh'
[0.587s] Level 1:colcon.colcon_core.environment:checking '/home/sourav/ROS2-Self-Driving-Robot/control/bumperbot_ws/install/bumperbot_msgs/lib'
[0.587s] Level 1:colcon.colcon_core.shell:create_environment_hook('bumperbot_msgs', 'ld_library_path_lib')
[0.588s] INFO:colcon.colcon_core.shell:Creating environment hook '/home/sourav/ROS2-Self-Driving-Robot/control/bumperbot_ws/install/bumperbot_msgs/share/bumperbot_msgs/hook/ld_library_path_lib.ps1'
[0.588s] INFO:colcon.colcon_core.shell:Creating environment descriptor '/home/sourav/ROS2-Self-Driving-Robot/control/bumperbot_ws/install/bumperbot_msgs/share/bumperbot_msgs/hook/ld_library_path_lib.dsv'
[0.589s] INFO:colcon.colcon_core.shell:Creating environment hook '/home/sourav/ROS2-Self-Driving-Robot/control/bumperbot_ws/install/bumperbot_msgs/share/bumperbot_msgs/hook/ld_library_path_lib.sh'
[0.590s] Level 1:colcon.colcon_core.environment:checking '/home/sourav/ROS2-Self-Driving-Robot/control/bumperbot_ws/install/bumperbot_msgs/bin'
[0.590s] Level 1:colcon.colcon_core.environment:checking '/home/sourav/ROS2-Self-Driving-Robot/control/bumperbot_ws/install/bumperbot_msgs/lib/pkgconfig/bumperbot_msgs.pc'
[0.590s] Level 1:colcon.colcon_core.environment:checking '/home/sourav/ROS2-Self-Driving-Robot/control/bumperbot_ws/install/bumperbot_msgs/lib/python3.10/site-packages'
[0.590s] Level 1:colcon.colcon_core.environment:checking '/home/sourav/ROS2-Self-Driving-Robot/control/bumperbot_ws/install/bumperbot_msgs/bin'
[0.590s] INFO:colcon.colcon_core.shell:Creating package script '/home/sourav/ROS2-Self-Driving-Robot/control/bumperbot_ws/install/bumperbot_msgs/share/bumperbot_msgs/package.ps1'
[0.590s] INFO:colcon.colcon_core.shell:Creating package descriptor '/home/sourav/ROS2-Self-Driving-Robot/control/bumperbot_ws/install/bumperbot_msgs/share/bumperbot_msgs/package.dsv'
[0.591s] INFO:colcon.colcon_core.shell:Creating package script '/home/sourav/ROS2-Self-Driving-Robot/control/bumperbot_ws/install/bumperbot_msgs/share/bumperbot_msgs/package.sh'
[0.591s] INFO:colcon.colcon_core.shell:Creating package script '/home/sourav/ROS2-Self-Driving-Robot/control/bumperbot_ws/install/bumperbot_msgs/share/bumperbot_msgs/package.bash'
[0.591s] INFO:colcon.colcon_core.shell:Creating package script '/home/sourav/ROS2-Self-Driving-Robot/control/bumperbot_ws/install/bumperbot_msgs/share/bumperbot_msgs/package.zsh'
[0.592s] Level 1:colcon.colcon_core.environment:create_file_with_runtime_dependencies(/home/sourav/ROS2-Self-Driving-Robot/control/bumperbot_ws/install/bumperbot_msgs/share/colcon-core/packages/bumperbot_msgs)
[0.592s] Level 1:colcon.colcon_core.environment:create_environment_scripts_only(bumperbot_msgs)
[0.592s] Level 1:colcon.colcon_core.environment:checking '/home/sourav/ROS2-Self-Driving-Robot/control/bumperbot_ws/install/bumperbot_msgs' for CMake module files
[0.593s] Level 1:colcon.colcon_core.environment:checking '/home/sourav/ROS2-Self-Driving-Robot/control/bumperbot_ws/install/bumperbot_msgs' for CMake config files
[0.593s] Level 1:colcon.colcon_core.shell:create_environment_hook('bumperbot_msgs', 'cmake_prefix_path')
[0.593s] INFO:colcon.colcon_core.shell:Creating environment hook '/home/sourav/ROS2-Self-Driving-Robot/control/bumperbot_ws/install/bumperbot_msgs/share/bumperbot_msgs/hook/cmake_prefix_path.ps1'
[0.594s] INFO:colcon.colcon_core.shell:Creating environment descriptor '/home/sourav/ROS2-Self-Driving-Robot/control/bumperbot_ws/install/bumperbot_msgs/share/bumperbot_msgs/hook/cmake_prefix_path.dsv'
[0.594s] INFO:colcon.colcon_core.shell:Creating environment hook '/home/sourav/ROS2-Self-Driving-Robot/control/bumperbot_ws/install/bumperbot_msgs/share/bumperbot_msgs/hook/cmake_prefix_path.sh'
[0.595s] Level 1:colcon.colcon_core.environment:checking '/home/sourav/ROS2-Self-Driving-Robot/control/bumperbot_ws/install/bumperbot_msgs/lib'
[0.595s] Level 1:colcon.colcon_core.shell:create_environment_hook('bumperbot_msgs', 'ld_library_path_lib')
[0.595s] INFO:colcon.colcon_core.shell:Creating environment hook '/home/sourav/ROS2-Self-Driving-Robot/control/bumperbot_ws/install/bumperbot_msgs/share/bumperbot_msgs/hook/ld_library_path_lib.ps1'
[0.595s] INFO:colcon.colcon_core.shell:Creating environment descriptor '/home/sourav/ROS2-Self-Driving-Robot/control/bumperbot_ws/install/bumperbot_msgs/share/bumperbot_msgs/hook/ld_library_path_lib.dsv'
[0.595s] INFO:colcon.colcon_core.shell:Creating environment hook '/home/sourav/ROS2-Self-Driving-Robot/control/bumperbot_ws/install/bumperbot_msgs/share/bumperbot_msgs/hook/ld_library_path_lib.sh'
[0.596s] Level 1:colcon.colcon_core.environment:checking '/home/sourav/ROS2-Self-Driving-Robot/control/bumperbot_ws/install/bumperbot_msgs/bin'
[0.596s] Level 1:colcon.colcon_core.environment:checking '/home/sourav/ROS2-Self-Driving-Robot/control/bumperbot_ws/install/bumperbot_msgs/lib/pkgconfig/bumperbot_msgs.pc'
[0.596s] Level 1:colcon.colcon_core.environment:checking '/home/sourav/ROS2-Self-Driving-Robot/control/bumperbot_ws/install/bumperbot_msgs/lib/python3.10/site-packages'
[0.596s] Level 1:colcon.colcon_core.environment:checking '/home/sourav/ROS2-Self-Driving-Robot/control/bumperbot_ws/install/bumperbot_msgs/bin'
[0.596s] INFO:colcon.colcon_core.shell:Creating package script '/home/sourav/ROS2-Self-Driving-Robot/control/bumperbot_ws/install/bumperbot_msgs/share/bumperbot_msgs/package.ps1'
[0.597s] INFO:colcon.colcon_core.shell:Creating package descriptor '/home/sourav/ROS2-Self-Driving-Robot/control/bumperbot_ws/install/bumperbot_msgs/share/bumperbot_msgs/package.dsv'
[0.597s] INFO:colcon.colcon_core.shell:Creating package script '/home/sourav/ROS2-Self-Driving-Robot/control/bumperbot_ws/install/bumperbot_msgs/share/bumperbot_msgs/package.sh'
[0.597s] INFO:colcon.colcon_core.shell:Creating package script '/home/sourav/ROS2-Self-Driving-Robot/control/bumperbot_ws/install/bumperbot_msgs/share/bumperbot_msgs/package.bash'
[0.597s] INFO:colcon.colcon_core.shell:Creating package script '/home/sourav/ROS2-Self-Driving-Robot/control/bumperbot_ws/install/bumperbot_msgs/share/bumperbot_msgs/package.zsh'
[0.598s] Level 1:colcon.colcon_core.environment:create_file_with_runtime_dependencies(/home/sourav/ROS2-Self-Driving-Robot/control/bumperbot_ws/install/bumperbot_msgs/share/colcon-core/packages/bumperbot_msgs)
[0.598s] INFO:colcon.colcon_ros.task.ament_cmake.build:Building ROS package in '/home/sourav/ROS2-Self-Driving-Robot/control/bumperbot_ws/src/bumperbot_cpp_examples' with build type 'ament_cmake'
[0.599s] INFO:colcon.colcon_cmake.task.cmake.build:Building CMake package in '/home/sourav/ROS2-Self-Driving-Robot/control/bumperbot_ws/src/bumperbot_cpp_examples'
[0.599s] INFO:colcon.colcon_core.shell:Skip shell extension 'powershell' for command environment: Not usable outside of PowerShell
[0.599s] DEBUG:colcon.colcon_core.shell:Skip shell extension 'dsv' for command environment
[0.601s] INFO:colcon.colcon_ros.task.ament_python.build:Building ROS package in '/home/sourav/ROS2-Self-Driving-Robot/control/bumperbot_ws/src/bumperbot_py_examples' with build type 'ament_python'
[0.601s] Level 1:colcon.colcon_core.shell:create_environment_hook('bumperbot_py_examples', 'ament_prefix_path')
[0.602s] INFO:colcon.colcon_core.shell:Creating environment hook '/home/sourav/ROS2-Self-Driving-Robot/control/bumperbot_ws/install/bumperbot_py_examples/share/bumperbot_py_examples/hook/ament_prefix_path.ps1'
[0.602s] INFO:colcon.colcon_core.shell:Creating environment descriptor '/home/sourav/ROS2-Self-Driving-Robot/control/bumperbot_ws/install/bumperbot_py_examples/share/bumperbot_py_examples/hook/ament_prefix_path.dsv'
[0.603s] INFO:colcon.colcon_core.shell:Creating environment hook '/home/sourav/ROS2-Self-Driving-Robot/control/bumperbot_ws/install/bumperbot_py_examples/share/bumperbot_py_examples/hook/ament_prefix_path.sh'
[0.603s] INFO:colcon.colcon_core.shell:Skip shell extension 'powershell' for command environment: Not usable outside of PowerShell
[0.604s] DEBUG:colcon.colcon_core.shell:Skip shell extension 'dsv' for command environment
[0.610s] DEBUG:colcon.colcon_core.event_handler.log_command:Invoking command in '/home/sourav/ROS2-Self-Driving-Robot/control/bumperbot_ws/build/bumperbot_cpp_examples': AMENT_PREFIX_PATH=/home/sourav/ROS2-Self-Driving-Robot/control/bumperbot_ws/install/bumperbot_msgs:${AMENT_PREFIX_PATH} CMAKE_PREFIX_PATH=/home/sourav/ROS2-Self-Driving-Robot/control/bumperbot_ws/install/bumperbot_msgs:/opt/ros/humble LD_LIBRARY_PATH=/home/sourav/ROS2-Self-Driving-Robot/control/bumperbot_ws/install/bumperbot_msgs/lib:${LD_LIBRARY_PATH} PYTHONPATH=/home/sourav/ROS2-Self-Driving-Robot/control/bumperbot_ws/install/bumperbot_msgs/local/lib/python3.10/dist-packages:${PYTHONPATH} /usr/bin/cmake --build /home/sourav/ROS2-Self-Driving-Robot/control/bumperbot_ws/build/bumperbot_cpp_examples -- -j16 -l16
[0.611s] DEBUG:colcon.colcon_core.event_handler.log_command:Invoked command in '/home/sourav/ROS2-Self-Driving-Robot/control/bumperbot_ws/build/bumperbot_controller' returned '0': CMAKE_PREFIX_PATH=/opt/ros/humble /usr/bin/cmake --build /home/sourav/ROS2-Self-Driving-Robot/control/bumperbot_ws/build/bumperbot_controller -- -j16 -l16
[0.612s] DEBUG:colcon.colcon_core.event_handler.log_command:Invoking command in '/home/sourav/ROS2-Self-Driving-Robot/control/bumperbot_ws/build/bumperbot_controller': CMAKE_PREFIX_PATH=/opt/ros/humble /usr/bin/cmake --install /home/sourav/ROS2-Self-Driving-Robot/control/bumperbot_ws/build/bumperbot_controller
[0.805s] INFO:colcon.colcon_core.task.python.build:Building Python package in '/home/sourav/ROS2-Self-Driving-Robot/control/bumperbot_ws/src/bumperbot_py_examples'
[0.805s] INFO:colcon.colcon_core.shell:Skip shell extension 'powershell' for command environment: Not usable outside of PowerShell
[0.805s] DEBUG:colcon.colcon_core.shell:Skip shell extension 'dsv' for command environment
[0.810s] DEBUG:colcon.colcon_core.event_handler.log_command:Invoked command in '/home/sourav/ROS2-Self-Driving-Robot/control/bumperbot_ws/build/bumperbot_localization' returned '0': CMAKE_PREFIX_PATH=/opt/ros/humble /usr/bin/cmake --build /home/sourav/ROS2-Self-Driving-Robot/control/bumperbot_ws/build/bumperbot_localization -- -j16 -l16
[0.812s] DEBUG:colcon.colcon_core.event_handler.log_command:Invoking command in '/home/sourav/ROS2-Self-Driving-Robot/control/bumperbot_ws/build/bumperbot_localization': CMAKE_PREFIX_PATH=/opt/ros/humble /usr/bin/cmake --install /home/sourav/ROS2-Self-Driving-Robot/control/bumperbot_ws/build/bumperbot_localization
[0.812s] DEBUG:colcon.colcon_core.event_handler.log_command:Invoked command in '/home/sourav/ROS2-Self-Driving-Robot/control/bumperbot_ws/build/bumperbot_cpp_examples' returned '0': AMENT_PREFIX_PATH=/home/sourav/ROS2-Self-Driving-Robot/control/bumperbot_ws/install/bumperbot_msgs:${AMENT_PREFIX_PATH} CMAKE_PREFIX_PATH=/home/sourav/ROS2-Self-Driving-Robot/control/bumperbot_ws/install/bumperbot_msgs:/opt/ros/humble LD_LIBRARY_PATH=/home/sourav/ROS2-Self-Driving-Robot/control/bumperbot_ws/install/bumperbot_msgs/lib:${LD_LIBRARY_PATH} PYTHONPATH=/home/sourav/ROS2-Self-Driving-Robot/control/bumperbot_ws/install/bumperbot_msgs/local/lib/python3.10/dist-packages:${PYTHONPATH} /usr/bin/cmake --build /home/sourav/ROS2-Self-Driving-Robot/control/bumperbot_ws/build/bumperbot_cpp_examples -- -j16 -l16
[0.814s] DEBUG:colcon.colcon_core.event_handler.log_command:Invoking command in '/home/sourav/ROS2-Self-Driving-Robot/control/bumperbot_ws/build/bumperbot_cpp_examples': AMENT_PREFIX_PATH=/home/sourav/ROS2-Self-Driving-Robot/control/bumperbot_ws/install/bumperbot_msgs:${AMENT_PREFIX_PATH} CMAKE_PREFIX_PATH=/home/sourav/ROS2-Self-Driving-Robot/control/bumperbot_ws/install/bumperbot_msgs:/opt/ros/humble LD_LIBRARY_PATH=/home/sourav/ROS2-Self-Driving-Robot/control/bumperbot_ws/install/bumperbot_msgs/lib:${LD_LIBRARY_PATH} PYTHONPATH=/home/sourav/ROS2-Self-Driving-Robot/control/bumperbot_ws/install/bumperbot_msgs/local/lib/python3.10/dist-packages:${PYTHONPATH} /usr/bin/cmake --install /home/sourav/ROS2-Self-Driving-Robot/control/bumperbot_ws/build/bumperbot_cpp_examples
[0.814s] Level 1:colcon.colcon_core.environment:create_environment_scripts_only(bumperbot_controller)
[0.815s] Level 1:colcon.colcon_core.environment:checking '/home/sourav/ROS2-Self-Driving-Robot/control/bumperbot_ws/install/bumperbot_controller' for CMake module files
[0.815s] DEBUG:colcon.colcon_core.event_handler.log_command:Invoked command in '/home/sourav/ROS2-Self-Driving-Robot/control/bumperbot_ws/build/bumperbot_controller' returned '0': CMAKE_PREFIX_PATH=/opt/ros/humble /usr/bin/cmake --install /home/sourav/ROS2-Self-Driving-Robot/control/bumperbot_ws/build/bumperbot_controller
[0.815s] Level 1:colcon.colcon_core.environment:checking '/home/sourav/ROS2-Self-Driving-Robot/control/bumperbot_ws/install/bumperbot_controller' for CMake config files
[0.816s] Level 1:colcon.colcon_core.shell:create_environment_hook('bumperbot_controller', 'cmake_prefix_path')
[0.816s] INFO:colcon.colcon_core.shell:Creating environment hook '/home/sourav/ROS2-Self-Driving-Robot/control/bumperbot_ws/install/bumperbot_controller/share/bumperbot_controller/hook/cmake_prefix_path.ps1'
[0.817s] INFO:colcon.colcon_core.shell:Creating environment descriptor '/home/sourav/ROS2-Self-Driving-Robot/control/bumperbot_ws/install/bumperbot_controller/share/bumperbot_controller/hook/cmake_prefix_path.dsv'
[0.817s] INFO:colcon.colcon_core.shell:Creating environment hook '/home/sourav/ROS2-Self-Driving-Robot/control/bumperbot_ws/install/bumperbot_controller/share/bumperbot_controller/hook/cmake_prefix_path.sh'
[0.818s] Level 1:colcon.colcon_core.environment:checking '/home/sourav/ROS2-Self-Driving-Robot/control/bumperbot_ws/install/bumperbot_controller/lib'
[0.818s] Level 1:colcon.colcon_core.environment:checking '/home/sourav/ROS2-Self-Driving-Robot/control/bumperbot_ws/install/bumperbot_controller/bin'
[0.818s] Level 1:colcon.colcon_core.environment:checking '/home/sourav/ROS2-Self-Driving-Robot/control/bumperbot_ws/install/bumperbot_controller/lib/pkgconfig/bumperbot_controller.pc'
[0.818s] Level 1:colcon.colcon_core.environment:checking '/home/sourav/ROS2-Self-Driving-Robot/control/bumperbot_ws/install/bumperbot_controller/lib/python3.10/site-packages'
[0.819s] Level 1:colcon.colcon_core.environment:checking '/home/sourav/ROS2-Self-Driving-Robot/control/bumperbot_ws/install/bumperbot_controller/bin'
[0.819s] INFO:colcon.colcon_core.shell:Creating package script '/home/sourav/ROS2-Self-Driving-Robot/control/bumperbot_ws/install/bumperbot_controller/share/bumperbot_controller/package.ps1'
[0.820s] INFO:colcon.colcon_core.shell:Creating package descriptor '/home/sourav/ROS2-Self-Driving-Robot/control/bumperbot_ws/install/bumperbot_controller/share/bumperbot_controller/package.dsv'
[0.820s] INFO:colcon.colcon_core.shell:Creating package script '/home/sourav/ROS2-Self-Driving-Robot/control/bumperbot_ws/install/bumperbot_controller/share/bumperbot_controller/package.sh'
[0.821s] INFO:colcon.colcon_core.shell:Creating package script '/home/sourav/ROS2-Self-Driving-Robot/control/bumperbot_ws/install/bumperbot_controller/share/bumperbot_controller/package.bash'
[0.821s] INFO:colcon.colcon_core.shell:Creating package script '/home/sourav/ROS2-Self-Driving-Robot/control/bumperbot_ws/install/bumperbot_controller/share/bumperbot_controller/package.zsh'
[0.821s] Level 1:colcon.colcon_core.environment:create_file_with_runtime_dependencies(/home/sourav/ROS2-Self-Driving-Robot/control/bumperbot_ws/install/bumperbot_controller/share/colcon-core/packages/bumperbot_controller)
[0.822s] Level 1:colcon.colcon_core.environment:create_environment_scripts_only(bumperbot_controller)
[0.822s] Level 1:colcon.colcon_core.environment:checking '/home/sourav/ROS2-Self-Driving-Robot/control/bumperbot_ws/install/bumperbot_controller' for CMake module files
[0.823s] Level 1:colcon.colcon_core.environment:checking '/home/sourav/ROS2-Self-Driving-Robot/control/bumperbot_ws/install/bumperbot_controller' for CMake config files
[0.824s] Level 1:colcon.colcon_core.shell:create_environment_hook('bumperbot_controller', 'cmake_prefix_path')
[0.824s] INFO:colcon.colcon_core.shell:Creating environment hook '/home/sourav/ROS2-Self-Driving-Robot/control/bumperbot_ws/install/bumperbot_controller/share/bumperbot_controller/hook/cmake_prefix_path.ps1'
[0.825s] INFO:colcon.colcon_core.shell:Creating environment descriptor '/home/sourav/ROS2-Self-Driving-Robot/control/bumperbot_ws/install/bumperbot_controller/share/bumperbot_controller/hook/cmake_prefix_path.dsv'
[0.826s] INFO:colcon.colcon_core.shell:Creating environment hook '/home/sourav/ROS2-Self-Driving-Robot/control/bumperbot_ws/install/bumperbot_controller/share/bumperbot_controller/hook/cmake_prefix_path.sh'
[0.826s] Level 1:colcon.colcon_core.environment:checking '/home/sourav/ROS2-Self-Driving-Robot/control/bumperbot_ws/install/bumperbot_controller/lib'
[0.826s] Level 1:colcon.colcon_core.environment:checking '/home/sourav/ROS2-Self-Driving-Robot/control/bumperbot_ws/install/bumperbot_controller/bin'
[0.826s] Level 1:colcon.colcon_core.environment:checking '/home/sourav/ROS2-Self-Driving-Robot/control/bumperbot_ws/install/bumperbot_controller/lib/pkgconfig/bumperbot_controller.pc'
[0.827s] Level 1:colcon.colcon_core.environment:checking '/home/sourav/ROS2-Self-Driving-Robot/control/bumperbot_ws/install/bumperbot_controller/lib/python3.10/site-packages'
[0.827s] Level 1:colcon.colcon_core.environment:checking '/home/sourav/ROS2-Self-Driving-Robot/control/bumperbot_ws/install/bumperbot_controller/bin'
[0.827s] INFO:colcon.colcon_core.shell:Creating package script '/home/sourav/ROS2-Self-Driving-Robot/control/bumperbot_ws/install/bumperbot_controller/share/bumperbot_controller/package.ps1'
[0.828s] INFO:colcon.colcon_core.shell:Creating package descriptor '/home/sourav/ROS2-Self-Driving-Robot/control/bumperbot_ws/install/bumperbot_controller/share/bumperbot_controller/package.dsv'
[0.828s] INFO:colcon.colcon_core.shell:Creating package script '/home/sourav/ROS2-Self-Driving-Robot/control/bumperbot_ws/install/bumperbot_controller/share/bumperbot_controller/package.sh'
[0.829s] INFO:colcon.colcon_core.shell:Creating package script '/home/sourav/ROS2-Self-Driving-Robot/control/bumperbot_ws/install/bumperbot_controller/share/bumperbot_controller/package.bash'
[0.829s] INFO:colcon.colcon_core.shell:Creating package script '/home/sourav/ROS2-Self-Driving-Robot/control/bumperbot_ws/install/bumperbot_controller/share/bumperbot_controller/package.zsh'
[0.830s] Level 1:colcon.colcon_core.environment:create_file_with_runtime_dependencies(/home/sourav/ROS2-Self-Driving-Robot/control/bumperbot_ws/install/bumperbot_controller/share/colcon-core/packages/bumperbot_controller)
[0.832s] DEBUG:colcon.colcon_core.event_handler.log_command:Invoked command in '/home/sourav/ROS2-Self-Driving-Robot/control/bumperbot_ws/build/bumperbot_utils' returned '0': CMAKE_PREFIX_PATH=/opt/ros/humble /usr/bin/cmake --build /home/sourav/ROS2-Self-Driving-Robot/control/bumperbot_ws/build/bumperbot_utils -- -j16 -l16
[0.832s] DEBUG:colcon.colcon_core.event_handler.log_command:Invoking command in '/home/sourav/ROS2-Self-Driving-Robot/control/bumperbot_ws/build/bumperbot_utils': CMAKE_PREFIX_PATH=/opt/ros/humble /usr/bin/cmake --install /home/sourav/ROS2-Self-Driving-Robot/control/bumperbot_ws/build/bumperbot_utils
[0.838s] Level 1:colcon.colcon_core.environment:create_environment_scripts_only(bumperbot_cpp_examples)
[0.838s] Level 1:colcon.colcon_core.environment:checking '/home/sourav/ROS2-Self-Driving-Robot/control/bumperbot_ws/install/bumperbot_cpp_examples' for CMake module files
[0.838s] DEBUG:colcon.colcon_core.event_handler.log_command:Invoked command in '/home/sourav/ROS2-Self-Driving-Robot/control/bumperbot_ws/build/bumperbot_cpp_examples' returned '0': AMENT_PREFIX_PATH=/home/sourav/ROS2-Self-Driving-Robot/control/bumperbot_ws/install/bumperbot_msgs:${AMENT_PREFIX_PATH} CMAKE_PREFIX_PATH=/home/sourav/ROS2-Self-Driving-Robot/control/bumperbot_ws/install/bumperbot_msgs:/opt/ros/humble LD_LIBRARY_PATH=/home/sourav/ROS2-Self-Driving-Robot/control/bumperbot_ws/install/bumperbot_msgs/lib:${LD_LIBRARY_PATH} PYTHONPATH=/home/sourav/ROS2-Self-Driving-Robot/control/bumperbot_ws/install/bumperbot_msgs/local/lib/python3.10/dist-packages:${PYTHONPATH} /usr/bin/cmake --install /home/sourav/ROS2-Self-Driving-Robot/control/bumperbot_ws/build/bumperbot_cpp_examples
[0.839s] Level 1:colcon.colcon_core.environment:checking '/home/sourav/ROS2-Self-Driving-Robot/control/bumperbot_ws/install/bumperbot_cpp_examples' for CMake config files
[0.839s] Level 1:colcon.colcon_core.shell:create_environment_hook('bumperbot_cpp_examples', 'cmake_prefix_path')
[0.839s] INFO:colcon.colcon_core.shell:Creating environment hook '/home/sourav/ROS2-Self-Driving-Robot/control/bumperbot_ws/install/bumperbot_cpp_examples/share/bumperbot_cpp_examples/hook/cmake_prefix_path.ps1'
[0.840s] INFO:colcon.colcon_core.shell:Creating environment descriptor '/home/sourav/ROS2-Self-Driving-Robot/control/bumperbot_ws/install/bumperbot_cpp_examples/share/bumperbot_cpp_examples/hook/cmake_prefix_path.dsv'
[0.841s] INFO:colcon.colcon_core.shell:Creating environment hook '/home/sourav/ROS2-Self-Driving-Robot/control/bumperbot_ws/install/bumperbot_cpp_examples/share/bumperbot_cpp_examples/hook/cmake_prefix_path.sh'
[0.842s] Level 1:colcon.colcon_core.environment:checking '/home/sourav/ROS2-Self-Driving-Robot/control/bumperbot_ws/install/bumperbot_cpp_examples/lib'
[0.842s] Level 1:colcon.colcon_core.environment:checking '/home/sourav/ROS2-Self-Driving-Robot/control/bumperbot_ws/install/bumperbot_cpp_examples/bin'
[0.842s] Level 1:colcon.colcon_core.environment:checking '/home/sourav/ROS2-Self-Driving-Robot/control/bumperbot_ws/install/bumperbot_cpp_examples/lib/pkgconfig/bumperbot_cpp_examples.pc'
[0.842s] Level 1:colcon.colcon_core.environment:checking '/home/sourav/ROS2-Self-Driving-Robot/control/bumperbot_ws/install/bumperbot_cpp_examples/lib/python3.10/site-packages'
[0.843s] Level 1:colcon.colcon_core.environment:checking '/home/sourav/ROS2-Self-Driving-Robot/control/bumperbot_ws/install/bumperbot_cpp_examples/bin'
[0.843s] INFO:colcon.colcon_core.shell:Creating package script '/home/sourav/ROS2-Self-Driving-Robot/control/bumperbot_ws/install/bumperbot_cpp_examples/share/bumperbot_cpp_examples/package.ps1'
[0.845s] INFO:colcon.colcon_core.shell:Creating package descriptor '/home/sourav/ROS2-Self-Driving-Robot/control/bumperbot_ws/install/bumperbot_cpp_examples/share/bumperbot_cpp_examples/package.dsv'
[0.846s] INFO:colcon.colcon_core.shell:Creating package script '/home/sourav/ROS2-Self-Driving-Robot/control/bumperbot_ws/install/bumperbot_cpp_examples/share/bumperbot_cpp_examples/package.sh'
[0.846s] INFO:colcon.colcon_core.shell:Creating package script '/home/sourav/ROS2-Self-Driving-Robot/control/bumperbot_ws/install/bumperbot_cpp_examples/share/bumperbot_cpp_examples/package.bash'
[0.846s] INFO:colcon.colcon_core.shell:Creating package script '/home/sourav/ROS2-Self-Driving-Robot/control/bumperbot_ws/install/bumperbot_cpp_examples/share/bumperbot_cpp_examples/package.zsh'
[0.847s] Level 1:colcon.colcon_core.environment:create_file_with_runtime_dependencies(/home/sourav/ROS2-Self-Driving-Robot/control/bumperbot_ws/install/bumperbot_cpp_examples/share/colcon-core/packages/bumperbot_cpp_examples)
[0.847s] Level 1:colcon.colcon_core.environment:create_environment_scripts_only(bumperbot_cpp_examples)
[0.848s] Level 1:colcon.colcon_core.environment:checking '/home/sourav/ROS2-Self-Driving-Robot/control/bumperbot_ws/install/bumperbot_cpp_examples' for CMake module files
[0.848s] Level 1:colcon.colcon_core.environment:checking '/home/sourav/ROS2-Self-Driving-Robot/control/bumperbot_ws/install/bumperbot_cpp_examples' for CMake config files
[0.849s] Level 1:colcon.colcon_core.shell:create_environment_hook('bumperbot_cpp_examples', 'cmake_prefix_path')
[0.849s] INFO:colcon.colcon_core.shell:Creating environment hook '/home/sourav/ROS2-Self-Driving-Robot/control/bumperbot_ws/install/bumperbot_cpp_examples/share/bumperbot_cpp_examples/hook/cmake_prefix_path.ps1'
[0.849s] INFO:colcon.colcon_core.shell:Creating environment descriptor '/home/sourav/ROS2-Self-Driving-Robot/control/bumperbot_ws/install/bumperbot_cpp_examples/share/bumperbot_cpp_examples/hook/cmake_prefix_path.dsv'
[0.850s] INFO:colcon.colcon_core.shell:Creating environment hook '/home/sourav/ROS2-Self-Driving-Robot/control/bumperbot_ws/install/bumperbot_cpp_examples/share/bumperbot_cpp_examples/hook/cmake_prefix_path.sh'
[0.850s] Level 1:colcon.colcon_core.environment:checking '/home/sourav/ROS2-Self-Driving-Robot/control/bumperbot_ws/install/bumperbot_cpp_examples/lib'
[0.850s] Level 1:colcon.colcon_core.environment:checking '/home/sourav/ROS2-Self-Driving-Robot/control/bumperbot_ws/install/bumperbot_cpp_examples/bin'
[0.850s] Level 1:colcon.colcon_core.environment:checking '/home/sourav/ROS2-Self-Driving-Robot/control/bumperbot_ws/install/bumperbot_cpp_examples/lib/pkgconfig/bumperbot_cpp_examples.pc'
[0.850s] Level 1:colcon.colcon_core.environment:checking '/home/sourav/ROS2-Self-Driving-Robot/control/bumperbot_ws/install/bumperbot_cpp_examples/lib/python3.10/site-packages'
[0.850s] Level 1:colcon.colcon_core.environment:checking '/home/sourav/ROS2-Self-Driving-Robot/control/bumperbot_ws/install/bumperbot_cpp_examples/bin'
[0.851s] INFO:colcon.colcon_core.shell:Creating package script '/home/sourav/ROS2-Self-Driving-Robot/control/bumperbot_ws/install/bumperbot_cpp_examples/share/bumperbot_cpp_examples/package.ps1'
[0.851s] INFO:colcon.colcon_core.shell:Creating package descriptor '/home/sourav/ROS2-Self-Driving-Robot/control/bumperbot_ws/install/bumperbot_cpp_examples/share/bumperbot_cpp_examples/package.dsv'
[0.851s] INFO:colcon.colcon_core.shell:Creating package script '/home/sourav/ROS2-Self-Driving-Robot/control/bumperbot_ws/install/bumperbot_cpp_examples/share/bumperbot_cpp_examples/package.sh'
[0.852s] INFO:colcon.colcon_core.shell:Creating package script '/home/sourav/ROS2-Self-Driving-Robot/control/bumperbot_ws/install/bumperbot_cpp_examples/share/bumperbot_cpp_examples/package.bash'
[0.852s] INFO:colcon.colcon_core.shell:Creating package script '/home/sourav/ROS2-Self-Driving-Robot/control/bumperbot_ws/install/bumperbot_cpp_examples/share/bumperbot_cpp_examples/package.zsh'
[0.852s] Level 1:colcon.colcon_core.environment:create_file_with_runtime_dependencies(/home/sourav/ROS2-Self-Driving-Robot/control/bumperbot_ws/install/bumperbot_cpp_examples/share/colcon-core/packages/bumperbot_cpp_examples)
[0.853s] Level 1:colcon.colcon_core.environment:create_environment_scripts_only(bumperbot_localization)
[0.854s] Level 1:colcon.colcon_core.environment:checking '/home/sourav/ROS2-Self-Driving-Robot/control/bumperbot_ws/install/bumperbot_localization' for CMake module files
[0.854s] DEBUG:colcon.colcon_core.event_handler.log_command:Invoked command in '/home/sourav/ROS2-Self-Driving-Robot/control/bumperbot_ws/build/bumperbot_localization' returned '0': CMAKE_PREFIX_PATH=/opt/ros/humble /usr/bin/cmake --install /home/sourav/ROS2-Self-Driving-Robot/control/bumperbot_ws/build/bumperbot_localization
[0.855s] Level 1:colcon.colcon_core.environment:checking '/home/sourav/ROS2-Self-Driving-Robot/control/bumperbot_ws/install/bumperbot_localization' for CMake config files
[0.855s] Level 1:colcon.colcon_core.shell:create_environment_hook('bumperbot_localization', 'cmake_prefix_path')
[0.856s] INFO:colcon.colcon_core.shell:Creating environment hook '/home/sourav/ROS2-Self-Driving-Robot/control/bumperbot_ws/install/bumperbot_localization/share/bumperbot_localization/hook/cmake_prefix_path.ps1'
[0.856s] INFO:colcon.colcon_core.shell:Creating environment descriptor '/home/sourav/ROS2-Self-Driving-Robot/control/bumperbot_ws/install/bumperbot_localization/share/bumperbot_localization/hook/cmake_prefix_path.dsv'
[0.857s] INFO:colcon.colcon_core.shell:Creating environment hook '/home/sourav/ROS2-Self-Driving-Robot/control/bumperbot_ws/install/bumperbot_localization/share/bumperbot_localization/hook/cmake_prefix_path.sh'
[0.857s] Level 1:colcon.colcon_core.environment:checking '/home/sourav/ROS2-Self-Driving-Robot/control/bumperbot_ws/install/bumperbot_localization/lib'
[0.857s] Level 1:colcon.colcon_core.environment:checking '/home/sourav/ROS2-Self-Driving-Robot/control/bumperbot_ws/install/bumperbot_localization/bin'
[0.857s] Level 1:colcon.colcon_core.environment:checking '/home/sourav/ROS2-Self-Driving-Robot/control/bumperbot_ws/install/bumperbot_localization/lib/pkgconfig/bumperbot_localization.pc'
[0.858s] Level 1:colcon.colcon_core.environment:checking '/home/sourav/ROS2-Self-Driving-Robot/control/bumperbot_ws/install/bumperbot_localization/lib/python3.10/site-packages'
[0.858s] Level 1:colcon.colcon_core.environment:checking '/home/sourav/ROS2-Self-Driving-Robot/control/bumperbot_ws/install/bumperbot_localization/bin'
[0.858s] INFO:colcon.colcon_core.shell:Creating package script '/home/sourav/ROS2-Self-Driving-Robot/control/bumperbot_ws/install/bumperbot_localization/share/bumperbot_localization/package.ps1'
[0.859s] INFO:colcon.colcon_core.shell:Creating package descriptor '/home/sourav/ROS2-Self-Driving-Robot/control/bumperbot_ws/install/bumperbot_localization/share/bumperbot_localization/package.dsv'
[0.859s] INFO:colcon.colcon_core.shell:Creating package script '/home/sourav/ROS2-Self-Driving-Robot/control/bumperbot_ws/install/bumperbot_localization/share/bumperbot_localization/package.sh'
[0.860s] INFO:colcon.colcon_core.shell:Creating package script '/home/sourav/ROS2-Self-Driving-Robot/control/bumperbot_ws/install/bumperbot_localization/share/bumperbot_localization/package.bash'
[0.860s] INFO:colcon.colcon_core.shell:Creating package script '/home/sourav/ROS2-Self-Driving-Robot/control/bumperbot_ws/install/bumperbot_localization/share/bumperbot_localization/package.zsh'
[0.861s] Level 1:colcon.colcon_core.environment:create_file_with_runtime_dependencies(/home/sourav/ROS2-Self-Driving-Robot/control/bumperbot_ws/install/bumperbot_localization/share/colcon-core/packages/bumperbot_localization)
[0.861s] Level 1:colcon.colcon_core.environment:create_environment_scripts_only(bumperbot_localization)
[0.862s] Level 1:colcon.colcon_core.environment:checking '/home/sourav/ROS2-Self-Driving-Robot/control/bumperbot_ws/install/bumperbot_localization' for CMake module files
[0.862s] Level 1:colcon.colcon_core.environment:checking '/home/sourav/ROS2-Self-Driving-Robot/control/bumperbot_ws/install/bumperbot_localization' for CMake config files
[0.863s] Level 1:colcon.colcon_core.shell:create_environment_hook('bumperbot_localization', 'cmake_prefix_path')
[0.863s] INFO:colcon.colcon_core.shell:Creating environment hook '/home/sourav/ROS2-Self-Driving-Robot/control/bumperbot_ws/install/bumperbot_localization/share/bumperbot_localization/hook/cmake_prefix_path.ps1'
[0.864s] INFO:colcon.colcon_core.shell:Creating environment descriptor '/home/sourav/ROS2-Self-Driving-Robot/control/bumperbot_ws/install/bumperbot_localization/share/bumperbot_localization/hook/cmake_prefix_path.dsv'
[0.864s] INFO:colcon.colcon_core.shell:Creating environment hook '/home/sourav/ROS2-Self-Driving-Robot/control/bumperbot_ws/install/bumperbot_localization/share/bumperbot_localization/hook/cmake_prefix_path.sh'
[0.865s] Level 1:colcon.colcon_core.environment:checking '/home/sourav/ROS2-Self-Driving-Robot/control/bumperbot_ws/install/bumperbot_localization/lib'
[0.865s] Level 1:colcon.colcon_core.environment:checking '/home/sourav/ROS2-Self-Driving-Robot/control/bumperbot_ws/install/bumperbot_localization/bin'
[0.865s] Level 1:colcon.colcon_core.environment:checking '/home/sourav/ROS2-Self-Driving-Robot/control/bumperbot_ws/install/bumperbot_localization/lib/pkgconfig/bumperbot_localization.pc'
[0.865s] Level 1:colcon.colcon_core.environment:checking '/home/sourav/ROS2-Self-Driving-Robot/control/bumperbot_ws/install/bumperbot_localization/lib/python3.10/site-packages'
[0.865s] Level 1:colcon.colcon_core.environment:checking '/home/sourav/ROS2-Self-Driving-Robot/control/bumperbot_ws/install/bumperbot_localization/bin'
[0.865s] INFO:colcon.colcon_core.shell:Creating package script '/home/sourav/ROS2-Self-Driving-Robot/control/bumperbot_ws/install/bumperbot_localization/share/bumperbot_localization/package.ps1'
[0.866s] INFO:colcon.colcon_core.shell:Creating package descriptor '/home/sourav/ROS2-Self-Driving-Robot/control/bumperbot_ws/install/bumperbot_localization/share/bumperbot_localization/package.dsv'
[0.866s] INFO:colcon.colcon_core.shell:Creating package script '/home/sourav/ROS2-Self-Driving-Robot/control/bumperbot_ws/install/bumperbot_localization/share/bumperbot_localization/package.sh'
[0.866s] INFO:colcon.colcon_core.shell:Creating package script '/home/sourav/ROS2-Self-Driving-Robot/control/bumperbot_ws/install/bumperbot_localization/share/bumperbot_localization/package.bash'
[0.867s] INFO:colcon.colcon_core.shell:Creating package script '/home/sourav/ROS2-Self-Driving-Robot/control/bumperbot_ws/install/bumperbot_localization/share/bumperbot_localization/package.zsh'
[0.867s] Level 1:colcon.colcon_core.environment:create_file_with_runtime_dependencies(/home/sourav/ROS2-Self-Driving-Robot/control/bumperbot_ws/install/bumperbot_localization/share/colcon-core/packages/bumperbot_localization)
[0.873s] Level 1:colcon.colcon_core.environment:create_environment_scripts_only(bumperbot_utils)
[0.874s] Level 1:colcon.colcon_core.environment:checking '/home/sourav/ROS2-Self-Driving-Robot/control/bumperbot_ws/install/bumperbot_utils' for CMake module files
[0.875s] DEBUG:colcon.colcon_core.event_handler.log_command:Invoked command in '/home/sourav/ROS2-Self-Driving-Robot/control/bumperbot_ws/build/bumperbot_utils' returned '0': CMAKE_PREFIX_PATH=/opt/ros/humble /usr/bin/cmake --install /home/sourav/ROS2-Self-Driving-Robot/control/bumperbot_ws/build/bumperbot_utils
[0.875s] Level 1:colcon.colcon_core.environment:checking '/home/sourav/ROS2-Self-Driving-Robot/control/bumperbot_ws/install/bumperbot_utils' for CMake config files
[0.876s] Level 1:colcon.colcon_core.shell:create_environment_hook('bumperbot_utils', 'cmake_prefix_path')
[0.876s] INFO:colcon.colcon_core.shell:Creating environment hook '/home/sourav/ROS2-Self-Driving-Robot/control/bumperbot_ws/install/bumperbot_utils/share/bumperbot_utils/hook/cmake_prefix_path.ps1'
[0.877s] INFO:colcon.colcon_core.shell:Creating environment descriptor '/home/sourav/ROS2-Self-Driving-Robot/control/bumperbot_ws/install/bumperbot_utils/share/bumperbot_utils/hook/cmake_prefix_path.dsv'
[0.877s] INFO:colcon.colcon_core.shell:Creating environment hook '/home/sourav/ROS2-Self-Driving-Robot/control/bumperbot_ws/install/bumperbot_utils/share/bumperbot_utils/hook/cmake_prefix_path.sh'
[0.878s] Level 1:colcon.colcon_core.environment:checking '/home/sourav/ROS2-Self-Driving-Robot/control/bumperbot_ws/install/bumperbot_utils/lib'
[0.878s] Level 1:colcon.colcon_core.environment:checking '/home/sourav/ROS2-Self-Driving-Robot/control/bumperbot_ws/install/bumperbot_utils/bin'
[0.878s] Level 1:colcon.colcon_core.environment:checking '/home/sourav/ROS2-Self-Driving-Robot/control/bumperbot_ws/install/bumperbot_utils/lib/pkgconfig/bumperbot_utils.pc'
[0.879s] Level 1:colcon.colcon_core.environment:checking '/home/sourav/ROS2-Self-Driving-Robot/control/bumperbot_ws/install/bumperbot_utils/lib/python3.10/site-packages'
[0.879s] Level 1:colcon.colcon_core.environment:checking '/home/sourav/ROS2-Self-Driving-Robot/control/bumperbot_ws/install/bumperbot_utils/bin'
[0.879s] INFO:colcon.colcon_core.shell:Creating package script '/home/sourav/ROS2-Self-Driving-Robot/control/bumperbot_ws/install/bumperbot_utils/share/bumperbot_utils/package.ps1'
[0.880s] INFO:colcon.colcon_core.shell:Creating package descriptor '/home/sourav/ROS2-Self-Driving-Robot/control/bumperbot_ws/install/bumperbot_utils/share/bumperbot_utils/package.dsv'
[0.881s] INFO:colcon.colcon_core.shell:Creating package script '/home/sourav/ROS2-Self-Driving-Robot/control/bumperbot_ws/install/bumperbot_utils/share/bumperbot_utils/package.sh'
[0.881s] INFO:colcon.colcon_core.shell:Creating package script '/home/sourav/ROS2-Self-Driving-Robot/control/bumperbot_ws/install/bumperbot_utils/share/bumperbot_utils/package.bash'
[0.882s] INFO:colcon.colcon_core.shell:Creating package script '/home/sourav/ROS2-Self-Driving-Robot/control/bumperbot_ws/install/bumperbot_utils/share/bumperbot_utils/package.zsh'
[0.882s] Level 1:colcon.colcon_core.environment:create_file_with_runtime_dependencies(/home/sourav/ROS2-Self-Driving-Robot/control/bumperbot_ws/install/bumperbot_utils/share/colcon-core/packages/bumperbot_utils)
[0.883s] Level 1:colcon.colcon_core.environment:create_environment_scripts_only(bumperbot_utils)
[0.883s] Level 1:colcon.colcon_core.environment:checking '/home/sourav/ROS2-Self-Driving-Robot/control/bumperbot_ws/install/bumperbot_utils' for CMake module files
[0.884s] Level 1:colcon.colcon_core.environment:checking '/home/sourav/ROS2-Self-Driving-Robot/control/bumperbot_ws/install/bumperbot_utils' for CMake config files
[0.885s] Level 1:colcon.colcon_core.shell:create_environment_hook('bumperbot_utils', 'cmake_prefix_path')
[0.885s] INFO:colcon.colcon_core.shell:Creating environment hook '/home/sourav/ROS2-Self-Driving-Robot/control/bumperbot_ws/install/bumperbot_utils/share/bumperbot_utils/hook/cmake_prefix_path.ps1'
[0.886s] INFO:colcon.colcon_core.shell:Creating environment descriptor '/home/sourav/ROS2-Self-Driving-Robot/control/bumperbot_ws/install/bumperbot_utils/share/bumperbot_utils/hook/cmake_prefix_path.dsv'
[0.886s] INFO:colcon.colcon_core.shell:Creating environment hook '/home/sourav/ROS2-Self-Driving-Robot/control/bumperbot_ws/install/bumperbot_utils/share/bumperbot_utils/hook/cmake_prefix_path.sh'
[0.887s] Level 1:colcon.colcon_core.environment:checking '/home/sourav/ROS2-Self-Driving-Robot/control/bumperbot_ws/install/bumperbot_utils/lib'
[0.887s] Level 1:colcon.colcon_core.environment:checking '/home/sourav/ROS2-Self-Driving-Robot/control/bumperbot_ws/install/bumperbot_utils/bin'
[0.887s] Level 1:colcon.colcon_core.environment:checking '/home/sourav/ROS2-Self-Driving-Robot/control/bumperbot_ws/install/bumperbot_utils/lib/pkgconfig/bumperbot_utils.pc'
[0.888s] Level 1:colcon.colcon_core.environment:checking '/home/sourav/ROS2-Self-Driving-Robot/control/bumperbot_ws/install/bumperbot_utils/lib/python3.10/site-packages'
[0.888s] Level 1:colcon.colcon_core.environment:checking '/home/sourav/ROS2-Self-Driving-Robot/control/bumperbot_ws/install/bumperbot_utils/bin'
[0.889s] INFO:colcon.colcon_core.shell:Creating package script '/home/sourav/ROS2-Self-Driving-Robot/control/bumperbot_ws/install/bumperbot_utils/share/bumperbot_utils/package.ps1'
[0.889s] INFO:colcon.colcon_core.shell:Creating package descriptor '/home/sourav/ROS2-Self-Driving-Robot/control/bumperbot_ws/install/bumperbot_utils/share/bumperbot_utils/package.dsv'
[0.890s] INFO:colcon.colcon_core.shell:Creating package script '/home/sourav/ROS2-Self-Driving-Robot/control/bumperbot_ws/install/bumperbot_utils/share/bumperbot_utils/package.sh'
[0.891s] INFO:colcon.colcon_core.shell:Creating package script '/home/sourav/ROS2-Self-Driving-Robot/control/bumperbot_ws/install/bumperbot_utils/share/bumperbot_utils/package.bash'
[0.892s] INFO:colcon.colcon_core.shell:Creating package script '/home/sourav/ROS2-Self-Driving-Robot/control/bumperbot_ws/install/bumperbot_utils/share/bumperbot_utils/package.zsh'
[0.892s] Level 1:colcon.colcon_core.environment:create_file_with_runtime_dependencies(/home/sourav/ROS2-Self-Driving-Robot/control/bumperbot_ws/install/bumperbot_utils/share/colcon-core/packages/bumperbot_utils)
[1.116s] DEBUG:colcon.colcon_core.event_handler.log_command:Invoking command in '/home/sourav/ROS2-Self-Driving-Robot/control/bumperbot_ws/src/bumperbot_py_examples': AMENT_PREFIX_PATH=/home/sourav/ROS2-Self-Driving-Robot/control/bumperbot_ws/install/bumperbot_msgs:${AMENT_PREFIX_PATH} CMAKE_PREFIX_PATH=/home/sourav/ROS2-Self-Driving-Robot/control/bumperbot_ws/install/bumperbot_msgs LD_LIBRARY_PATH=/home/sourav/ROS2-Self-Driving-Robot/control/bumperbot_ws/install/bumperbot_msgs/lib:${LD_LIBRARY_PATH} PYTHONPATH=/home/sourav/ROS2-Self-Driving-Robot/control/bumperbot_ws/build/bumperbot_py_examples/prefix_override:/usr/lib/python3/dist-packages/colcon_core/task/python/colcon_distutils_commands:/home/sourav/ROS2-Self-Driving-Robot/control/bumperbot_ws/install/bumperbot_py_examples/lib/python3.10/site-packages:/home/sourav/ROS2-Self-Driving-Robot/control/bumperbot_ws/install/bumperbot_msgs/local/lib/python3.10/dist-packages:${PYTHONPATH} /usr/bin/python3 -W ignore:setup.py install is deprecated -W ignore:easy_install command is deprecated setup.py egg_info --egg-base ../../build/bumperbot_py_examples build --build-base /home/sourav/ROS2-Self-Driving-Robot/control/bumperbot_ws/build/bumperbot_py_examples/build install --record /home/sourav/ROS2-Self-Driving-Robot/control/bumperbot_ws/build/bumperbot_py_examples/install.log --single-version-externally-managed install_data
[1.174s] DEBUG:colcon.colcon_core.event_handler.log_command:Invoked command in '/home/sourav/ROS2-Self-Driving-Robot/control/bumperbot_ws/build/bumperbot_firmware' returned '0': CMAKE_PREFIX_PATH=/opt/ros/humble /usr/bin/cmake --build /home/sourav/ROS2-Self-Driving-Robot/control/bumperbot_ws/build/bumperbot_firmware -- -j16 -l16
[1.176s] DEBUG:colcon.colcon_core.event_handler.log_command:Invoking command in '/home/sourav/ROS2-Self-Driving-Robot/control/bumperbot_ws/build/bumperbot_firmware': CMAKE_PREFIX_PATH=/opt/ros/humble /usr/bin/cmake --install /home/sourav/ROS2-Self-Driving-Robot/control/bumperbot_ws/build/bumperbot_firmware
[1.225s] Level 1:colcon.colcon_core.environment:create_environment_scripts_only(bumperbot_firmware)
[1.225s] Level 1:colcon.colcon_core.environment:checking '/home/sourav/ROS2-Self-Driving-Robot/control/bumperbot_ws/install/bumperbot_firmware' for CMake module files
[1.226s] DEBUG:colcon.colcon_core.event_handler.log_command:Invoked command in '/home/sourav/ROS2-Self-Driving-Robot/control/bumperbot_ws/build/bumperbot_firmware' returned '0': CMAKE_PREFIX_PATH=/opt/ros/humble /usr/bin/cmake --install /home/sourav/ROS2-Self-Driving-Robot/control/bumperbot_ws/build/bumperbot_firmware
[1.226s] Level 1:colcon.colcon_core.environment:checking '/home/sourav/ROS2-Self-Driving-Robot/control/bumperbot_ws/install/bumperbot_firmware' for CMake config files
[1.227s] Level 1:colcon.colcon_core.shell:create_environment_hook('bumperbot_firmware', 'cmake_prefix_path')
[1.227s] INFO:colcon.colcon_core.shell:Creating environment hook '/home/sourav/ROS2-Self-Driving-Robot/control/bumperbot_ws/install/bumperbot_firmware/share/bumperbot_firmware/hook/cmake_prefix_path.ps1'
[1.228s] INFO:colcon.colcon_core.shell:Creating environment descriptor '/home/sourav/ROS2-Self-Driving-Robot/control/bumperbot_ws/install/bumperbot_firmware/share/bumperbot_firmware/hook/cmake_prefix_path.dsv'
[1.228s] INFO:colcon.colcon_core.shell:Creating environment hook '/home/sourav/ROS2-Self-Driving-Robot/control/bumperbot_ws/install/bumperbot_firmware/share/bumperbot_firmware/hook/cmake_prefix_path.sh'
[1.229s] Level 1:colcon.colcon_core.environment:checking '/home/sourav/ROS2-Self-Driving-Robot/control/bumperbot_ws/install/bumperbot_firmware/lib'
[1.229s] Level 1:colcon.colcon_core.shell:create_environment_hook('bumperbot_firmware', 'ld_library_path_lib')
[1.229s] INFO:colcon.colcon_core.shell:Creating environment hook '/home/sourav/ROS2-Self-Driving-Robot/control/bumperbot_ws/install/bumperbot_firmware/share/bumperbot_firmware/hook/ld_library_path_lib.ps1'
[1.230s] INFO:colcon.colcon_core.shell:Creating environment descriptor '/home/sourav/ROS2-Self-Driving-Robot/control/bumperbot_ws/install/bumperbot_firmware/share/bumperbot_firmware/hook/ld_library_path_lib.dsv'
[1.230s] INFO:colcon.colcon_core.shell:Creating environment hook '/home/sourav/ROS2-Self-Driving-Robot/control/bumperbot_ws/install/bumperbot_firmware/share/bumperbot_firmware/hook/ld_library_path_lib.sh'
[1.230s] Level 1:colcon.colcon_core.environment:checking '/home/sourav/ROS2-Self-Driving-Robot/control/bumperbot_ws/install/bumperbot_firmware/bin'
[1.230s] Level 1:colcon.colcon_core.environment:checking '/home/sourav/ROS2-Self-Driving-Robot/control/bumperbot_ws/install/bumperbot_firmware/lib/pkgconfig/bumperbot_firmware.pc'
[1.231s] Level 1:colcon.colcon_core.environment:checking '/home/sourav/ROS2-Self-Driving-Robot/control/bumperbot_ws/install/bumperbot_firmware/lib/python3.10/site-packages'
[1.231s] Level 1:colcon.colcon_core.environment:checking '/home/sourav/ROS2-Self-Driving-Robot/control/bumperbot_ws/install/bumperbot_firmware/bin'
[1.231s] INFO:colcon.colcon_core.shell:Creating package script '/home/sourav/ROS2-Self-Driving-Robot/control/bumperbot_ws/install/bumperbot_firmware/share/bumperbot_firmware/package.ps1'
[1.231s] INFO:colcon.colcon_core.shell:Creating package descriptor '/home/sourav/ROS2-Self-Driving-Robot/control/bumperbot_ws/install/bumperbot_firmware/share/bumperbot_firmware/package.dsv'
[1.232s] INFO:colcon.colcon_core.shell:Creating package script '/home/sourav/ROS2-Self-Driving-Robot/control/bumperbot_ws/install/bumperbot_firmware/share/bumperbot_firmware/package.sh'
[1.232s] INFO:colcon.colcon_core.shell:Creating package script '/home/sourav/ROS2-Self-Driving-Robot/control/bumperbot_ws/install/bumperbot_firmware/share/bumperbot_firmware/package.bash'
[1.232s] INFO:colcon.colcon_core.shell:Creating package script '/home/sourav/ROS2-Self-Driving-Robot/control/bumperbot_ws/install/bumperbot_firmware/share/bumperbot_firmware/package.zsh'
[1.232s] Level 1:colcon.colcon_core.environment:create_file_with_runtime_dependencies(/home/sourav/ROS2-Self-Driving-Robot/control/bumperbot_ws/install/bumperbot_firmware/share/colcon-core/packages/bumperbot_firmware)
[1.233s] Level 1:colcon.colcon_core.environment:create_environment_scripts_only(bumperbot_firmware)
[1.233s] Level 1:colcon.colcon_core.environment:checking '/home/sourav/ROS2-Self-Driving-Robot/control/bumperbot_ws/install/bumperbot_firmware' for CMake module files
[1.233s] Level 1:colcon.colcon_core.environment:checking '/home/sourav/ROS2-Self-Driving-Robot/control/bumperbot_ws/install/bumperbot_firmware' for CMake config files
[1.234s] Level 1:colcon.colcon_core.shell:create_environment_hook('bumperbot_firmware', 'cmake_prefix_path')
[1.234s] INFO:colcon.colcon_core.shell:Creating environment hook '/home/sourav/ROS2-Self-Driving-Robot/control/bumperbot_ws/install/bumperbot_firmware/share/bumperbot_firmware/hook/cmake_prefix_path.ps1'
[1.234s] INFO:colcon.colcon_core.shell:Creating environment descriptor '/home/sourav/ROS2-Self-Driving-Robot/control/bumperbot_ws/install/bumperbot_firmware/share/bumperbot_firmware/hook/cmake_prefix_path.dsv'
[1.234s] INFO:colcon.colcon_core.shell:Creating environment hook '/home/sourav/ROS2-Self-Driving-Robot/control/bumperbot_ws/install/bumperbot_firmware/share/bumperbot_firmware/hook/cmake_prefix_path.sh'
[1.235s] Level 1:colcon.colcon_core.environment:checking '/home/sourav/ROS2-Self-Driving-Robot/control/bumperbot_ws/install/bumperbot_firmware/lib'
[1.235s] Level 1:colcon.colcon_core.shell:create_environment_hook('bumperbot_firmware', 'ld_library_path_lib')
[1.235s] INFO:colcon.colcon_core.shell:Creating environment hook '/home/sourav/ROS2-Self-Driving-Robot/control/bumperbot_ws/install/bumperbot_firmware/share/bumperbot_firmware/hook/ld_library_path_lib.ps1'
[1.235s] INFO:colcon.colcon_core.shell:Creating environment descriptor '/home/sourav/ROS2-Self-Driving-Robot/control/bumperbot_ws/install/bumperbot_firmware/share/bumperbot_firmware/hook/ld_library_path_lib.dsv'
[1.235s] INFO:colcon.colcon_core.shell:Creating environment hook '/home/sourav/ROS2-Self-Driving-Robot/control/bumperbot_ws/install/bumperbot_firmware/share/bumperbot_firmware/hook/ld_library_path_lib.sh'
[1.235s] Level 1:colcon.colcon_core.environment:checking '/home/sourav/ROS2-Self-Driving-Robot/control/bumperbot_ws/install/bumperbot_firmware/bin'
[1.235s] Level 1:colcon.colcon_core.environment:checking '/home/sourav/ROS2-Self-Driving-Robot/control/bumperbot_ws/install/bumperbot_firmware/lib/pkgconfig/bumperbot_firmware.pc'
[1.236s] Level 1:colcon.colcon_core.environment:checking '/home/sourav/ROS2-Self-Driving-Robot/control/bumperbot_ws/install/bumperbot_firmware/lib/python3.10/site-packages'
[1.236s] Level 1:colcon.colcon_core.environment:checking '/home/sourav/ROS2-Self-Driving-Robot/control/bumperbot_ws/install/bumperbot_firmware/bin'
[1.236s] INFO:colcon.colcon_core.shell:Creating package script '/home/sourav/ROS2-Self-Driving-Robot/control/bumperbot_ws/install/bumperbot_firmware/share/bumperbot_firmware/package.ps1'
[1.236s] INFO:colcon.colcon_core.shell:Creating package descriptor '/home/sourav/ROS2-Self-Driving-Robot/control/bumperbot_ws/install/bumperbot_firmware/share/bumperbot_firmware/package.dsv'
[1.237s] INFO:colcon.colcon_core.shell:Creating package script '/home/sourav/ROS2-Self-Driving-Robot/control/bumperbot_ws/install/bumperbot_firmware/share/bumperbot_firmware/package.sh'
[1.237s] INFO:colcon.colcon_core.shell:Creating package script '/home/sourav/ROS2-Self-Driving-Robot/control/bumperbot_ws/install/bumperbot_firmware/share/bumperbot_firmware/package.bash'
[1.237s] INFO:colcon.colcon_core.shell:Creating package script '/home/sourav/ROS2-Self-Driving-Robot/control/bumperbot_ws/install/bumperbot_firmware/share/bumperbot_firmware/package.zsh'
[1.237s] Level 1:colcon.colcon_core.environment:create_file_with_runtime_dependencies(/home/sourav/ROS2-Self-Driving-Robot/control/bumperbot_ws/install/bumperbot_firmware/share/colcon-core/packages/bumperbot_firmware)
[1.331s] Level 1:colcon.colcon_core.environment:checking '/home/sourav/ROS2-Self-Driving-Robot/control/bumperbot_ws/install/bumperbot_py_examples' for CMake module files
[1.331s] DEBUG:colcon.colcon_core.event_handler.log_command:Invoked command in '/home/sourav/ROS2-Self-Driving-Robot/control/bumperbot_ws/src/bumperbot_py_examples' returned '0': AMENT_PREFIX_PATH=/home/sourav/ROS2-Self-Driving-Robot/control/bumperbot_ws/install/bumperbot_msgs:${AMENT_PREFIX_PATH} CMAKE_PREFIX_PATH=/home/sourav/ROS2-Self-Driving-Robot/control/bumperbot_ws/install/bumperbot_msgs LD_LIBRARY_PATH=/home/sourav/ROS2-Self-Driving-Robot/control/bumperbot_ws/install/bumperbot_msgs/lib:${LD_LIBRARY_PATH} PYTHONPATH=/home/sourav/ROS2-Self-Driving-Robot/control/bumperbot_ws/build/bumperbot_py_examples/prefix_override:/usr/lib/python3/dist-packages/colcon_core/task/python/colcon_distutils_commands:/home/sourav/ROS2-Self-Driving-Robot/control/bumperbot_ws/install/bumperbot_py_examples/lib/python3.10/site-packages:/home/sourav/ROS2-Self-Driving-Robot/control/bumperbot_ws/install/bumperbot_msgs/local/lib/python3.10/dist-packages:${PYTHONPATH} /usr/bin/python3 -W ignore:setup.py install is deprecated -W ignore:easy_install command is deprecated setup.py egg_info --egg-base ../../build/bumperbot_py_examples build --build-base /home/sourav/ROS2-Self-Driving-Robot/control/bumperbot_ws/build/bumperbot_py_examples/build install --record /home/sourav/ROS2-Self-Driving-Robot/control/bumperbot_ws/build/bumperbot_py_examples/install.log --single-version-externally-managed install_data
[1.331s] Level 1:colcon.colcon_core.environment:checking '/home/sourav/ROS2-Self-Driving-Robot/control/bumperbot_ws/install/bumperbot_py_examples' for CMake config files
[1.332s] Level 1:colcon.colcon_core.environment:checking '/home/sourav/ROS2-Self-Driving-Robot/control/bumperbot_ws/install/bumperbot_py_examples/lib'
[1.332s] Level 1:colcon.colcon_core.environment:checking '/home/sourav/ROS2-Self-Driving-Robot/control/bumperbot_ws/install/bumperbot_py_examples/bin'
[1.332s] Level 1:colcon.colcon_core.environment:checking '/home/sourav/ROS2-Self-Driving-Robot/control/bumperbot_ws/install/bumperbot_py_examples/lib/pkgconfig/bumperbot_py_examples.pc'
[1.332s] Level 1:colcon.colcon_core.environment:checking '/home/sourav/ROS2-Self-Driving-Robot/control/bumperbot_ws/install/bumperbot_py_examples/lib/python3.10/site-packages'
[1.332s] Level 1:colcon.colcon_core.shell:create_environment_hook('bumperbot_py_examples', 'pythonpath')
[1.332s] INFO:colcon.colcon_core.shell:Creating environment hook '/home/sourav/ROS2-Self-Driving-Robot/control/bumperbot_ws/install/bumperbot_py_examples/share/bumperbot_py_examples/hook/pythonpath.ps1'
[1.333s] INFO:colcon.colcon_core.shell:Creating environment descriptor '/home/sourav/ROS2-Self-Driving-Robot/control/bumperbot_ws/install/bumperbot_py_examples/share/bumperbot_py_examples/hook/pythonpath.dsv'
[1.333s] INFO:colcon.colcon_core.shell:Creating environment hook '/home/sourav/ROS2-Self-Driving-Robot/control/bumperbot_ws/install/bumperbot_py_examples/share/bumperbot_py_examples/hook/pythonpath.sh'
[1.333s] Level 1:colcon.colcon_core.environment:checking '/home/sourav/ROS2-Self-Driving-Robot/control/bumperbot_ws/install/bumperbot_py_examples/bin'
[1.333s] Level 1:colcon.colcon_core.environment:create_environment_scripts_only(bumperbot_py_examples)
[1.333s] INFO:colcon.colcon_core.shell:Creating package script '/home/sourav/ROS2-Self-Driving-Robot/control/bumperbot_ws/install/bumperbot_py_examples/share/bumperbot_py_examples/package.ps1'
[1.334s] INFO:colcon.colcon_core.shell:Creating package descriptor '/home/sourav/ROS2-Self-Driving-Robot/control/bumperbot_ws/install/bumperbot_py_examples/share/bumperbot_py_examples/package.dsv'
[1.334s] INFO:colcon.colcon_core.shell:Creating package script '/home/sourav/ROS2-Self-Driving-Robot/control/bumperbot_ws/install/bumperbot_py_examples/share/bumperbot_py_examples/package.sh'
[1.334s] INFO:colcon.colcon_core.shell:Creating package script '/home/sourav/ROS2-Self-Driving-Robot/control/bumperbot_ws/install/bumperbot_py_examples/share/bumperbot_py_examples/package.bash'
[1.334s] INFO:colcon.colcon_core.shell:Creating package script '/home/sourav/ROS2-Self-Driving-Robot/control/bumperbot_ws/install/bumperbot_py_examples/share/bumperbot_py_examples/package.zsh'
[1.335s] Level 1:colcon.colcon_core.environment:create_file_with_runtime_dependencies(/home/sourav/ROS2-Self-Driving-Robot/control/bumperbot_ws/install/bumperbot_py_examples/share/colcon-core/packages/bumperbot_py_examples)
[1.335s] DEBUG:colcon.colcon_parallel_executor.executor.parallel:closing loop
[1.335s] DEBUG:colcon.colcon_parallel_executor.executor.parallel:loop closed
[1.335s] DEBUG:colcon.colcon_parallel_executor.executor.parallel:run_until_complete finished with '0'
[1.335s] DEBUG:colcon.colcon_core.event_reactor:joining thread
[1.340s] INFO:colcon.colcon_core.plugin_system:Skipping extension 'colcon_notification.desktop_notification.terminal_notifier': Not used on non-Darwin systems
[1.340s] INFO:colcon.colcon_core.plugin_system:Skipping extension 'colcon_notification.desktop_notification.win32': Not used on non-Windows systems
[1.340s] INFO:colcon.colcon_notification.desktop_notification:Sending desktop notification using 'notify2'
[1.349s] DEBUG:colcon.colcon_core.event_reactor:joined thread
[1.349s] INFO:colcon.colcon_core.shell:Creating prefix script '/home/sourav/ROS2-Self-Driving-Robot/control/bumperbot_ws/install/local_setup.ps1'
[1.350s] INFO:colcon.colcon_core.shell:Creating prefix util module '/home/sourav/ROS2-Self-Driving-Robot/control/bumperbot_ws/install/_local_setup_util_ps1.py'
[1.352s] INFO:colcon.colcon_core.shell:Creating prefix chain script '/home/sourav/ROS2-Self-Driving-Robot/control/bumperbot_ws/install/setup.ps1'
[1.353s] INFO:colcon.colcon_core.shell:Creating prefix script '/home/sourav/ROS2-Self-Driving-Robot/control/bumperbot_ws/install/local_setup.sh'
[1.354s] INFO:colcon.colcon_core.shell:Creating prefix util module '/home/sourav/ROS2-Self-Driving-Robot/control/bumperbot_ws/install/_local_setup_util_sh.py'
[1.354s] INFO:colcon.colcon_core.shell:Creating prefix chain script '/home/sourav/ROS2-Self-Driving-Robot/control/bumperbot_ws/install/setup.sh'
[1.355s] INFO:colcon.colcon_core.shell:Creating prefix script '/home/sourav/ROS2-Self-Driving-Robot/control/bumperbot_ws/install/local_setup.bash'
[1.355s] INFO:colcon.colcon_core.shell:Creating prefix chain script '/home/sourav/ROS2-Self-Driving-Robot/control/bumperbot_ws/install/setup.bash'
[1.356s] INFO:colcon.colcon_core.shell:Creating prefix script '/home/sourav/ROS2-Self-Driving-Robot/control/bumperbot_ws/install/local_setup.zsh'
[1.356s] INFO:colcon.colcon_core.shell:Creating prefix chain script '/home/sourav/ROS2-Self-Driving-Robot/control/bumperbot_ws/install/setup.zsh'
