[0.070s] DEBUG:colcon:Command line arguments: ['/usr/bin/colcon', 'build']
[0.070s] DEBUG:colcon:Parsed command line arguments: Namespace(log_base=None, log_level=None, verb_name='build', build_base='build', install_base='install', merge_install=False, symlink_install=False, test_result_base=None, continue_on_error=False, executor='parallel', parallel_workers=16, event_handlers=None, ignore_user_meta=False, metas=['./colcon.meta'], base_paths=['.'], packages_ignore=None, packages_ignore_regex=None, paths=None, packages_up_to=None, packages_up_to_regex=None, packages_above=None, packages_above_and_dependencies=None, packages_above_depth=None, packages_select_by_dep=None, packages_skip_by_dep=None, packages_skip_up_to=None, packages_select_build_failed=False, packages_skip_build_finished=False, packages_select_test_failures=False, packages_skip_test_passed=False, packages_select=None, packages_skip=None, packages_select_regex=None, packages_skip_regex=None, packages_start=None, packages_end=None, allow_overriding=[], cmake_args=None, cmake_target=None, cmake_target_skip_unavailable=False, cmake_clean_cache=False, cmake_clean_first=False, cmake_force_configure=False, ament_cmake_args=None, catkin_cmake_args=None, catkin_skip_building_tests=False, mixin_files=None, mixin=None, verb_parser=<colcon_mixin.mixin.mixin_argument.MixinArgumentDecorator object at 0x790e4b353af0>, verb_extension=<colcon_core.verb.build.BuildVerb object at 0x790e4b353580>, main=<bound method BuildVerb.main of <colcon_core.verb.build.BuildVerb object at 0x790e4b353580>>, mixin_verb=('build',))
[0.164s] Level 1:colcon.colcon_core.package_discovery:discover_packages(colcon_meta) check parameters
[0.164s] Level 1:colcon.colcon_core.package_discovery:discover_packages(recursive) check parameters
[0.164s] Level 1:colcon.colcon_core.package_discovery:discover_packages(ignore) check parameters
[0.164s] Level 1:colcon.colcon_core.package_discovery:discover_packages(path) check parameters
[0.164s] Level 1:colcon.colcon_core.package_discovery:discover_packages(colcon_meta) discover
[0.164s] Level 1:colcon.colcon_core.package_discovery:discover_packages(recursive) discover
[0.164s] INFO:colcon.colcon_core.package_discovery:Crawling recursively for packages in '/home/sourav/ROS2-Self-Driving-Robot/control/bumperbot_ws'
[0.164s] Level 1:colcon.colcon_core.package_identification:_identify(.) by extensions ['ignore', 'ignore_ament_install']
[0.164s] Level 1:colcon.colcon_core.package_identification:_identify(.) by extension 'ignore'
[0.164s] Level 1:colcon.colcon_core.package_identification:_identify(.) by extension 'ignore_ament_install'
[0.164s] Level 1:colcon.colcon_core.package_identification:_identify(.) by extensions ['colcon_pkg']
[0.164s] Level 1:colcon.colcon_core.package_identification:_identify(.) by extension 'colcon_pkg'
[0.164s] Level 1:colcon.colcon_core.package_identification:_identify(.) by extensions ['colcon_meta']
[0.164s] Level 1:colcon.colcon_core.package_identification:_identify(.) by extension 'colcon_meta'
[0.164s] Level 1:colcon.colcon_core.package_identification:_identify(.) by extensions ['ros']
[0.164s] Level 1:colcon.colcon_core.package_identification:_identify(.) by extension 'ros'
[0.170s] Level 1:colcon.colcon_core.package_identification:_identify(.) by extensions ['cmake', 'python']
[0.171s] Level 1:colcon.colcon_core.package_identification:_identify(.) by extension 'cmake'
[0.171s] Level 1:colcon.colcon_core.package_identification:_identify(.) by extension 'python'
[0.171s] Level 1:colcon.colcon_core.package_identification:_identify(.) by extensions ['python_setup_py']
[0.171s] Level 1:colcon.colcon_core.package_identification:_identify(.) by extension 'python_setup_py'
[0.171s] Level 1:colcon.colcon_core.package_identification:_identify(build) by extensions ['ignore', 'ignore_ament_install']
[0.171s] Level 1:colcon.colcon_core.package_identification:_identify(build) by extension 'ignore'
[0.171s] Level 1:colcon.colcon_core.package_identification:_identify(build) ignored
[0.171s] Level 1:colcon.colcon_core.package_identification:_identify(install) by extensions ['ignore', 'ignore_ament_install']
[0.171s] Level 1:colcon.colcon_core.package_identification:_identify(install) by extension 'ignore'
[0.171s] Level 1:colcon.colcon_core.package_identification:_identify(install) ignored
[0.171s] Level 1:colcon.colcon_core.package_identification:_identify(log) by extensions ['ignore', 'ignore_ament_install']
[0.171s] Level 1:colcon.colcon_core.package_identification:_identify(log) by extension 'ignore'
[0.171s] Level 1:colcon.colcon_core.package_identification:_identify(log) ignored
[0.171s] Level 1:colcon.colcon_core.package_identification:_identify(src) by extensions ['ignore', 'ignore_ament_install']
[0.171s] Level 1:colcon.colcon_core.package_identification:_identify(src) by extension 'ignore'
[0.171s] Level 1:colcon.colcon_core.package_identification:_identify(src) by extension 'ignore_ament_install'
[0.171s] Level 1:colcon.colcon_core.package_identification:_identify(src) by extensions ['colcon_pkg']
[0.171s] Level 1:colcon.colcon_core.package_identification:_identify(src) by extension 'colcon_pkg'
[0.171s] Level 1:colcon.colcon_core.package_identification:_identify(src) by extensions ['colcon_meta']
[0.171s] Level 1:colcon.colcon_core.package_identification:_identify(src) by extension 'colcon_meta'
[0.171s] Level 1:colcon.colcon_core.package_identification:_identify(src) by extensions ['ros']
[0.171s] Level 1:colcon.colcon_core.package_identification:_identify(src) by extension 'ros'
[0.171s] Level 1:colcon.colcon_core.package_identification:_identify(src) by extensions ['cmake', 'python']
[0.171s] Level 1:colcon.colcon_core.package_identification:_identify(src) by extension 'cmake'
[0.171s] Level 1:colcon.colcon_core.package_identification:_identify(src) by extension 'python'
[0.171s] Level 1:colcon.colcon_core.package_identification:_identify(src) by extensions ['python_setup_py']
[0.171s] Level 1:colcon.colcon_core.package_identification:_identify(src) by extension 'python_setup_py'
[0.171s] Level 1:colcon.colcon_core.package_identification:_identify(src/bumperbot_bringup) by extensions ['ignore', 'ignore_ament_install']
[0.171s] Level 1:colcon.colcon_core.package_identification:_identify(src/bumperbot_bringup) by extension 'ignore'
[0.171s] Level 1:colcon.colcon_core.package_identification:_identify(src/bumperbot_bringup) by extension 'ignore_ament_install'
[0.172s] Level 1:colcon.colcon_core.package_identification:_identify(src/bumperbot_bringup) by extensions ['colcon_pkg']
[0.172s] Level 1:colcon.colcon_core.package_identification:_identify(src/bumperbot_bringup) by extension 'colcon_pkg'
[0.172s] Level 1:colcon.colcon_core.package_identification:_identify(src/bumperbot_bringup) by extensions ['colcon_meta']
[0.172s] Level 1:colcon.colcon_core.package_identification:_identify(src/bumperbot_bringup) by extension 'colcon_meta'
[0.172s] Level 1:colcon.colcon_core.package_identification:_identify(src/bumperbot_bringup) by extensions ['ros']
[0.172s] Level 1:colcon.colcon_core.package_identification:_identify(src/bumperbot_bringup) by extension 'ros'
[0.173s] DEBUG:colcon.colcon_core.package_identification:Package 'src/bumperbot_bringup' with type 'ros.ament_cmake' and name 'bumperbot_bringup'
[0.173s] Level 1:colcon.colcon_core.package_identification:_identify(src/bumperbot_controller) by extensions ['ignore', 'ignore_ament_install']
[0.173s] Level 1:colcon.colcon_core.package_identification:_identify(src/bumperbot_controller) by extension 'ignore'
[0.173s] Level 1:colcon.colcon_core.package_identification:_identify(src/bumperbot_controller) by extension 'ignore_ament_install'
[0.173s] Level 1:colcon.colcon_core.package_identification:_identify(src/bumperbot_controller) by extensions ['colcon_pkg']
[0.173s] Level 1:colcon.colcon_core.package_identification:_identify(src/bumperbot_controller) by extension 'colcon_pkg'
[0.173s] Level 1:colcon.colcon_core.package_identification:_identify(src/bumperbot_controller) by extensions ['colcon_meta']
[0.173s] Level 1:colcon.colcon_core.package_identification:_identify(src/bumperbot_controller) by extension 'colcon_meta'
[0.173s] Level 1:colcon.colcon_core.package_identification:_identify(src/bumperbot_controller) by extensions ['ros']
[0.173s] Level 1:colcon.colcon_core.package_identification:_identify(src/bumperbot_controller) by extension 'ros'
[0.174s] DEBUG:colcon.colcon_core.package_identification:Package 'src/bumperbot_controller' with type 'ros.ament_cmake' and name 'bumperbot_controller'
[0.174s] Level 1:colcon.colcon_core.package_identification:_identify(src/bumperbot_cpp_examples) by extensions ['ignore', 'ignore_ament_install']
[0.174s] Level 1:colcon.colcon_core.package_identification:_identify(src/bumperbot_cpp_examples) by extension 'ignore'
[0.174s] Level 1:colcon.colcon_core.package_identification:_identify(src/bumperbot_cpp_examples) by extension 'ignore_ament_install'
[0.174s] Level 1:colcon.colcon_core.package_identification:_identify(src/bumperbot_cpp_examples) by extensions ['colcon_pkg']
[0.174s] Level 1:colcon.colcon_core.package_identification:_identify(src/bumperbot_cpp_examples) by extension 'colcon_pkg'
[0.174s] Level 1:colcon.colcon_core.package_identification:_identify(src/bumperbot_cpp_examples) by extensions ['colcon_meta']
[0.174s] Level 1:colcon.colcon_core.package_identification:_identify(src/bumperbot_cpp_examples) by extension 'colcon_meta'
[0.174s] Level 1:colcon.colcon_core.package_identification:_identify(src/bumperbot_cpp_examples) by extensions ['ros']
[0.174s] Level 1:colcon.colcon_core.package_identification:_identify(src/bumperbot_cpp_examples) by extension 'ros'
[0.175s] DEBUG:colcon.colcon_core.package_identification:Package 'src/bumperbot_cpp_examples' with type 'ros.ament_cmake' and name 'bumperbot_cpp_examples'
[0.175s] Level 1:colcon.colcon_core.package_identification:_identify(src/bumperbot_description) by extensions ['ignore', 'ignore_ament_install']
[0.175s] Level 1:colcon.colcon_core.package_identification:_identify(src/bumperbot_description) by extension 'ignore'
[0.175s] Level 1:colcon.colcon_core.package_identification:_identify(src/bumperbot_description) by extension 'ignore_ament_install'
[0.175s] Level 1:colcon.colcon_core.package_identification:_identify(src/bumperbot_description) by extensions ['colcon_pkg']
[0.175s] Level 1:colcon.colcon_core.package_identification:_identify(src/bumperbot_description) by extension 'colcon_pkg'
[0.175s] Level 1:colcon.colcon_core.package_identification:_identify(src/bumperbot_description) by extensions ['colcon_meta']
[0.175s] Level 1:colcon.colcon_core.package_identification:_identify(src/bumperbot_description) by extension 'colcon_meta'
[0.175s] Level 1:colcon.colcon_core.package_identification:_identify(src/bumperbot_description) by extensions ['ros']
[0.175s] Level 1:colcon.colcon_core.package_identification:_identify(src/bumperbot_description) by extension 'ros'
[0.175s] DEBUG:colcon.colcon_core.package_identification:Package 'src/bumperbot_description' with type 'ros.ament_cmake' and name 'bumperbot_description'
[0.175s] Level 1:colcon.colcon_core.package_identification:_identify(src/bumperbot_firmware) by extensions ['ignore', 'ignore_ament_install']
[0.175s] Level 1:colcon.colcon_core.package_identification:_identify(src/bumperbot_firmware) by extension 'ignore'
[0.175s] Level 1:colcon.colcon_core.package_identification:_identify(src/bumperbot_firmware) by extension 'ignore_ament_install'
[0.175s] Level 1:colcon.colcon_core.package_identification:_identify(src/bumperbot_firmware) by extensions ['colcon_pkg']
[0.175s] Level 1:colcon.colcon_core.package_identification:_identify(src/bumperbot_firmware) by extension 'colcon_pkg'
[0.176s] Level 1:colcon.colcon_core.package_identification:_identify(src/bumperbot_firmware) by extensions ['colcon_meta']
[0.176s] Level 1:colcon.colcon_core.package_identification:_identify(src/bumperbot_firmware) by extension 'colcon_meta'
[0.176s] Level 1:colcon.colcon_core.package_identification:_identify(src/bumperbot_firmware) by extensions ['ros']
[0.176s] Level 1:colcon.colcon_core.package_identification:_identify(src/bumperbot_firmware) by extension 'ros'
[0.176s] DEBUG:colcon.colcon_core.package_identification:Package 'src/bumperbot_firmware' with type 'ros.ament_cmake' and name 'bumperbot_firmware'
[0.176s] Level 1:colcon.colcon_core.package_identification:_identify(src/bumperbot_localization) by extensions ['ignore', 'ignore_ament_install']
[0.176s] Level 1:colcon.colcon_core.package_identification:_identify(src/bumperbot_localization) by extension 'ignore'
[0.176s] Level 1:colcon.colcon_core.package_identification:_identify(src/bumperbot_localization) by extension 'ignore_ament_install'
[0.176s] Level 1:colcon.colcon_core.package_identification:_identify(src/bumperbot_localization) by extensions ['colcon_pkg']
[0.176s] Level 1:colcon.colcon_core.package_identification:_identify(src/bumperbot_localization) by extension 'colcon_pkg'
[0.176s] Level 1:colcon.colcon_core.package_identification:_identify(src/bumperbot_localization) by extensions ['colcon_meta']
[0.176s] Level 1:colcon.colcon_core.package_identification:_identify(src/bumperbot_localization) by extension 'colcon_meta'
[0.176s] Level 1:colcon.colcon_core.package_identification:_identify(src/bumperbot_localization) by extensions ['ros']
[0.176s] Level 1:colcon.colcon_core.package_identification:_identify(src/bumperbot_localization) by extension 'ros'
[0.177s] DEBUG:colcon.colcon_core.package_identification:Package 'src/bumperbot_localization' with type 'ros.ament_cmake' and name 'bumperbot_localization'
[0.177s] Level 1:colcon.colcon_core.package_identification:_identify(src/bumperbot_msgs) by extensions ['ignore', 'ignore_ament_install']
[0.177s] Level 1:colcon.colcon_core.package_identification:_identify(src/bumperbot_msgs) by extension 'ignore'
[0.177s] Level 1:colcon.colcon_core.package_identification:_identify(src/bumperbot_msgs) by extension 'ignore_ament_install'
[0.177s] Level 1:colcon.colcon_core.package_identification:_identify(src/bumperbot_msgs) by extensions ['colcon_pkg']
[0.177s] Level 1:colcon.colcon_core.package_identification:_identify(src/bumperbot_msgs) by extension 'colcon_pkg'
[0.177s] Level 1:colcon.colcon_core.package_identification:_identify(src/bumperbot_msgs) by extensions ['colcon_meta']
[0.177s] Level 1:colcon.colcon_core.package_identification:_identify(src/bumperbot_msgs) by extension 'colcon_meta'
[0.177s] Level 1:colcon.colcon_core.package_identification:_identify(src/bumperbot_msgs) by extensions ['ros']
[0.177s] Level 1:colcon.colcon_core.package_identification:_identify(src/bumperbot_msgs) by extension 'ros'
[0.177s] DEBUG:colcon.colcon_core.package_identification:Package 'src/bumperbot_msgs' with type 'ros.ament_cmake' and name 'bumperbot_msgs'
[0.177s] Level 1:colcon.colcon_core.package_identification:_identify(src/bumperbot_py_examples) by extensions ['ignore', 'ignore_ament_install']
[0.177s] Level 1:colcon.colcon_core.package_identification:_identify(src/bumperbot_py_examples) by extension 'ignore'
[0.177s] Level 1:colcon.colcon_core.package_identification:_identify(src/bumperbot_py_examples) by extension 'ignore_ament_install'
[0.177s] Level 1:colcon.colcon_core.package_identification:_identify(src/bumperbot_py_examples) by extensions ['colcon_pkg']
[0.177s] Level 1:colcon.colcon_core.package_identification:_identify(src/bumperbot_py_examples) by extension 'colcon_pkg'
[0.177s] Level 1:colcon.colcon_core.package_identification:_identify(src/bumperbot_py_examples) by extensions ['colcon_meta']
[0.177s] Level 1:colcon.colcon_core.package_identification:_identify(src/bumperbot_py_examples) by extension 'colcon_meta'
[0.178s] Level 1:colcon.colcon_core.package_identification:_identify(src/bumperbot_py_examples) by extensions ['ros']
[0.178s] Level 1:colcon.colcon_core.package_identification:_identify(src/bumperbot_py_examples) by extension 'ros'
[0.178s] DEBUG:colcon.colcon_core.package_identification:Package 'src/bumperbot_py_examples' with type 'ros.ament_python' and name 'bumperbot_py_examples'
[0.178s] Level 1:colcon.colcon_core.package_identification:_identify(src/bumperbot_utils) by extensions ['ignore', 'ignore_ament_install']
[0.178s] Level 1:colcon.colcon_core.package_identification:_identify(src/bumperbot_utils) by extension 'ignore'
[0.178s] Level 1:colcon.colcon_core.package_identification:_identify(src/bumperbot_utils) by extension 'ignore_ament_install'
[0.178s] Level 1:colcon.colcon_core.package_identification:_identify(src/bumperbot_utils) by extensions ['colcon_pkg']
[0.178s] Level 1:colcon.colcon_core.package_identification:_identify(src/bumperbot_utils) by extension 'colcon_pkg'
[0.178s] Level 1:colcon.colcon_core.package_identification:_identify(src/bumperbot_utils) by extensions ['colcon_meta']
[0.178s] Level 1:colcon.colcon_core.package_identification:_identify(src/bumperbot_utils) by extension 'colcon_meta'
[0.178s] Level 1:colcon.colcon_core.package_identification:_identify(src/bumperbot_utils) by extensions ['ros']
[0.178s] Level 1:colcon.colcon_core.package_identification:_identify(src/bumperbot_utils) by extension 'ros'
[0.179s] DEBUG:colcon.colcon_core.package_identification:Package 'src/bumperbot_utils' with type 'ros.ament_cmake' and name 'bumperbot_utils'
[0.179s] Level 1:colcon.colcon_core.package_identification:_identify(src/imu_tools) by extensions ['ignore', 'ignore_ament_install']
[0.179s] Level 1:colcon.colcon_core.package_identification:_identify(src/imu_tools) by extension 'ignore'
[0.179s] Level 1:colcon.colcon_core.package_identification:_identify(src/imu_tools) by extension 'ignore_ament_install'
[0.179s] Level 1:colcon.colcon_core.package_identification:_identify(src/imu_tools) by extensions ['colcon_pkg']
[0.179s] Level 1:colcon.colcon_core.package_identification:_identify(src/imu_tools) by extension 'colcon_pkg'
[0.179s] Level 1:colcon.colcon_core.package_identification:_identify(src/imu_tools) by extensions ['colcon_meta']
[0.179s] Level 1:colcon.colcon_core.package_identification:_identify(src/imu_tools) by extension 'colcon_meta'
[0.179s] Level 1:colcon.colcon_core.package_identification:_identify(src/imu_tools) by extensions ['ros']
[0.179s] Level 1:colcon.colcon_core.package_identification:_identify(src/imu_tools) by extension 'ros'
[0.179s] Level 1:colcon.colcon_core.package_identification:_identify(src/imu_tools) by extensions ['cmake', 'python']
[0.179s] Level 1:colcon.colcon_core.package_identification:_identify(src/imu_tools) by extension 'cmake'
[0.179s] Level 1:colcon.colcon_core.package_identification:_identify(src/imu_tools) by extension 'python'
[0.179s] Level 1:colcon.colcon_core.package_identification:_identify(src/imu_tools) by extensions ['python_setup_py']
[0.179s] Level 1:colcon.colcon_core.package_identification:_identify(src/imu_tools) by extension 'python_setup_py'
[0.179s] Level 1:colcon.colcon_core.package_identification:_identify(src/imu_tools/imu_complementary_filter) by extensions ['ignore', 'ignore_ament_install']
[0.179s] Level 1:colcon.colcon_core.package_identification:_identify(src/imu_tools/imu_complementary_filter) by extension 'ignore'
[0.179s] Level 1:colcon.colcon_core.package_identification:_identify(src/imu_tools/imu_complementary_filter) by extension 'ignore_ament_install'
[0.179s] Level 1:colcon.colcon_core.package_identification:_identify(src/imu_tools/imu_complementary_filter) by extensions ['colcon_pkg']
[0.179s] Level 1:colcon.colcon_core.package_identification:_identify(src/imu_tools/imu_complementary_filter) by extension 'colcon_pkg'
[0.179s] Level 1:colcon.colcon_core.package_identification:_identify(src/imu_tools/imu_complementary_filter) by extensions ['colcon_meta']
[0.179s] Level 1:colcon.colcon_core.package_identification:_identify(src/imu_tools/imu_complementary_filter) by extension 'colcon_meta'
[0.179s] Level 1:colcon.colcon_core.package_identification:_identify(src/imu_tools/imu_complementary_filter) by extensions ['ros']
[0.179s] Level 1:colcon.colcon_core.package_identification:_identify(src/imu_tools/imu_complementary_filter) by extension 'ros'
[0.180s] DEBUG:colcon.colcon_core.package_identification:Package 'src/imu_tools/imu_complementary_filter' with type 'ros.ament_cmake' and name 'imu_complementary_filter'
[0.180s] Level 1:colcon.colcon_core.package_identification:_identify(src/imu_tools/imu_filter_madgwick) by extensions ['ignore', 'ignore_ament_install']
[0.180s] Level 1:colcon.colcon_core.package_identification:_identify(src/imu_tools/imu_filter_madgwick) by extension 'ignore'
[0.180s] Level 1:colcon.colcon_core.package_identification:_identify(src/imu_tools/imu_filter_madgwick) by extension 'ignore_ament_install'
[0.180s] Level 1:colcon.colcon_core.package_identification:_identify(src/imu_tools/imu_filter_madgwick) by extensions ['colcon_pkg']
[0.180s] Level 1:colcon.colcon_core.package_identification:_identify(src/imu_tools/imu_filter_madgwick) by extension 'colcon_pkg'
[0.180s] Level 1:colcon.colcon_core.package_identification:_identify(src/imu_tools/imu_filter_madgwick) by extensions ['colcon_meta']
[0.180s] Level 1:colcon.colcon_core.package_identification:_identify(src/imu_tools/imu_filter_madgwick) by extension 'colcon_meta'
[0.180s] Level 1:colcon.colcon_core.package_identification:_identify(src/imu_tools/imu_filter_madgwick) by extensions ['ros']
[0.180s] Level 1:colcon.colcon_core.package_identification:_identify(src/imu_tools/imu_filter_madgwick) by extension 'ros'
[0.181s] DEBUG:colcon.colcon_core.package_identification:Package 'src/imu_tools/imu_filter_madgwick' with type 'ros.ament_cmake' and name 'imu_filter_madgwick'
[0.181s] Level 1:colcon.colcon_core.package_identification:_identify(src/imu_tools/imu_tools) by extensions ['ignore', 'ignore_ament_install']
[0.181s] Level 1:colcon.colcon_core.package_identification:_identify(src/imu_tools/imu_tools) by extension 'ignore'
[0.181s] Level 1:colcon.colcon_core.package_identification:_identify(src/imu_tools/imu_tools) by extension 'ignore_ament_install'
[0.181s] Level 1:colcon.colcon_core.package_identification:_identify(src/imu_tools/imu_tools) by extensions ['colcon_pkg']
[0.181s] Level 1:colcon.colcon_core.package_identification:_identify(src/imu_tools/imu_tools) by extension 'colcon_pkg'
[0.181s] Level 1:colcon.colcon_core.package_identification:_identify(src/imu_tools/imu_tools) by extensions ['colcon_meta']
[0.181s] Level 1:colcon.colcon_core.package_identification:_identify(src/imu_tools/imu_tools) by extension 'colcon_meta'
[0.181s] Level 1:colcon.colcon_core.package_identification:_identify(src/imu_tools/imu_tools) by extensions ['ros']
[0.181s] Level 1:colcon.colcon_core.package_identification:_identify(src/imu_tools/imu_tools) by extension 'ros'
[0.182s] DEBUG:colcon.colcon_core.package_identification:Package 'src/imu_tools/imu_tools' with type 'ros.ament_cmake' and name 'imu_tools'
[0.182s] Level 1:colcon.colcon_core.package_identification:_identify(src/imu_tools/rviz_imu_plugin) by extensions ['ignore', 'ignore_ament_install']
[0.182s] Level 1:colcon.colcon_core.package_identification:_identify(src/imu_tools/rviz_imu_plugin) by extension 'ignore'
[0.182s] Level 1:colcon.colcon_core.package_identification:_identify(src/imu_tools/rviz_imu_plugin) by extension 'ignore_ament_install'
[0.182s] Level 1:colcon.colcon_core.package_identification:_identify(src/imu_tools/rviz_imu_plugin) by extensions ['colcon_pkg']
[0.182s] Level 1:colcon.colcon_core.package_identification:_identify(src/imu_tools/rviz_imu_plugin) by extension 'colcon_pkg'
[0.182s] Level 1:colcon.colcon_core.package_identification:_identify(src/imu_tools/rviz_imu_plugin) by extensions ['colcon_meta']
[0.182s] Level 1:colcon.colcon_core.package_identification:_identify(src/imu_tools/rviz_imu_plugin) by extension 'colcon_meta'
[0.182s] Level 1:colcon.colcon_core.package_identification:_identify(src/imu_tools/rviz_imu_plugin) by extensions ['ros']
[0.182s] Level 1:colcon.colcon_core.package_identification:_identify(src/imu_tools/rviz_imu_plugin) by extension 'ros'
[0.183s] DEBUG:colcon.colcon_core.package_identification:Package 'src/imu_tools/rviz_imu_plugin' with type 'ros.ament_cmake' and name 'rviz_imu_plugin'
[0.183s] Level 1:colcon.colcon_core.package_discovery:discover_packages(recursive) using defaults
[0.183s] Level 1:colcon.colcon_core.package_discovery:discover_packages(ignore) discover
[0.183s] Level 1:colcon.colcon_core.package_discovery:discover_packages(ignore) using defaults
[0.183s] Level 1:colcon.colcon_core.package_discovery:discover_packages(path) discover
[0.183s] Level 1:colcon.colcon_core.package_discovery:discover_packages(path) using defaults
[0.201s] Level 1:colcon.colcon_core.package_discovery:discover_packages(prefix_path) check parameters
[0.201s] Level 1:colcon.colcon_core.package_discovery:discover_packages(prefix_path) discover
[0.204s] DEBUG:colcon.colcon_installed_package_information.package_discovery:Found 13 installed packages in /home/sourav/ROS2-Self-Driving-Robot/control/bumperbot_ws/install
[0.205s] DEBUG:colcon.colcon_installed_package_information.package_discovery:Found 363 installed packages in /opt/ros/humble
[0.206s] Level 1:colcon.colcon_core.package_discovery:discover_packages(prefix_path) using defaults
[0.231s] Level 5:colcon.colcon_core.verb:set package 'bumperbot_bringup' build argument 'cmake_args' from command line to 'None'
[0.231s] Level 5:colcon.colcon_core.verb:set package 'bumperbot_bringup' build argument 'cmake_target' from command line to 'None'
[0.231s] Level 5:colcon.colcon_core.verb:set package 'bumperbot_bringup' build argument 'cmake_target_skip_unavailable' from command line to 'False'
[0.231s] Level 5:colcon.colcon_core.verb:set package 'bumperbot_bringup' build argument 'cmake_clean_cache' from command line to 'False'
[0.231s] Level 5:colcon.colcon_core.verb:set package 'bumperbot_bringup' build argument 'cmake_clean_first' from command line to 'False'
[0.231s] Level 5:colcon.colcon_core.verb:set package 'bumperbot_bringup' build argument 'cmake_force_configure' from command line to 'False'
[0.231s] Level 5:colcon.colcon_core.verb:set package 'bumperbot_bringup' build argument 'ament_cmake_args' from command line to 'None'
[0.231s] Level 5:colcon.colcon_core.verb:set package 'bumperbot_bringup' build argument 'catkin_cmake_args' from command line to 'None'
[0.231s] Level 5:colcon.colcon_core.verb:set package 'bumperbot_bringup' build argument 'catkin_skip_building_tests' from command line to 'False'
[0.231s] DEBUG:colcon.colcon_core.verb:Building package 'bumperbot_bringup' with the following arguments: {'ament_cmake_args': None, 'build_base': '/home/sourav/ROS2-Self-Driving-Robot/control/bumperbot_ws/build/bumperbot_bringup', 'catkin_cmake_args': None, 'catkin_skip_building_tests': False, 'cmake_args': None, 'cmake_clean_cache': False, 'cmake_clean_first': False, 'cmake_force_configure': False, 'cmake_target': None, 'cmake_target_skip_unavailable': False, 'install_base': '/home/sourav/ROS2-Self-Driving-Robot/control/bumperbot_ws/install/bumperbot_bringup', 'merge_install': False, 'path': '/home/sourav/ROS2-Self-Driving-Robot/control/bumperbot_ws/src/bumperbot_bringup', 'symlink_install': False, 'test_result_base': None}
[0.232s] Level 5:colcon.colcon_core.verb:set package 'bumperbot_controller' build argument 'cmake_args' from command line to 'None'
[0.232s] Level 5:colcon.colcon_core.verb:set package 'bumperbot_controller' build argument 'cmake_target' from command line to 'None'
[0.232s] Level 5:colcon.colcon_core.verb:set package 'bumperbot_controller' build argument 'cmake_target_skip_unavailable' from command line to 'False'
[0.232s] Level 5:colcon.colcon_core.verb:set package 'bumperbot_controller' build argument 'cmake_clean_cache' from command line to 'False'
[0.232s] Level 5:colcon.colcon_core.verb:set package 'bumperbot_controller' build argument 'cmake_clean_first' from command line to 'False'
[0.232s] Level 5:colcon.colcon_core.verb:set package 'bumperbot_controller' build argument 'cmake_force_configure' from command line to 'False'
[0.232s] Level 5:colcon.colcon_core.verb:set package 'bumperbot_controller' build argument 'ament_cmake_args' from command line to 'None'
[0.232s] Level 5:colcon.colcon_core.verb:set package 'bumperbot_controller' build argument 'catkin_cmake_args' from command line to 'None'
[0.232s] Level 5:colcon.colcon_core.verb:set package 'bumperbot_controller' build argument 'catkin_skip_building_tests' from command line to 'False'
[0.232s] DEBUG:colcon.colcon_core.verb:Building package 'bumperbot_controller' with the following arguments: {'ament_cmake_args': None, 'build_base': '/home/sourav/ROS2-Self-Driving-Robot/control/bumperbot_ws/build/bumperbot_controller', 'catkin_cmake_args': None, 'catkin_skip_building_tests': False, 'cmake_args': None, 'cmake_clean_cache': False, 'cmake_clean_first': False, 'cmake_force_configure': False, 'cmake_target': None, 'cmake_target_skip_unavailable': False, 'install_base': '/home/sourav/ROS2-Self-Driving-Robot/control/bumperbot_ws/install/bumperbot_controller', 'merge_install': False, 'path': '/home/sourav/ROS2-Self-Driving-Robot/control/bumperbot_ws/src/bumperbot_controller', 'symlink_install': False, 'test_result_base': None}
[0.232s] Level 5:colcon.colcon_core.verb:set package 'bumperbot_description' build argument 'cmake_args' from command line to 'None'
[0.232s] Level 5:colcon.colcon_core.verb:set package 'bumperbot_description' build argument 'cmake_target' from command line to 'None'
[0.232s] Level 5:colcon.colcon_core.verb:set package 'bumperbot_description' build argument 'cmake_target_skip_unavailable' from command line to 'False'
[0.232s] Level 5:colcon.colcon_core.verb:set package 'bumperbot_description' build argument 'cmake_clean_cache' from command line to 'False'
[0.232s] Level 5:colcon.colcon_core.verb:set package 'bumperbot_description' build argument 'cmake_clean_first' from command line to 'False'
[0.232s] Level 5:colcon.colcon_core.verb:set package 'bumperbot_description' build argument 'cmake_force_configure' from command line to 'False'
[0.232s] Level 5:colcon.colcon_core.verb:set package 'bumperbot_description' build argument 'ament_cmake_args' from command line to 'None'
[0.232s] Level 5:colcon.colcon_core.verb:set package 'bumperbot_description' build argument 'catkin_cmake_args' from command line to 'None'
[0.232s] Level 5:colcon.colcon_core.verb:set package 'bumperbot_description' build argument 'catkin_skip_building_tests' from command line to 'False'
[0.232s] DEBUG:colcon.colcon_core.verb:Building package 'bumperbot_description' with the following arguments: {'ament_cmake_args': None, 'build_base': '/home/sourav/ROS2-Self-Driving-Robot/control/bumperbot_ws/build/bumperbot_description', 'catkin_cmake_args': None, 'catkin_skip_building_tests': False, 'cmake_args': None, 'cmake_clean_cache': False, 'cmake_clean_first': False, 'cmake_force_configure': False, 'cmake_target': None, 'cmake_target_skip_unavailable': False, 'install_base': '/home/sourav/ROS2-Self-Driving-Robot/control/bumperbot_ws/install/bumperbot_description', 'merge_install': False, 'path': '/home/sourav/ROS2-Self-Driving-Robot/control/bumperbot_ws/src/bumperbot_description', 'symlink_install': False, 'test_result_base': None}
[0.232s] Level 5:colcon.colcon_core.verb:set package 'bumperbot_firmware' build argument 'cmake_args' from command line to 'None'
[0.232s] Level 5:colcon.colcon_core.verb:set package 'bumperbot_firmware' build argument 'cmake_target' from command line to 'None'
[0.232s] Level 5:colcon.colcon_core.verb:set package 'bumperbot_firmware' build argument 'cmake_target_skip_unavailable' from command line to 'False'
[0.232s] Level 5:colcon.colcon_core.verb:set package 'bumperbot_firmware' build argument 'cmake_clean_cache' from command line to 'False'
[0.232s] Level 5:colcon.colcon_core.verb:set package 'bumperbot_firmware' build argument 'cmake_clean_first' from command line to 'False'
[0.232s] Level 5:colcon.colcon_core.verb:set package 'bumperbot_firmware' build argument 'cmake_force_configure' from command line to 'False'
[0.232s] Level 5:colcon.colcon_core.verb:set package 'bumperbot_firmware' build argument 'ament_cmake_args' from command line to 'None'
[0.232s] Level 5:colcon.colcon_core.verb:set package 'bumperbot_firmware' build argument 'catkin_cmake_args' from command line to 'None'
[0.232s] Level 5:colcon.colcon_core.verb:set package 'bumperbot_firmware' build argument 'catkin_skip_building_tests' from command line to 'False'
[0.232s] DEBUG:colcon.colcon_core.verb:Building package 'bumperbot_firmware' with the following arguments: {'ament_cmake_args': None, 'build_base': '/home/sourav/ROS2-Self-Driving-Robot/control/bumperbot_ws/build/bumperbot_firmware', 'catkin_cmake_args': None, 'catkin_skip_building_tests': False, 'cmake_args': None, 'cmake_clean_cache': False, 'cmake_clean_first': False, 'cmake_force_configure': False, 'cmake_target': None, 'cmake_target_skip_unavailable': False, 'install_base': '/home/sourav/ROS2-Self-Driving-Robot/control/bumperbot_ws/install/bumperbot_firmware', 'merge_install': False, 'path': '/home/sourav/ROS2-Self-Driving-Robot/control/bumperbot_ws/src/bumperbot_firmware', 'symlink_install': False, 'test_result_base': None}
[0.233s] Level 5:colcon.colcon_core.verb:set package 'bumperbot_localization' build argument 'cmake_args' from command line to 'None'
[0.233s] Level 5:colcon.colcon_core.verb:set package 'bumperbot_localization' build argument 'cmake_target' from command line to 'None'
[0.233s] Level 5:colcon.colcon_core.verb:set package 'bumperbot_localization' build argument 'cmake_target_skip_unavailable' from command line to 'False'
[0.233s] Level 5:colcon.colcon_core.verb:set package 'bumperbot_localization' build argument 'cmake_clean_cache' from command line to 'False'
[0.233s] Level 5:colcon.colcon_core.verb:set package 'bumperbot_localization' build argument 'cmake_clean_first' from command line to 'False'
[0.233s] Level 5:colcon.colcon_core.verb:set package 'bumperbot_localization' build argument 'cmake_force_configure' from command line to 'False'
[0.233s] Level 5:colcon.colcon_core.verb:set package 'bumperbot_localization' build argument 'ament_cmake_args' from command line to 'None'
[0.233s] Level 5:colcon.colcon_core.verb:set package 'bumperbot_localization' build argument 'catkin_cmake_args' from command line to 'None'
[0.233s] Level 5:colcon.colcon_core.verb:set package 'bumperbot_localization' build argument 'catkin_skip_building_tests' from command line to 'False'
[0.233s] DEBUG:colcon.colcon_core.verb:Building package 'bumperbot_localization' with the following arguments: {'ament_cmake_args': None, 'build_base': '/home/sourav/ROS2-Self-Driving-Robot/control/bumperbot_ws/build/bumperbot_localization', 'catkin_cmake_args': None, 'catkin_skip_building_tests': False, 'cmake_args': None, 'cmake_clean_cache': False, 'cmake_clean_first': False, 'cmake_force_configure': False, 'cmake_target': None, 'cmake_target_skip_unavailable': False, 'install_base': '/home/sourav/ROS2-Self-Driving-Robot/control/bumperbot_ws/install/bumperbot_localization', 'merge_install': False, 'path': '/home/sourav/ROS2-Self-Driving-Robot/control/bumperbot_ws/src/bumperbot_localization', 'symlink_install': False, 'test_result_base': None}
[0.233s] Level 5:colcon.colcon_core.verb:set package 'bumperbot_msgs' build argument 'cmake_args' from command line to 'None'
[0.233s] Level 5:colcon.colcon_core.verb:set package 'bumperbot_msgs' build argument 'cmake_target' from command line to 'None'
[0.233s] Level 5:colcon.colcon_core.verb:set package 'bumperbot_msgs' build argument 'cmake_target_skip_unavailable' from command line to 'False'
[0.233s] Level 5:colcon.colcon_core.verb:set package 'bumperbot_msgs' build argument 'cmake_clean_cache' from command line to 'False'
[0.233s] Level 5:colcon.colcon_core.verb:set package 'bumperbot_msgs' build argument 'cmake_clean_first' from command line to 'False'
[0.233s] Level 5:colcon.colcon_core.verb:set package 'bumperbot_msgs' build argument 'cmake_force_configure' from command line to 'False'
[0.233s] Level 5:colcon.colcon_core.verb:set package 'bumperbot_msgs' build argument 'ament_cmake_args' from command line to 'None'
[0.233s] Level 5:colcon.colcon_core.verb:set package 'bumperbot_msgs' build argument 'catkin_cmake_args' from command line to 'None'
[0.233s] Level 5:colcon.colcon_core.verb:set package 'bumperbot_msgs' build argument 'catkin_skip_building_tests' from command line to 'False'
[0.233s] DEBUG:colcon.colcon_core.verb:Building package 'bumperbot_msgs' with the following arguments: {'ament_cmake_args': None, 'build_base': '/home/sourav/ROS2-Self-Driving-Robot/control/bumperbot_ws/build/bumperbot_msgs', 'catkin_cmake_args': None, 'catkin_skip_building_tests': False, 'cmake_args': None, 'cmake_clean_cache': False, 'cmake_clean_first': False, 'cmake_force_configure': False, 'cmake_target': None, 'cmake_target_skip_unavailable': False, 'install_base': '/home/sourav/ROS2-Self-Driving-Robot/control/bumperbot_ws/install/bumperbot_msgs', 'merge_install': False, 'path': '/home/sourav/ROS2-Self-Driving-Robot/control/bumperbot_ws/src/bumperbot_msgs', 'symlink_install': False, 'test_result_base': None}
[0.233s] Level 5:colcon.colcon_core.verb:set package 'bumperbot_utils' build argument 'cmake_args' from command line to 'None'
[0.233s] Level 5:colcon.colcon_core.verb:set package 'bumperbot_utils' build argument 'cmake_target' from command line to 'None'
[0.233s] Level 5:colcon.colcon_core.verb:set package 'bumperbot_utils' build argument 'cmake_target_skip_unavailable' from command line to 'False'
[0.233s] Level 5:colcon.colcon_core.verb:set package 'bumperbot_utils' build argument 'cmake_clean_cache' from command line to 'False'
[0.233s] Level 5:colcon.colcon_core.verb:set package 'bumperbot_utils' build argument 'cmake_clean_first' from command line to 'False'
[0.233s] Level 5:colcon.colcon_core.verb:set package 'bumperbot_utils' build argument 'cmake_force_configure' from command line to 'False'
[0.233s] Level 5:colcon.colcon_core.verb:set package 'bumperbot_utils' build argument 'ament_cmake_args' from command line to 'None'
[0.233s] Level 5:colcon.colcon_core.verb:set package 'bumperbot_utils' build argument 'catkin_cmake_args' from command line to 'None'
[0.233s] Level 5:colcon.colcon_core.verb:set package 'bumperbot_utils' build argument 'catkin_skip_building_tests' from command line to 'False'
[0.233s] DEBUG:colcon.colcon_core.verb:Building package 'bumperbot_utils' with the following arguments: {'ament_cmake_args': None, 'build_base': '/home/sourav/ROS2-Self-Driving-Robot/control/bumperbot_ws/build/bumperbot_utils', 'catkin_cmake_args': None, 'catkin_skip_building_tests': False, 'cmake_args': None, 'cmake_clean_cache': False, 'cmake_clean_first': False, 'cmake_force_configure': False, 'cmake_target': None, 'cmake_target_skip_unavailable': False, 'install_base': '/home/sourav/ROS2-Self-Driving-Robot/control/bumperbot_ws/install/bumperbot_utils', 'merge_install': False, 'path': '/home/sourav/ROS2-Self-Driving-Robot/control/bumperbot_ws/src/bumperbot_utils', 'symlink_install': False, 'test_result_base': None}
[0.234s] Level 5:colcon.colcon_core.verb:set package 'imu_complementary_filter' build argument 'cmake_args' from command line to 'None'
[0.234s] Level 5:colcon.colcon_core.verb:set package 'imu_complementary_filter' build argument 'cmake_target' from command line to 'None'
[0.234s] Level 5:colcon.colcon_core.verb:set package 'imu_complementary_filter' build argument 'cmake_target_skip_unavailable' from command line to 'False'
[0.234s] Level 5:colcon.colcon_core.verb:set package 'imu_complementary_filter' build argument 'cmake_clean_cache' from command line to 'False'
[0.234s] Level 5:colcon.colcon_core.verb:set package 'imu_complementary_filter' build argument 'cmake_clean_first' from command line to 'False'
[0.234s] Level 5:colcon.colcon_core.verb:set package 'imu_complementary_filter' build argument 'cmake_force_configure' from command line to 'False'
[0.234s] Level 5:colcon.colcon_core.verb:set package 'imu_complementary_filter' build argument 'ament_cmake_args' from command line to 'None'
[0.234s] Level 5:colcon.colcon_core.verb:set package 'imu_complementary_filter' build argument 'catkin_cmake_args' from command line to 'None'
[0.234s] Level 5:colcon.colcon_core.verb:set package 'imu_complementary_filter' build argument 'catkin_skip_building_tests' from command line to 'False'
[0.234s] DEBUG:colcon.colcon_core.verb:Building package 'imu_complementary_filter' with the following arguments: {'ament_cmake_args': None, 'build_base': '/home/sourav/ROS2-Self-Driving-Robot/control/bumperbot_ws/build/imu_complementary_filter', 'catkin_cmake_args': None, 'catkin_skip_building_tests': False, 'cmake_args': None, 'cmake_clean_cache': False, 'cmake_clean_first': False, 'cmake_force_configure': False, 'cmake_target': None, 'cmake_target_skip_unavailable': False, 'install_base': '/home/sourav/ROS2-Self-Driving-Robot/control/bumperbot_ws/install/imu_complementary_filter', 'merge_install': False, 'path': '/home/sourav/ROS2-Self-Driving-Robot/control/bumperbot_ws/src/imu_tools/imu_complementary_filter', 'symlink_install': False, 'test_result_base': None}
[0.234s] Level 5:colcon.colcon_core.verb:set package 'imu_filter_madgwick' build argument 'cmake_args' from command line to 'None'
[0.234s] Level 5:colcon.colcon_core.verb:set package 'imu_filter_madgwick' build argument 'cmake_target' from command line to 'None'
[0.234s] Level 5:colcon.colcon_core.verb:set package 'imu_filter_madgwick' build argument 'cmake_target_skip_unavailable' from command line to 'False'
[0.234s] Level 5:colcon.colcon_core.verb:set package 'imu_filter_madgwick' build argument 'cmake_clean_cache' from command line to 'False'
[0.234s] Level 5:colcon.colcon_core.verb:set package 'imu_filter_madgwick' build argument 'cmake_clean_first' from command line to 'False'
[0.234s] Level 5:colcon.colcon_core.verb:set package 'imu_filter_madgwick' build argument 'cmake_force_configure' from command line to 'False'
[0.234s] Level 5:colcon.colcon_core.verb:set package 'imu_filter_madgwick' build argument 'ament_cmake_args' from command line to 'None'
[0.234s] Level 5:colcon.colcon_core.verb:set package 'imu_filter_madgwick' build argument 'catkin_cmake_args' from command line to 'None'
[0.234s] Level 5:colcon.colcon_core.verb:set package 'imu_filter_madgwick' build argument 'catkin_skip_building_tests' from command line to 'False'
[0.234s] DEBUG:colcon.colcon_core.verb:Building package 'imu_filter_madgwick' with the following arguments: {'ament_cmake_args': None, 'build_base': '/home/sourav/ROS2-Self-Driving-Robot/control/bumperbot_ws/build/imu_filter_madgwick', 'catkin_cmake_args': None, 'catkin_skip_building_tests': False, 'cmake_args': None, 'cmake_clean_cache': False, 'cmake_clean_first': False, 'cmake_force_configure': False, 'cmake_target': None, 'cmake_target_skip_unavailable': False, 'install_base': '/home/sourav/ROS2-Self-Driving-Robot/control/bumperbot_ws/install/imu_filter_madgwick', 'merge_install': False, 'path': '/home/sourav/ROS2-Self-Driving-Robot/control/bumperbot_ws/src/imu_tools/imu_filter_madgwick', 'symlink_install': False, 'test_result_base': None}
[0.234s] Level 5:colcon.colcon_core.verb:set package 'rviz_imu_plugin' build argument 'cmake_args' from command line to 'None'
[0.234s] Level 5:colcon.colcon_core.verb:set package 'rviz_imu_plugin' build argument 'cmake_target' from command line to 'None'
[0.234s] Level 5:colcon.colcon_core.verb:set package 'rviz_imu_plugin' build argument 'cmake_target_skip_unavailable' from command line to 'False'
[0.234s] Level 5:colcon.colcon_core.verb:set package 'rviz_imu_plugin' build argument 'cmake_clean_cache' from command line to 'False'
[0.234s] Level 5:colcon.colcon_core.verb:set package 'rviz_imu_plugin' build argument 'cmake_clean_first' from command line to 'False'
[0.234s] Level 5:colcon.colcon_core.verb:set package 'rviz_imu_plugin' build argument 'cmake_force_configure' from command line to 'False'
[0.234s] Level 5:colcon.colcon_core.verb:set package 'rviz_imu_plugin' build argument 'ament_cmake_args' from command line to 'None'
[0.234s] Level 5:colcon.colcon_core.verb:set package 'rviz_imu_plugin' build argument 'catkin_cmake_args' from command line to 'None'
[0.234s] Level 5:colcon.colcon_core.verb:set package 'rviz_imu_plugin' build argument 'catkin_skip_building_tests' from command line to 'False'
[0.234s] DEBUG:colcon.colcon_core.verb:Building package 'rviz_imu_plugin' with the following arguments: {'ament_cmake_args': None, 'build_base': '/home/sourav/ROS2-Self-Driving-Robot/control/bumperbot_ws/build/rviz_imu_plugin', 'catkin_cmake_args': None, 'catkin_skip_building_tests': False, 'cmake_args': None, 'cmake_clean_cache': False, 'cmake_clean_first': False, 'cmake_force_configure': False, 'cmake_target': None, 'cmake_target_skip_unavailable': False, 'install_base': '/home/sourav/ROS2-Self-Driving-Robot/control/bumperbot_ws/install/rviz_imu_plugin', 'merge_install': False, 'path': '/home/sourav/ROS2-Self-Driving-Robot/control/bumperbot_ws/src/imu_tools/rviz_imu_plugin', 'symlink_install': False, 'test_result_base': None}
[0.234s] Level 5:colcon.colcon_core.verb:set package 'bumperbot_cpp_examples' build argument 'cmake_args' from command line to 'None'
[0.234s] Level 5:colcon.colcon_core.verb:set package 'bumperbot_cpp_examples' build argument 'cmake_target' from command line to 'None'
[0.234s] Level 5:colcon.colcon_core.verb:set package 'bumperbot_cpp_examples' build argument 'cmake_target_skip_unavailable' from command line to 'False'
[0.234s] Level 5:colcon.colcon_core.verb:set package 'bumperbot_cpp_examples' build argument 'cmake_clean_cache' from command line to 'False'
[0.234s] Level 5:colcon.colcon_core.verb:set package 'bumperbot_cpp_examples' build argument 'cmake_clean_first' from command line to 'False'
[0.234s] Level 5:colcon.colcon_core.verb:set package 'bumperbot_cpp_examples' build argument 'cmake_force_configure' from command line to 'False'
[0.234s] Level 5:colcon.colcon_core.verb:set package 'bumperbot_cpp_examples' build argument 'ament_cmake_args' from command line to 'None'
[0.234s] Level 5:colcon.colcon_core.verb:set package 'bumperbot_cpp_examples' build argument 'catkin_cmake_args' from command line to 'None'
[0.234s] Level 5:colcon.colcon_core.verb:set package 'bumperbot_cpp_examples' build argument 'catkin_skip_building_tests' from command line to 'False'
[0.234s] DEBUG:colcon.colcon_core.verb:Building package 'bumperbot_cpp_examples' with the following arguments: {'ament_cmake_args': None, 'build_base': '/home/sourav/ROS2-Self-Driving-Robot/control/bumperbot_ws/build/bumperbot_cpp_examples', 'catkin_cmake_args': None, 'catkin_skip_building_tests': False, 'cmake_args': None, 'cmake_clean_cache': False, 'cmake_clean_first': False, 'cmake_force_configure': False, 'cmake_target': None, 'cmake_target_skip_unavailable': False, 'install_base': '/home/sourav/ROS2-Self-Driving-Robot/control/bumperbot_ws/install/bumperbot_cpp_examples', 'merge_install': False, 'path': '/home/sourav/ROS2-Self-Driving-Robot/control/bumperbot_ws/src/bumperbot_cpp_examples', 'symlink_install': False, 'test_result_base': None}
[0.235s] Level 5:colcon.colcon_core.verb:set package 'bumperbot_py_examples' build argument 'cmake_args' from command line to 'None'
[0.235s] Level 5:colcon.colcon_core.verb:set package 'bumperbot_py_examples' build argument 'cmake_target' from command line to 'None'
[0.235s] Level 5:colcon.colcon_core.verb:set package 'bumperbot_py_examples' build argument 'cmake_target_skip_unavailable' from command line to 'False'
[0.235s] Level 5:colcon.colcon_core.verb:set package 'bumperbot_py_examples' build argument 'cmake_clean_cache' from command line to 'False'
[0.235s] Level 5:colcon.colcon_core.verb:set package 'bumperbot_py_examples' build argument 'cmake_clean_first' from command line to 'False'
[0.235s] Level 5:colcon.colcon_core.verb:set package 'bumperbot_py_examples' build argument 'cmake_force_configure' from command line to 'False'
[0.235s] Level 5:colcon.colcon_core.verb:set package 'bumperbot_py_examples' build argument 'ament_cmake_args' from command line to 'None'
[0.235s] Level 5:colcon.colcon_core.verb:set package 'bumperbot_py_examples' build argument 'catkin_cmake_args' from command line to 'None'
[0.235s] Level 5:colcon.colcon_core.verb:set package 'bumperbot_py_examples' build argument 'catkin_skip_building_tests' from command line to 'False'
[0.235s] DEBUG:colcon.colcon_core.verb:Building package 'bumperbot_py_examples' with the following arguments: {'ament_cmake_args': None, 'build_base': '/home/sourav/ROS2-Self-Driving-Robot/control/bumperbot_ws/build/bumperbot_py_examples', 'catkin_cmake_args': None, 'catkin_skip_building_tests': False, 'cmake_args': None, 'cmake_clean_cache': False, 'cmake_clean_first': False, 'cmake_force_configure': False, 'cmake_target': None, 'cmake_target_skip_unavailable': False, 'install_base': '/home/sourav/ROS2-Self-Driving-Robot/control/bumperbot_ws/install/bumperbot_py_examples', 'merge_install': False, 'path': '/home/sourav/ROS2-Self-Driving-Robot/control/bumperbot_ws/src/bumperbot_py_examples', 'symlink_install': False, 'test_result_base': None}
[0.235s] Level 5:colcon.colcon_core.verb:set package 'imu_tools' build argument 'cmake_args' from command line to 'None'
[0.235s] Level 5:colcon.colcon_core.verb:set package 'imu_tools' build argument 'cmake_target' from command line to 'None'
[0.235s] Level 5:colcon.colcon_core.verb:set package 'imu_tools' build argument 'cmake_target_skip_unavailable' from command line to 'False'
[0.235s] Level 5:colcon.colcon_core.verb:set package 'imu_tools' build argument 'cmake_clean_cache' from command line to 'False'
[0.235s] Level 5:colcon.colcon_core.verb:set package 'imu_tools' build argument 'cmake_clean_first' from command line to 'False'
[0.235s] Level 5:colcon.colcon_core.verb:set package 'imu_tools' build argument 'cmake_force_configure' from command line to 'False'
[0.235s] Level 5:colcon.colcon_core.verb:set package 'imu_tools' build argument 'ament_cmake_args' from command line to 'None'
[0.235s] Level 5:colcon.colcon_core.verb:set package 'imu_tools' build argument 'catkin_cmake_args' from command line to 'None'
[0.235s] Level 5:colcon.colcon_core.verb:set package 'imu_tools' build argument 'catkin_skip_building_tests' from command line to 'False'
[0.235s] DEBUG:colcon.colcon_core.verb:Building package 'imu_tools' with the following arguments: {'ament_cmake_args': None, 'build_base': '/home/sourav/ROS2-Self-Driving-Robot/control/bumperbot_ws/build/imu_tools', 'catkin_cmake_args': None, 'catkin_skip_building_tests': False, 'cmake_args': None, 'cmake_clean_cache': False, 'cmake_clean_first': False, 'cmake_force_configure': False, 'cmake_target': None, 'cmake_target_skip_unavailable': False, 'install_base': '/home/sourav/ROS2-Self-Driving-Robot/control/bumperbot_ws/install/imu_tools', 'merge_install': False, 'path': '/home/sourav/ROS2-Self-Driving-Robot/control/bumperbot_ws/src/imu_tools/imu_tools', 'symlink_install': False, 'test_result_base': None}
[0.235s] INFO:colcon.colcon_core.executor:Executing jobs using 'parallel' executor
[0.236s] DEBUG:colcon.colcon_parallel_executor.executor.parallel:run_until_complete
[0.236s] INFO:colcon.colcon_ros.task.ament_cmake.build:Building ROS package in '/home/sourav/ROS2-Self-Driving-Robot/control/bumperbot_ws/src/bumperbot_msgs' with build type 'ament_cmake'
[0.236s] INFO:colcon.colcon_cmake.task.cmake.build:Building CMake package in '/home/sourav/ROS2-Self-Driving-Robot/control/bumperbot_ws/src/bumperbot_msgs'
[0.239s] INFO:colcon.colcon_core.plugin_system:Skipping extension 'colcon_core.shell.bat': Not used on non-Windows systems
[0.240s] INFO:colcon.colcon_core.shell:Skip shell extension 'powershell' for command environment: Not usable outside of PowerShell
[0.240s] DEBUG:colcon.colcon_core.shell:Skip shell extension 'dsv' for command environment
[0.242s] INFO:colcon.colcon_ros.task.ament_cmake.build:Building ROS package in '/home/sourav/ROS2-Self-Driving-Robot/control/bumperbot_ws/src/imu_tools/imu_complementary_filter' with build type 'ament_cmake'
[0.242s] INFO:colcon.colcon_cmake.task.cmake.build:Building CMake package in '/home/sourav/ROS2-Self-Driving-Robot/control/bumperbot_ws/src/imu_tools/imu_complementary_filter'
[0.242s] INFO:colcon.colcon_core.shell:Skip shell extension 'powershell' for command environment: Not usable outside of PowerShell
[0.242s] DEBUG:colcon.colcon_core.shell:Skip shell extension 'dsv' for command environment
[0.244s] INFO:colcon.colcon_ros.task.ament_cmake.build:Building ROS package in '/home/sourav/ROS2-Self-Driving-Robot/control/bumperbot_ws/src/imu_tools/imu_filter_madgwick' with build type 'ament_cmake'
[0.245s] INFO:colcon.colcon_cmake.task.cmake.build:Building CMake package in '/home/sourav/ROS2-Self-Driving-Robot/control/bumperbot_ws/src/imu_tools/imu_filter_madgwick'
[0.245s] INFO:colcon.colcon_core.shell:Skip shell extension 'powershell' for command environment: Not usable outside of PowerShell
[0.245s] DEBUG:colcon.colcon_core.shell:Skip shell extension 'dsv' for command environment
[0.247s] INFO:colcon.colcon_ros.task.ament_cmake.build:Building ROS package in '/home/sourav/ROS2-Self-Driving-Robot/control/bumperbot_ws/src/imu_tools/rviz_imu_plugin' with build type 'ament_cmake'
[0.247s] INFO:colcon.colcon_cmake.task.cmake.build:Building CMake package in '/home/sourav/ROS2-Self-Driving-Robot/control/bumperbot_ws/src/imu_tools/rviz_imu_plugin'
[0.247s] INFO:colcon.colcon_core.shell:Skip shell extension 'powershell' for command environment: Not usable outside of PowerShell
[0.247s] DEBUG:colcon.colcon_core.shell:Skip shell extension 'dsv' for command environment
[0.249s] INFO:colcon.colcon_ros.task.ament_cmake.build:Building ROS package in '/home/sourav/ROS2-Self-Driving-Robot/control/bumperbot_ws/src/bumperbot_bringup' with build type 'ament_cmake'
[0.249s] INFO:colcon.colcon_cmake.task.cmake.build:Building CMake package in '/home/sourav/ROS2-Self-Driving-Robot/control/bumperbot_ws/src/bumperbot_bringup'
[0.249s] INFO:colcon.colcon_core.shell:Skip shell extension 'powershell' for command environment: Not usable outside of PowerShell
[0.249s] DEBUG:colcon.colcon_core.shell:Skip shell extension 'dsv' for command environment
[0.252s] INFO:colcon.colcon_ros.task.ament_cmake.build:Building ROS package in '/home/sourav/ROS2-Self-Driving-Robot/control/bumperbot_ws/src/bumperbot_controller' with build type 'ament_cmake'
[0.252s] INFO:colcon.colcon_cmake.task.cmake.build:Building CMake package in '/home/sourav/ROS2-Self-Driving-Robot/control/bumperbot_ws/src/bumperbot_controller'
[0.252s] INFO:colcon.colcon_core.shell:Skip shell extension 'powershell' for command environment: Not usable outside of PowerShell
[0.252s] DEBUG:colcon.colcon_core.shell:Skip shell extension 'dsv' for command environment
[0.254s] INFO:colcon.colcon_ros.task.ament_cmake.build:Building ROS package in '/home/sourav/ROS2-Self-Driving-Robot/control/bumperbot_ws/src/bumperbot_description' with build type 'ament_cmake'
[0.254s] INFO:colcon.colcon_cmake.task.cmake.build:Building CMake package in '/home/sourav/ROS2-Self-Driving-Robot/control/bumperbot_ws/src/bumperbot_description'
[0.254s] INFO:colcon.colcon_core.shell:Skip shell extension 'powershell' for command environment: Not usable outside of PowerShell
[0.254s] DEBUG:colcon.colcon_core.shell:Skip shell extension 'dsv' for command environment
[0.256s] INFO:colcon.colcon_ros.task.ament_cmake.build:Building ROS package in '/home/sourav/ROS2-Self-Driving-Robot/control/bumperbot_ws/src/bumperbot_firmware' with build type 'ament_cmake'
[0.256s] INFO:colcon.colcon_cmake.task.cmake.build:Building CMake package in '/home/sourav/ROS2-Self-Driving-Robot/control/bumperbot_ws/src/bumperbot_firmware'
[0.256s] INFO:colcon.colcon_core.shell:Skip shell extension 'powershell' for command environment: Not usable outside of PowerShell
[0.256s] DEBUG:colcon.colcon_core.shell:Skip shell extension 'dsv' for command environment
[0.258s] INFO:colcon.colcon_ros.task.ament_cmake.build:Building ROS package in '/home/sourav/ROS2-Self-Driving-Robot/control/bumperbot_ws/src/bumperbot_localization' with build type 'ament_cmake'
[0.259s] INFO:colcon.colcon_cmake.task.cmake.build:Building CMake package in '/home/sourav/ROS2-Self-Driving-Robot/control/bumperbot_ws/src/bumperbot_localization'
[0.259s] INFO:colcon.colcon_core.shell:Skip shell extension 'powershell' for command environment: Not usable outside of PowerShell
[0.259s] DEBUG:colcon.colcon_core.shell:Skip shell extension 'dsv' for command environment
[0.261s] INFO:colcon.colcon_ros.task.ament_cmake.build:Building ROS package in '/home/sourav/ROS2-Self-Driving-Robot/control/bumperbot_ws/src/bumperbot_utils' with build type 'ament_cmake'
[0.261s] INFO:colcon.colcon_cmake.task.cmake.build:Building CMake package in '/home/sourav/ROS2-Self-Driving-Robot/control/bumperbot_ws/src/bumperbot_utils'
[0.261s] INFO:colcon.colcon_core.shell:Skip shell extension 'powershell' for command environment: Not usable outside of PowerShell
[0.261s] DEBUG:colcon.colcon_core.shell:Skip shell extension 'dsv' for command environment
[0.268s] DEBUG:colcon.colcon_core.event_handler.log_command:Invoking command in '/home/sourav/ROS2-Self-Driving-Robot/control/bumperbot_ws/build/bumperbot_msgs': CMAKE_PREFIX_PATH=${CMAKE_PREFIX_PATH}:/home/sourav/ROS2-Self-Driving-Robot/control/bumperbot_ws/install/bumperbot_py_examples:/opt/ros/humble /usr/bin/cmake --build /home/sourav/ROS2-Self-Driving-Robot/control/bumperbot_ws/build/bumperbot_msgs -- -j16 -l16
[0.271s] DEBUG:colcon.colcon_core.event_handler.log_command:Invoking command in '/home/sourav/ROS2-Self-Driving-Robot/control/bumperbot_ws/build/imu_complementary_filter': CMAKE_PREFIX_PATH=${CMAKE_PREFIX_PATH}:/home/sourav/ROS2-Self-Driving-Robot/control/bumperbot_ws/install/bumperbot_py_examples:/opt/ros/humble /usr/bin/cmake --build /home/sourav/ROS2-Self-Driving-Robot/control/bumperbot_ws/build/imu_complementary_filter -- -j16 -l16
[0.273s] DEBUG:colcon.colcon_core.event_handler.log_command:Invoking command in '/home/sourav/ROS2-Self-Driving-Robot/control/bumperbot_ws/build/imu_filter_madgwick': CMAKE_PREFIX_PATH=${CMAKE_PREFIX_PATH}:/home/sourav/ROS2-Self-Driving-Robot/control/bumperbot_ws/install/bumperbot_py_examples:/opt/ros/humble /usr/bin/cmake --build /home/sourav/ROS2-Self-Driving-Robot/control/bumperbot_ws/build/imu_filter_madgwick -- -j16 -l16
[0.276s] DEBUG:colcon.colcon_core.event_handler.log_command:Invoking command in '/home/sourav/ROS2-Self-Driving-Robot/control/bumperbot_ws/build/rviz_imu_plugin': CMAKE_PREFIX_PATH=${CMAKE_PREFIX_PATH}:/home/sourav/ROS2-Self-Driving-Robot/control/bumperbot_ws/install/bumperbot_py_examples:/opt/ros/humble /usr/bin/cmake --build /home/sourav/ROS2-Self-Driving-Robot/control/bumperbot_ws/build/rviz_imu_plugin -- -j16 -l16
[0.279s] DEBUG:colcon.colcon_core.event_handler.log_command:Invoking command in '/home/sourav/ROS2-Self-Driving-Robot/control/bumperbot_ws/build/bumperbot_bringup': CMAKE_PREFIX_PATH=${CMAKE_PREFIX_PATH}:/home/sourav/ROS2-Self-Driving-Robot/control/bumperbot_ws/install/bumperbot_py_examples:/opt/ros/humble /usr/bin/cmake --build /home/sourav/ROS2-Self-Driving-Robot/control/bumperbot_ws/build/bumperbot_bringup -- -j16 -l16
[0.281s] DEBUG:colcon.colcon_core.event_handler.log_command:Invoking command in '/home/sourav/ROS2-Self-Driving-Robot/control/bumperbot_ws/build/bumperbot_controller': CMAKE_PREFIX_PATH=${CMAKE_PREFIX_PATH}:/home/sourav/ROS2-Self-Driving-Robot/control/bumperbot_ws/install/bumperbot_py_examples:/opt/ros/humble /usr/bin/cmake --build /home/sourav/ROS2-Self-Driving-Robot/control/bumperbot_ws/build/bumperbot_controller -- -j16 -l16
[0.284s] DEBUG:colcon.colcon_core.event_handler.log_command:Invoking command in '/home/sourav/ROS2-Self-Driving-Robot/control/bumperbot_ws/build/bumperbot_description': CMAKE_PREFIX_PATH=${CMAKE_PREFIX_PATH}:/home/sourav/ROS2-Self-Driving-Robot/control/bumperbot_ws/install/bumperbot_py_examples:/opt/ros/humble /usr/bin/cmake --build /home/sourav/ROS2-Self-Driving-Robot/control/bumperbot_ws/build/bumperbot_description -- -j16 -l16
[0.287s] DEBUG:colcon.colcon_core.event_handler.log_command:Invoking command in '/home/sourav/ROS2-Self-Driving-Robot/control/bumperbot_ws/build/bumperbot_firmware': CMAKE_PREFIX_PATH=${CMAKE_PREFIX_PATH}:/home/sourav/ROS2-Self-Driving-Robot/control/bumperbot_ws/install/bumperbot_py_examples:/opt/ros/humble /usr/bin/cmake --build /home/sourav/ROS2-Self-Driving-Robot/control/bumperbot_ws/build/bumperbot_firmware -- -j16 -l16
[0.292s] DEBUG:colcon.colcon_core.event_handler.log_command:Invoking command in '/home/sourav/ROS2-Self-Driving-Robot/control/bumperbot_ws/build/bumperbot_localization': CMAKE_PREFIX_PATH=${CMAKE_PREFIX_PATH}:/home/sourav/ROS2-Self-Driving-Robot/control/bumperbot_ws/install/bumperbot_py_examples:/opt/ros/humble /usr/bin/cmake --build /home/sourav/ROS2-Self-Driving-Robot/control/bumperbot_ws/build/bumperbot_localization -- -j16 -l16
[0.296s] DEBUG:colcon.colcon_core.event_handler.log_command:Invoking command in '/home/sourav/ROS2-Self-Driving-Robot/control/bumperbot_ws/build/bumperbot_utils': CMAKE_PREFIX_PATH=${CMAKE_PREFIX_PATH}:/home/sourav/ROS2-Self-Driving-Robot/control/bumperbot_ws/install/bumperbot_py_examples:/opt/ros/humble /usr/bin/cmake --build /home/sourav/ROS2-Self-Driving-Robot/control/bumperbot_ws/build/bumperbot_utils -- -j16 -l16
[0.316s] DEBUG:colcon.colcon_core.event_handler.log_command:Invoked command in '/home/sourav/ROS2-Self-Driving-Robot/control/bumperbot_ws/build/bumperbot_description' returned '0': CMAKE_PREFIX_PATH=${CMAKE_PREFIX_PATH}:/home/sourav/ROS2-Self-Driving-Robot/control/bumperbot_ws/install/bumperbot_py_examples:/opt/ros/humble /usr/bin/cmake --build /home/sourav/ROS2-Self-Driving-Robot/control/bumperbot_ws/build/bumperbot_description -- -j16 -l16
[0.333s] DEBUG:colcon.colcon_core.event_handler.log_command:Invoking command in '/home/sourav/ROS2-Self-Driving-Robot/control/bumperbot_ws/build/bumperbot_description': CMAKE_PREFIX_PATH=${CMAKE_PREFIX_PATH}:/home/sourav/ROS2-Self-Driving-Robot/control/bumperbot_ws/install/bumperbot_py_examples:/opt/ros/humble /usr/bin/cmake --install /home/sourav/ROS2-Self-Driving-Robot/control/bumperbot_ws/build/bumperbot_description
[0.334s] DEBUG:colcon.colcon_core.event_handler.log_command:Invoked command in '/home/sourav/ROS2-Self-Driving-Robot/control/bumperbot_ws/build/bumperbot_bringup' returned '0': CMAKE_PREFIX_PATH=${CMAKE_PREFIX_PATH}:/home/sourav/ROS2-Self-Driving-Robot/control/bumperbot_ws/install/bumperbot_py_examples:/opt/ros/humble /usr/bin/cmake --build /home/sourav/ROS2-Self-Driving-Robot/control/bumperbot_ws/build/bumperbot_bringup -- -j16 -l16
[0.341s] DEBUG:colcon.colcon_core.event_handler.log_command:Invoking command in '/home/sourav/ROS2-Self-Driving-Robot/control/bumperbot_ws/build/bumperbot_bringup': CMAKE_PREFIX_PATH=${CMAKE_PREFIX_PATH}:/home/sourav/ROS2-Self-Driving-Robot/control/bumperbot_ws/install/bumperbot_py_examples:/opt/ros/humble /usr/bin/cmake --install /home/sourav/ROS2-Self-Driving-Robot/control/bumperbot_ws/build/bumperbot_bringup
[0.351s] Level 1:colcon.colcon_core.environment:create_environment_scripts_only(bumperbot_description)
[0.352s] DEBUG:colcon.colcon_core.event_handler.log_command:Invoked command in '/home/sourav/ROS2-Self-Driving-Robot/control/bumperbot_ws/build/bumperbot_description' returned '0': CMAKE_PREFIX_PATH=${CMAKE_PREFIX_PATH}:/home/sourav/ROS2-Self-Driving-Robot/control/bumperbot_ws/install/bumperbot_py_examples:/opt/ros/humble /usr/bin/cmake --install /home/sourav/ROS2-Self-Driving-Robot/control/bumperbot_ws/build/bumperbot_description
[0.370s] Level 1:colcon.colcon_core.environment:checking '/home/sourav/ROS2-Self-Driving-Robot/control/bumperbot_ws/install/bumperbot_description' for CMake module files
[0.372s] Level 1:colcon.colcon_core.environment:checking '/home/sourav/ROS2-Self-Driving-Robot/control/bumperbot_ws/install/bumperbot_description' for CMake config files
[0.372s] Level 1:colcon.colcon_core.shell:create_environment_hook('bumperbot_description', 'cmake_prefix_path')
[0.372s] INFO:colcon.colcon_core.shell:Creating environment hook '/home/sourav/ROS2-Self-Driving-Robot/control/bumperbot_ws/install/bumperbot_description/share/bumperbot_description/hook/cmake_prefix_path.ps1'
[0.377s] INFO:colcon.colcon_core.shell:Creating environment descriptor '/home/sourav/ROS2-Self-Driving-Robot/control/bumperbot_ws/install/bumperbot_description/share/bumperbot_description/hook/cmake_prefix_path.dsv'
[0.379s] INFO:colcon.colcon_core.shell:Creating environment hook '/home/sourav/ROS2-Self-Driving-Robot/control/bumperbot_ws/install/bumperbot_description/share/bumperbot_description/hook/cmake_prefix_path.sh'
[0.382s] Level 1:colcon.colcon_core.environment:checking '/home/sourav/ROS2-Self-Driving-Robot/control/bumperbot_ws/install/bumperbot_description/bin'
[0.382s] Level 1:colcon.colcon_core.environment:checking '/home/sourav/ROS2-Self-Driving-Robot/control/bumperbot_ws/install/bumperbot_description/lib/pkgconfig/bumperbot_description.pc'
[0.383s] Level 1:colcon.colcon_core.environment:checking '/home/sourav/ROS2-Self-Driving-Robot/control/bumperbot_ws/install/bumperbot_description/lib/python3.10/site-packages'
[0.383s] Level 1:colcon.colcon_core.environment:checking '/home/sourav/ROS2-Self-Driving-Robot/control/bumperbot_ws/install/bumperbot_description/bin'
[0.383s] INFO:colcon.colcon_core.shell:Creating package script '/home/sourav/ROS2-Self-Driving-Robot/control/bumperbot_ws/install/bumperbot_description/share/bumperbot_description/package.ps1'
[0.390s] INFO:colcon.colcon_core.shell:Creating package descriptor '/home/sourav/ROS2-Self-Driving-Robot/control/bumperbot_ws/install/bumperbot_description/share/bumperbot_description/package.dsv'
[0.391s] INFO:colcon.colcon_core.shell:Creating package script '/home/sourav/ROS2-Self-Driving-Robot/control/bumperbot_ws/install/bumperbot_description/share/bumperbot_description/package.sh'
[0.393s] INFO:colcon.colcon_core.shell:Creating package script '/home/sourav/ROS2-Self-Driving-Robot/control/bumperbot_ws/install/bumperbot_description/share/bumperbot_description/package.bash'
[0.394s] INFO:colcon.colcon_core.shell:Creating package script '/home/sourav/ROS2-Self-Driving-Robot/control/bumperbot_ws/install/bumperbot_description/share/bumperbot_description/package.zsh'
[0.396s] Level 1:colcon.colcon_core.environment:create_file_with_runtime_dependencies(/home/sourav/ROS2-Self-Driving-Robot/control/bumperbot_ws/install/bumperbot_description/share/colcon-core/packages/bumperbot_description)
[0.397s] Level 1:colcon.colcon_core.environment:create_environment_scripts_only(bumperbot_description)
[0.397s] Level 1:colcon.colcon_core.environment:checking '/home/sourav/ROS2-Self-Driving-Robot/control/bumperbot_ws/install/bumperbot_description' for CMake module files
[0.398s] Level 1:colcon.colcon_core.environment:checking '/home/sourav/ROS2-Self-Driving-Robot/control/bumperbot_ws/install/bumperbot_description' for CMake config files
[0.398s] Level 1:colcon.colcon_core.shell:create_environment_hook('bumperbot_description', 'cmake_prefix_path')
[0.398s] INFO:colcon.colcon_core.shell:Creating environment hook '/home/sourav/ROS2-Self-Driving-Robot/control/bumperbot_ws/install/bumperbot_description/share/bumperbot_description/hook/cmake_prefix_path.ps1'
[0.399s] INFO:colcon.colcon_core.shell:Creating environment descriptor '/home/sourav/ROS2-Self-Driving-Robot/control/bumperbot_ws/install/bumperbot_description/share/bumperbot_description/hook/cmake_prefix_path.dsv'
[0.399s] INFO:colcon.colcon_core.shell:Creating environment hook '/home/sourav/ROS2-Self-Driving-Robot/control/bumperbot_ws/install/bumperbot_description/share/bumperbot_description/hook/cmake_prefix_path.sh'
[0.399s] Level 1:colcon.colcon_core.environment:checking '/home/sourav/ROS2-Self-Driving-Robot/control/bumperbot_ws/install/bumperbot_description/bin'
[0.399s] Level 1:colcon.colcon_core.environment:checking '/home/sourav/ROS2-Self-Driving-Robot/control/bumperbot_ws/install/bumperbot_description/lib/pkgconfig/bumperbot_description.pc'
[0.400s] Level 1:colcon.colcon_core.environment:checking '/home/sourav/ROS2-Self-Driving-Robot/control/bumperbot_ws/install/bumperbot_description/lib/python3.10/site-packages'
[0.400s] Level 1:colcon.colcon_core.environment:checking '/home/sourav/ROS2-Self-Driving-Robot/control/bumperbot_ws/install/bumperbot_description/bin'
[0.400s] INFO:colcon.colcon_core.shell:Creating package script '/home/sourav/ROS2-Self-Driving-Robot/control/bumperbot_ws/install/bumperbot_description/share/bumperbot_description/package.ps1'
[0.401s] INFO:colcon.colcon_core.shell:Creating package descriptor '/home/sourav/ROS2-Self-Driving-Robot/control/bumperbot_ws/install/bumperbot_description/share/bumperbot_description/package.dsv'
[0.401s] INFO:colcon.colcon_core.shell:Creating package script '/home/sourav/ROS2-Self-Driving-Robot/control/bumperbot_ws/install/bumperbot_description/share/bumperbot_description/package.sh'
[0.402s] INFO:colcon.colcon_core.shell:Creating package script '/home/sourav/ROS2-Self-Driving-Robot/control/bumperbot_ws/install/bumperbot_description/share/bumperbot_description/package.bash'
[0.402s] INFO:colcon.colcon_core.shell:Creating package script '/home/sourav/ROS2-Self-Driving-Robot/control/bumperbot_ws/install/bumperbot_description/share/bumperbot_description/package.zsh'
[0.403s] Level 1:colcon.colcon_core.environment:create_file_with_runtime_dependencies(/home/sourav/ROS2-Self-Driving-Robot/control/bumperbot_ws/install/bumperbot_description/share/colcon-core/packages/bumperbot_description)
[0.409s] Level 1:colcon.colcon_core.environment:create_environment_scripts_only(bumperbot_bringup)
[0.410s] Level 1:colcon.colcon_core.environment:checking '/home/sourav/ROS2-Self-Driving-Robot/control/bumperbot_ws/install/bumperbot_bringup' for CMake module files
[0.410s] DEBUG:colcon.colcon_core.event_handler.log_command:Invoked command in '/home/sourav/ROS2-Self-Driving-Robot/control/bumperbot_ws/build/bumperbot_bringup' returned '0': CMAKE_PREFIX_PATH=${CMAKE_PREFIX_PATH}:/home/sourav/ROS2-Self-Driving-Robot/control/bumperbot_ws/install/bumperbot_py_examples:/opt/ros/humble /usr/bin/cmake --install /home/sourav/ROS2-Self-Driving-Robot/control/bumperbot_ws/build/bumperbot_bringup
[0.411s] Level 1:colcon.colcon_core.environment:checking '/home/sourav/ROS2-Self-Driving-Robot/control/bumperbot_ws/install/bumperbot_bringup' for CMake config files
[0.411s] Level 1:colcon.colcon_core.shell:create_environment_hook('bumperbot_bringup', 'cmake_prefix_path')
[0.411s] INFO:colcon.colcon_core.shell:Creating environment hook '/home/sourav/ROS2-Self-Driving-Robot/control/bumperbot_ws/install/bumperbot_bringup/share/bumperbot_bringup/hook/cmake_prefix_path.ps1'
[0.412s] INFO:colcon.colcon_core.shell:Creating environment descriptor '/home/sourav/ROS2-Self-Driving-Robot/control/bumperbot_ws/install/bumperbot_bringup/share/bumperbot_bringup/hook/cmake_prefix_path.dsv'
[0.413s] INFO:colcon.colcon_core.shell:Creating environment hook '/home/sourav/ROS2-Self-Driving-Robot/control/bumperbot_ws/install/bumperbot_bringup/share/bumperbot_bringup/hook/cmake_prefix_path.sh'
[0.414s] Level 1:colcon.colcon_core.environment:checking '/home/sourav/ROS2-Self-Driving-Robot/control/bumperbot_ws/install/bumperbot_bringup/bin'
[0.414s] Level 1:colcon.colcon_core.environment:checking '/home/sourav/ROS2-Self-Driving-Robot/control/bumperbot_ws/install/bumperbot_bringup/lib/pkgconfig/bumperbot_bringup.pc'
[0.415s] Level 1:colcon.colcon_core.environment:checking '/home/sourav/ROS2-Self-Driving-Robot/control/bumperbot_ws/install/bumperbot_bringup/lib/python3.10/site-packages'
[0.415s] Level 1:colcon.colcon_core.environment:checking '/home/sourav/ROS2-Self-Driving-Robot/control/bumperbot_ws/install/bumperbot_bringup/bin'
[0.415s] INFO:colcon.colcon_core.shell:Creating package script '/home/sourav/ROS2-Self-Driving-Robot/control/bumperbot_ws/install/bumperbot_bringup/share/bumperbot_bringup/package.ps1'
[0.416s] INFO:colcon.colcon_core.shell:Creating package descriptor '/home/sourav/ROS2-Self-Driving-Robot/control/bumperbot_ws/install/bumperbot_bringup/share/bumperbot_bringup/package.dsv'
[0.417s] INFO:colcon.colcon_core.shell:Creating package script '/home/sourav/ROS2-Self-Driving-Robot/control/bumperbot_ws/install/bumperbot_bringup/share/bumperbot_bringup/package.sh'
[0.417s] INFO:colcon.colcon_core.shell:Creating package script '/home/sourav/ROS2-Self-Driving-Robot/control/bumperbot_ws/install/bumperbot_bringup/share/bumperbot_bringup/package.bash'
[0.418s] INFO:colcon.colcon_core.shell:Creating package script '/home/sourav/ROS2-Self-Driving-Robot/control/bumperbot_ws/install/bumperbot_bringup/share/bumperbot_bringup/package.zsh'
[0.419s] Level 1:colcon.colcon_core.environment:create_file_with_runtime_dependencies(/home/sourav/ROS2-Self-Driving-Robot/control/bumperbot_ws/install/bumperbot_bringup/share/colcon-core/packages/bumperbot_bringup)
[0.420s] Level 1:colcon.colcon_core.environment:create_environment_scripts_only(bumperbot_bringup)
[0.420s] Level 1:colcon.colcon_core.environment:checking '/home/sourav/ROS2-Self-Driving-Robot/control/bumperbot_ws/install/bumperbot_bringup' for CMake module files
[0.421s] Level 1:colcon.colcon_core.environment:checking '/home/sourav/ROS2-Self-Driving-Robot/control/bumperbot_ws/install/bumperbot_bringup' for CMake config files
[0.421s] Level 1:colcon.colcon_core.shell:create_environment_hook('bumperbot_bringup', 'cmake_prefix_path')
[0.421s] INFO:colcon.colcon_core.shell:Creating environment hook '/home/sourav/ROS2-Self-Driving-Robot/control/bumperbot_ws/install/bumperbot_bringup/share/bumperbot_bringup/hook/cmake_prefix_path.ps1'
[0.422s] INFO:colcon.colcon_core.shell:Creating environment descriptor '/home/sourav/ROS2-Self-Driving-Robot/control/bumperbot_ws/install/bumperbot_bringup/share/bumperbot_bringup/hook/cmake_prefix_path.dsv'
[0.422s] INFO:colcon.colcon_core.shell:Creating environment hook '/home/sourav/ROS2-Self-Driving-Robot/control/bumperbot_ws/install/bumperbot_bringup/share/bumperbot_bringup/hook/cmake_prefix_path.sh'
[0.423s] Level 1:colcon.colcon_core.environment:checking '/home/sourav/ROS2-Self-Driving-Robot/control/bumperbot_ws/install/bumperbot_bringup/bin'
[0.423s] Level 1:colcon.colcon_core.environment:checking '/home/sourav/ROS2-Self-Driving-Robot/control/bumperbot_ws/install/bumperbot_bringup/lib/pkgconfig/bumperbot_bringup.pc'
[0.424s] Level 1:colcon.colcon_core.environment:checking '/home/sourav/ROS2-Self-Driving-Robot/control/bumperbot_ws/install/bumperbot_bringup/lib/python3.10/site-packages'
[0.424s] Level 1:colcon.colcon_core.environment:checking '/home/sourav/ROS2-Self-Driving-Robot/control/bumperbot_ws/install/bumperbot_bringup/bin'
[0.424s] INFO:colcon.colcon_core.shell:Creating package script '/home/sourav/ROS2-Self-Driving-Robot/control/bumperbot_ws/install/bumperbot_bringup/share/bumperbot_bringup/package.ps1'
[0.425s] INFO:colcon.colcon_core.shell:Creating package descriptor '/home/sourav/ROS2-Self-Driving-Robot/control/bumperbot_ws/install/bumperbot_bringup/share/bumperbot_bringup/package.dsv'
[0.426s] INFO:colcon.colcon_core.shell:Creating package script '/home/sourav/ROS2-Self-Driving-Robot/control/bumperbot_ws/install/bumperbot_bringup/share/bumperbot_bringup/package.sh'
[0.427s] INFO:colcon.colcon_core.shell:Creating package script '/home/sourav/ROS2-Self-Driving-Robot/control/bumperbot_ws/install/bumperbot_bringup/share/bumperbot_bringup/package.bash'
[0.428s] INFO:colcon.colcon_core.shell:Creating package script '/home/sourav/ROS2-Self-Driving-Robot/control/bumperbot_ws/install/bumperbot_bringup/share/bumperbot_bringup/package.zsh'
[0.429s] Level 1:colcon.colcon_core.environment:create_file_with_runtime_dependencies(/home/sourav/ROS2-Self-Driving-Robot/control/bumperbot_ws/install/bumperbot_bringup/share/colcon-core/packages/bumperbot_bringup)
[0.431s] DEBUG:colcon.colcon_core.event_handler.log_command:Invoked command in '/home/sourav/ROS2-Self-Driving-Robot/control/bumperbot_ws/build/imu_complementary_filter' returned '0': CMAKE_PREFIX_PATH=${CMAKE_PREFIX_PATH}:/home/sourav/ROS2-Self-Driving-Robot/control/bumperbot_ws/install/bumperbot_py_examples:/opt/ros/humble /usr/bin/cmake --build /home/sourav/ROS2-Self-Driving-Robot/control/bumperbot_ws/build/imu_complementary_filter -- -j16 -l16
[0.435s] DEBUG:colcon.colcon_core.event_handler.log_command:Invoking command in '/home/sourav/ROS2-Self-Driving-Robot/control/bumperbot_ws/build/imu_complementary_filter': CMAKE_PREFIX_PATH=${CMAKE_PREFIX_PATH}:/home/sourav/ROS2-Self-Driving-Robot/control/bumperbot_ws/install/bumperbot_py_examples:/opt/ros/humble /usr/bin/cmake --install /home/sourav/ROS2-Self-Driving-Robot/control/bumperbot_ws/build/imu_complementary_filter
[0.436s] DEBUG:colcon.colcon_core.event_handler.log_command:Invoked command in '/home/sourav/ROS2-Self-Driving-Robot/control/bumperbot_ws/build/imu_filter_madgwick' returned '0': CMAKE_PREFIX_PATH=${CMAKE_PREFIX_PATH}:/home/sourav/ROS2-Self-Driving-Robot/control/bumperbot_ws/install/bumperbot_py_examples:/opt/ros/humble /usr/bin/cmake --build /home/sourav/ROS2-Self-Driving-Robot/control/bumperbot_ws/build/imu_filter_madgwick -- -j16 -l16
[0.439s] DEBUG:colcon.colcon_core.event_handler.log_command:Invoking command in '/home/sourav/ROS2-Self-Driving-Robot/control/bumperbot_ws/build/imu_filter_madgwick': CMAKE_PREFIX_PATH=${CMAKE_PREFIX_PATH}:/home/sourav/ROS2-Self-Driving-Robot/control/bumperbot_ws/install/bumperbot_py_examples:/opt/ros/humble /usr/bin/cmake --install /home/sourav/ROS2-Self-Driving-Robot/control/bumperbot_ws/build/imu_filter_madgwick
[0.453s] Level 1:colcon.colcon_core.environment:create_environment_scripts_only(imu_complementary_filter)
[0.454s] Level 1:colcon.colcon_core.environment:checking '/home/sourav/ROS2-Self-Driving-Robot/control/bumperbot_ws/install/imu_complementary_filter' for CMake module files
[0.458s] Level 1:colcon.colcon_core.environment:checking '/home/sourav/ROS2-Self-Driving-Robot/control/bumperbot_ws/install/imu_complementary_filter' for CMake config files
[0.458s] DEBUG:colcon.colcon_core.event_handler.log_command:Invoked command in '/home/sourav/ROS2-Self-Driving-Robot/control/bumperbot_ws/build/imu_complementary_filter' returned '0': CMAKE_PREFIX_PATH=${CMAKE_PREFIX_PATH}:/home/sourav/ROS2-Self-Driving-Robot/control/bumperbot_ws/install/bumperbot_py_examples:/opt/ros/humble /usr/bin/cmake --install /home/sourav/ROS2-Self-Driving-Robot/control/bumperbot_ws/build/imu_complementary_filter
[0.459s] Level 1:colcon.colcon_core.shell:create_environment_hook('imu_complementary_filter', 'cmake_prefix_path')
[0.460s] INFO:colcon.colcon_core.shell:Creating environment hook '/home/sourav/ROS2-Self-Driving-Robot/control/bumperbot_ws/install/imu_complementary_filter/share/imu_complementary_filter/hook/cmake_prefix_path.ps1'
[0.460s] INFO:colcon.colcon_core.shell:Creating environment descriptor '/home/sourav/ROS2-Self-Driving-Robot/control/bumperbot_ws/install/imu_complementary_filter/share/imu_complementary_filter/hook/cmake_prefix_path.dsv'
[0.461s] INFO:colcon.colcon_core.shell:Creating environment hook '/home/sourav/ROS2-Self-Driving-Robot/control/bumperbot_ws/install/imu_complementary_filter/share/imu_complementary_filter/hook/cmake_prefix_path.sh'
[0.461s] Level 1:colcon.colcon_core.environment:checking '/home/sourav/ROS2-Self-Driving-Robot/control/bumperbot_ws/install/imu_complementary_filter/lib'
[0.462s] Level 1:colcon.colcon_core.shell:create_environment_hook('imu_complementary_filter', 'ld_library_path_lib')
[0.462s] INFO:colcon.colcon_core.shell:Creating environment hook '/home/sourav/ROS2-Self-Driving-Robot/control/bumperbot_ws/install/imu_complementary_filter/share/imu_complementary_filter/hook/ld_library_path_lib.ps1'
[0.463s] INFO:colcon.colcon_core.shell:Creating environment descriptor '/home/sourav/ROS2-Self-Driving-Robot/control/bumperbot_ws/install/imu_complementary_filter/share/imu_complementary_filter/hook/ld_library_path_lib.dsv'
[0.464s] INFO:colcon.colcon_core.shell:Creating environment hook '/home/sourav/ROS2-Self-Driving-Robot/control/bumperbot_ws/install/imu_complementary_filter/share/imu_complementary_filter/hook/ld_library_path_lib.sh'
[0.464s] Level 1:colcon.colcon_core.environment:checking '/home/sourav/ROS2-Self-Driving-Robot/control/bumperbot_ws/install/imu_complementary_filter/bin'
[0.464s] Level 1:colcon.colcon_core.environment:checking '/home/sourav/ROS2-Self-Driving-Robot/control/bumperbot_ws/install/imu_complementary_filter/lib/pkgconfig/imu_complementary_filter.pc'
[0.465s] Level 1:colcon.colcon_core.environment:checking '/home/sourav/ROS2-Self-Driving-Robot/control/bumperbot_ws/install/imu_complementary_filter/lib/python3.10/site-packages'
[0.465s] Level 1:colcon.colcon_core.environment:checking '/home/sourav/ROS2-Self-Driving-Robot/control/bumperbot_ws/install/imu_complementary_filter/bin'
[0.466s] INFO:colcon.colcon_core.shell:Creating package script '/home/sourav/ROS2-Self-Driving-Robot/control/bumperbot_ws/install/imu_complementary_filter/share/imu_complementary_filter/package.ps1'
[0.466s] INFO:colcon.colcon_core.shell:Creating package descriptor '/home/sourav/ROS2-Self-Driving-Robot/control/bumperbot_ws/install/imu_complementary_filter/share/imu_complementary_filter/package.dsv'
[0.467s] INFO:colcon.colcon_core.shell:Creating package script '/home/sourav/ROS2-Self-Driving-Robot/control/bumperbot_ws/install/imu_complementary_filter/share/imu_complementary_filter/package.sh'
[0.468s] INFO:colcon.colcon_core.shell:Creating package script '/home/sourav/ROS2-Self-Driving-Robot/control/bumperbot_ws/install/imu_complementary_filter/share/imu_complementary_filter/package.bash'
[0.468s] INFO:colcon.colcon_core.shell:Creating package script '/home/sourav/ROS2-Self-Driving-Robot/control/bumperbot_ws/install/imu_complementary_filter/share/imu_complementary_filter/package.zsh'
[0.469s] Level 1:colcon.colcon_core.environment:create_file_with_runtime_dependencies(/home/sourav/ROS2-Self-Driving-Robot/control/bumperbot_ws/install/imu_complementary_filter/share/colcon-core/packages/imu_complementary_filter)
[0.470s] Level 1:colcon.colcon_core.environment:create_environment_scripts_only(imu_complementary_filter)
[0.470s] Level 1:colcon.colcon_core.environment:checking '/home/sourav/ROS2-Self-Driving-Robot/control/bumperbot_ws/install/imu_complementary_filter' for CMake module files
[0.471s] Level 1:colcon.colcon_core.environment:checking '/home/sourav/ROS2-Self-Driving-Robot/control/bumperbot_ws/install/imu_complementary_filter' for CMake config files
[0.471s] Level 1:colcon.colcon_core.shell:create_environment_hook('imu_complementary_filter', 'cmake_prefix_path')
[0.472s] INFO:colcon.colcon_core.shell:Creating environment hook '/home/sourav/ROS2-Self-Driving-Robot/control/bumperbot_ws/install/imu_complementary_filter/share/imu_complementary_filter/hook/cmake_prefix_path.ps1'
[0.472s] INFO:colcon.colcon_core.shell:Creating environment descriptor '/home/sourav/ROS2-Self-Driving-Robot/control/bumperbot_ws/install/imu_complementary_filter/share/imu_complementary_filter/hook/cmake_prefix_path.dsv'
[0.473s] INFO:colcon.colcon_core.shell:Creating environment hook '/home/sourav/ROS2-Self-Driving-Robot/control/bumperbot_ws/install/imu_complementary_filter/share/imu_complementary_filter/hook/cmake_prefix_path.sh'
[0.474s] Level 1:colcon.colcon_core.environment:checking '/home/sourav/ROS2-Self-Driving-Robot/control/bumperbot_ws/install/imu_complementary_filter/lib'
[0.474s] Level 1:colcon.colcon_core.shell:create_environment_hook('imu_complementary_filter', 'ld_library_path_lib')
[0.474s] INFO:colcon.colcon_core.shell:Creating environment hook '/home/sourav/ROS2-Self-Driving-Robot/control/bumperbot_ws/install/imu_complementary_filter/share/imu_complementary_filter/hook/ld_library_path_lib.ps1'
[0.475s] INFO:colcon.colcon_core.shell:Creating environment descriptor '/home/sourav/ROS2-Self-Driving-Robot/control/bumperbot_ws/install/imu_complementary_filter/share/imu_complementary_filter/hook/ld_library_path_lib.dsv'
[0.475s] INFO:colcon.colcon_core.shell:Creating environment hook '/home/sourav/ROS2-Self-Driving-Robot/control/bumperbot_ws/install/imu_complementary_filter/share/imu_complementary_filter/hook/ld_library_path_lib.sh'
[0.476s] Level 1:colcon.colcon_core.environment:checking '/home/sourav/ROS2-Self-Driving-Robot/control/bumperbot_ws/install/imu_complementary_filter/bin'
[0.476s] Level 1:colcon.colcon_core.environment:checking '/home/sourav/ROS2-Self-Driving-Robot/control/bumperbot_ws/install/imu_complementary_filter/lib/pkgconfig/imu_complementary_filter.pc'
[0.476s] Level 1:colcon.colcon_core.environment:checking '/home/sourav/ROS2-Self-Driving-Robot/control/bumperbot_ws/install/imu_complementary_filter/lib/python3.10/site-packages'
[0.477s] Level 1:colcon.colcon_core.environment:checking '/home/sourav/ROS2-Self-Driving-Robot/control/bumperbot_ws/install/imu_complementary_filter/bin'
[0.477s] INFO:colcon.colcon_core.shell:Creating package script '/home/sourav/ROS2-Self-Driving-Robot/control/bumperbot_ws/install/imu_complementary_filter/share/imu_complementary_filter/package.ps1'
[0.478s] INFO:colcon.colcon_core.shell:Creating package descriptor '/home/sourav/ROS2-Self-Driving-Robot/control/bumperbot_ws/install/imu_complementary_filter/share/imu_complementary_filter/package.dsv'
[0.479s] INFO:colcon.colcon_core.shell:Creating package script '/home/sourav/ROS2-Self-Driving-Robot/control/bumperbot_ws/install/imu_complementary_filter/share/imu_complementary_filter/package.sh'
[0.480s] INFO:colcon.colcon_core.shell:Creating package script '/home/sourav/ROS2-Self-Driving-Robot/control/bumperbot_ws/install/imu_complementary_filter/share/imu_complementary_filter/package.bash'
[0.480s] INFO:colcon.colcon_core.shell:Creating package script '/home/sourav/ROS2-Self-Driving-Robot/control/bumperbot_ws/install/imu_complementary_filter/share/imu_complementary_filter/package.zsh'
[0.481s] Level 1:colcon.colcon_core.environment:create_file_with_runtime_dependencies(/home/sourav/ROS2-Self-Driving-Robot/control/bumperbot_ws/install/imu_complementary_filter/share/colcon-core/packages/imu_complementary_filter)
[0.482s] Level 1:colcon.colcon_core.environment:create_environment_scripts_only(imu_filter_madgwick)
[0.483s] Level 1:colcon.colcon_core.environment:checking '/home/sourav/ROS2-Self-Driving-Robot/control/bumperbot_ws/install/imu_filter_madgwick' for CMake module files
[0.484s] DEBUG:colcon.colcon_core.event_handler.log_command:Invoked command in '/home/sourav/ROS2-Self-Driving-Robot/control/bumperbot_ws/build/imu_filter_madgwick' returned '0': CMAKE_PREFIX_PATH=${CMAKE_PREFIX_PATH}:/home/sourav/ROS2-Self-Driving-Robot/control/bumperbot_ws/install/bumperbot_py_examples:/opt/ros/humble /usr/bin/cmake --install /home/sourav/ROS2-Self-Driving-Robot/control/bumperbot_ws/build/imu_filter_madgwick
[0.484s] Level 1:colcon.colcon_core.environment:checking '/home/sourav/ROS2-Self-Driving-Robot/control/bumperbot_ws/install/imu_filter_madgwick' for CMake config files
[0.485s] Level 1:colcon.colcon_core.shell:create_environment_hook('imu_filter_madgwick', 'cmake_prefix_path')
[0.486s] INFO:colcon.colcon_core.shell:Creating environment hook '/home/sourav/ROS2-Self-Driving-Robot/control/bumperbot_ws/install/imu_filter_madgwick/share/imu_filter_madgwick/hook/cmake_prefix_path.ps1'
[0.486s] INFO:colcon.colcon_core.shell:Creating environment descriptor '/home/sourav/ROS2-Self-Driving-Robot/control/bumperbot_ws/install/imu_filter_madgwick/share/imu_filter_madgwick/hook/cmake_prefix_path.dsv'
[0.487s] INFO:colcon.colcon_core.shell:Creating environment hook '/home/sourav/ROS2-Self-Driving-Robot/control/bumperbot_ws/install/imu_filter_madgwick/share/imu_filter_madgwick/hook/cmake_prefix_path.sh'
[0.488s] Level 1:colcon.colcon_core.environment:checking '/home/sourav/ROS2-Self-Driving-Robot/control/bumperbot_ws/install/imu_filter_madgwick/lib'
[0.488s] Level 1:colcon.colcon_core.shell:create_environment_hook('imu_filter_madgwick', 'ld_library_path_lib')
[0.488s] INFO:colcon.colcon_core.shell:Creating environment hook '/home/sourav/ROS2-Self-Driving-Robot/control/bumperbot_ws/install/imu_filter_madgwick/share/imu_filter_madgwick/hook/ld_library_path_lib.ps1'
[0.489s] INFO:colcon.colcon_core.shell:Creating environment descriptor '/home/sourav/ROS2-Self-Driving-Robot/control/bumperbot_ws/install/imu_filter_madgwick/share/imu_filter_madgwick/hook/ld_library_path_lib.dsv'
[0.489s] INFO:colcon.colcon_core.shell:Creating environment hook '/home/sourav/ROS2-Self-Driving-Robot/control/bumperbot_ws/install/imu_filter_madgwick/share/imu_filter_madgwick/hook/ld_library_path_lib.sh'
[0.490s] Level 1:colcon.colcon_core.environment:checking '/home/sourav/ROS2-Self-Driving-Robot/control/bumperbot_ws/install/imu_filter_madgwick/bin'
[0.490s] Level 1:colcon.colcon_core.environment:checking '/home/sourav/ROS2-Self-Driving-Robot/control/bumperbot_ws/install/imu_filter_madgwick/lib/pkgconfig/imu_filter_madgwick.pc'
[0.490s] Level 1:colcon.colcon_core.environment:checking '/home/sourav/ROS2-Self-Driving-Robot/control/bumperbot_ws/install/imu_filter_madgwick/lib/python3.10/site-packages'
[0.491s] Level 1:colcon.colcon_core.environment:checking '/home/sourav/ROS2-Self-Driving-Robot/control/bumperbot_ws/install/imu_filter_madgwick/bin'
[0.491s] INFO:colcon.colcon_core.shell:Creating package script '/home/sourav/ROS2-Self-Driving-Robot/control/bumperbot_ws/install/imu_filter_madgwick/share/imu_filter_madgwick/package.ps1'
[0.492s] INFO:colcon.colcon_core.shell:Creating package descriptor '/home/sourav/ROS2-Self-Driving-Robot/control/bumperbot_ws/install/imu_filter_madgwick/share/imu_filter_madgwick/package.dsv'
[0.493s] INFO:colcon.colcon_core.shell:Creating package script '/home/sourav/ROS2-Self-Driving-Robot/control/bumperbot_ws/install/imu_filter_madgwick/share/imu_filter_madgwick/package.sh'
[0.493s] INFO:colcon.colcon_core.shell:Creating package script '/home/sourav/ROS2-Self-Driving-Robot/control/bumperbot_ws/install/imu_filter_madgwick/share/imu_filter_madgwick/package.bash'
[0.494s] INFO:colcon.colcon_core.shell:Creating package script '/home/sourav/ROS2-Self-Driving-Robot/control/bumperbot_ws/install/imu_filter_madgwick/share/imu_filter_madgwick/package.zsh'
[0.495s] Level 1:colcon.colcon_core.environment:create_file_with_runtime_dependencies(/home/sourav/ROS2-Self-Driving-Robot/control/bumperbot_ws/install/imu_filter_madgwick/share/colcon-core/packages/imu_filter_madgwick)
[0.495s] Level 1:colcon.colcon_core.environment:create_environment_scripts_only(imu_filter_madgwick)
[0.496s] Level 1:colcon.colcon_core.environment:checking '/home/sourav/ROS2-Self-Driving-Robot/control/bumperbot_ws/install/imu_filter_madgwick' for CMake module files
[0.497s] Level 1:colcon.colcon_core.environment:checking '/home/sourav/ROS2-Self-Driving-Robot/control/bumperbot_ws/install/imu_filter_madgwick' for CMake config files
[0.497s] Level 1:colcon.colcon_core.shell:create_environment_hook('imu_filter_madgwick', 'cmake_prefix_path')
[0.497s] INFO:colcon.colcon_core.shell:Creating environment hook '/home/sourav/ROS2-Self-Driving-Robot/control/bumperbot_ws/install/imu_filter_madgwick/share/imu_filter_madgwick/hook/cmake_prefix_path.ps1'
[0.498s] INFO:colcon.colcon_core.shell:Creating environment descriptor '/home/sourav/ROS2-Self-Driving-Robot/control/bumperbot_ws/install/imu_filter_madgwick/share/imu_filter_madgwick/hook/cmake_prefix_path.dsv'
[0.499s] INFO:colcon.colcon_core.shell:Creating environment hook '/home/sourav/ROS2-Self-Driving-Robot/control/bumperbot_ws/install/imu_filter_madgwick/share/imu_filter_madgwick/hook/cmake_prefix_path.sh'
[0.500s] Level 1:colcon.colcon_core.environment:checking '/home/sourav/ROS2-Self-Driving-Robot/control/bumperbot_ws/install/imu_filter_madgwick/lib'
[0.500s] Level 1:colcon.colcon_core.shell:create_environment_hook('imu_filter_madgwick', 'ld_library_path_lib')
[0.500s] INFO:colcon.colcon_core.shell:Creating environment hook '/home/sourav/ROS2-Self-Driving-Robot/control/bumperbot_ws/install/imu_filter_madgwick/share/imu_filter_madgwick/hook/ld_library_path_lib.ps1'
[0.501s] INFO:colcon.colcon_core.shell:Creating environment descriptor '/home/sourav/ROS2-Self-Driving-Robot/control/bumperbot_ws/install/imu_filter_madgwick/share/imu_filter_madgwick/hook/ld_library_path_lib.dsv'
[0.501s] INFO:colcon.colcon_core.shell:Creating environment hook '/home/sourav/ROS2-Self-Driving-Robot/control/bumperbot_ws/install/imu_filter_madgwick/share/imu_filter_madgwick/hook/ld_library_path_lib.sh'
[0.502s] Level 1:colcon.colcon_core.environment:checking '/home/sourav/ROS2-Self-Driving-Robot/control/bumperbot_ws/install/imu_filter_madgwick/bin'
[0.502s] Level 1:colcon.colcon_core.environment:checking '/home/sourav/ROS2-Self-Driving-Robot/control/bumperbot_ws/install/imu_filter_madgwick/lib/pkgconfig/imu_filter_madgwick.pc'
[0.502s] Level 1:colcon.colcon_core.environment:checking '/home/sourav/ROS2-Self-Driving-Robot/control/bumperbot_ws/install/imu_filter_madgwick/lib/python3.10/site-packages'
[0.503s] Level 1:colcon.colcon_core.environment:checking '/home/sourav/ROS2-Self-Driving-Robot/control/bumperbot_ws/install/imu_filter_madgwick/bin'
[0.503s] INFO:colcon.colcon_core.shell:Creating package script '/home/sourav/ROS2-Self-Driving-Robot/control/bumperbot_ws/install/imu_filter_madgwick/share/imu_filter_madgwick/package.ps1'
[0.504s] INFO:colcon.colcon_core.shell:Creating package descriptor '/home/sourav/ROS2-Self-Driving-Robot/control/bumperbot_ws/install/imu_filter_madgwick/share/imu_filter_madgwick/package.dsv'
[0.505s] INFO:colcon.colcon_core.shell:Creating package script '/home/sourav/ROS2-Self-Driving-Robot/control/bumperbot_ws/install/imu_filter_madgwick/share/imu_filter_madgwick/package.sh'
[0.505s] INFO:colcon.colcon_core.shell:Creating package script '/home/sourav/ROS2-Self-Driving-Robot/control/bumperbot_ws/install/imu_filter_madgwick/share/imu_filter_madgwick/package.bash'
[0.506s] INFO:colcon.colcon_core.shell:Creating package script '/home/sourav/ROS2-Self-Driving-Robot/control/bumperbot_ws/install/imu_filter_madgwick/share/imu_filter_madgwick/package.zsh'
[0.507s] Level 1:colcon.colcon_core.environment:create_file_with_runtime_dependencies(/home/sourav/ROS2-Self-Driving-Robot/control/bumperbot_ws/install/imu_filter_madgwick/share/colcon-core/packages/imu_filter_madgwick)
[0.509s] DEBUG:colcon.colcon_core.event_handler.log_command:Invoked command in '/home/sourav/ROS2-Self-Driving-Robot/control/bumperbot_ws/build/rviz_imu_plugin' returned '0': CMAKE_PREFIX_PATH=${CMAKE_PREFIX_PATH}:/home/sourav/ROS2-Self-Driving-Robot/control/bumperbot_ws/install/bumperbot_py_examples:/opt/ros/humble /usr/bin/cmake --build /home/sourav/ROS2-Self-Driving-Robot/control/bumperbot_ws/build/rviz_imu_plugin -- -j16 -l16
[0.511s] DEBUG:colcon.colcon_core.event_handler.log_command:Invoking command in '/home/sourav/ROS2-Self-Driving-Robot/control/bumperbot_ws/build/rviz_imu_plugin': CMAKE_PREFIX_PATH=${CMAKE_PREFIX_PATH}:/home/sourav/ROS2-Self-Driving-Robot/control/bumperbot_ws/install/bumperbot_py_examples:/opt/ros/humble /usr/bin/cmake --install /home/sourav/ROS2-Self-Driving-Robot/control/bumperbot_ws/build/rviz_imu_plugin
[0.520s] Level 1:colcon.colcon_core.environment:create_environment_scripts_only(rviz_imu_plugin)
[0.520s] Level 1:colcon.colcon_core.environment:checking '/home/sourav/ROS2-Self-Driving-Robot/control/bumperbot_ws/install/rviz_imu_plugin' for CMake module files
[0.520s] DEBUG:colcon.colcon_core.event_handler.log_command:Invoked command in '/home/sourav/ROS2-Self-Driving-Robot/control/bumperbot_ws/build/rviz_imu_plugin' returned '0': CMAKE_PREFIX_PATH=${CMAKE_PREFIX_PATH}:/home/sourav/ROS2-Self-Driving-Robot/control/bumperbot_ws/install/bumperbot_py_examples:/opt/ros/humble /usr/bin/cmake --install /home/sourav/ROS2-Self-Driving-Robot/control/bumperbot_ws/build/rviz_imu_plugin
[0.521s] Level 1:colcon.colcon_core.environment:checking '/home/sourav/ROS2-Self-Driving-Robot/control/bumperbot_ws/install/rviz_imu_plugin' for CMake config files
[0.521s] Level 1:colcon.colcon_core.shell:create_environment_hook('rviz_imu_plugin', 'cmake_prefix_path')
[0.522s] INFO:colcon.colcon_core.shell:Creating environment hook '/home/sourav/ROS2-Self-Driving-Robot/control/bumperbot_ws/install/rviz_imu_plugin/share/rviz_imu_plugin/hook/cmake_prefix_path.ps1'
[0.522s] INFO:colcon.colcon_core.shell:Creating environment descriptor '/home/sourav/ROS2-Self-Driving-Robot/control/bumperbot_ws/install/rviz_imu_plugin/share/rviz_imu_plugin/hook/cmake_prefix_path.dsv'
[0.523s] INFO:colcon.colcon_core.shell:Creating environment hook '/home/sourav/ROS2-Self-Driving-Robot/control/bumperbot_ws/install/rviz_imu_plugin/share/rviz_imu_plugin/hook/cmake_prefix_path.sh'
[0.524s] Level 1:colcon.colcon_core.environment:checking '/home/sourav/ROS2-Self-Driving-Robot/control/bumperbot_ws/install/rviz_imu_plugin/lib'
[0.524s] Level 1:colcon.colcon_core.shell:create_environment_hook('rviz_imu_plugin', 'ld_library_path_lib')
[0.524s] INFO:colcon.colcon_core.shell:Creating environment hook '/home/sourav/ROS2-Self-Driving-Robot/control/bumperbot_ws/install/rviz_imu_plugin/share/rviz_imu_plugin/hook/ld_library_path_lib.ps1'
[0.525s] INFO:colcon.colcon_core.shell:Creating environment descriptor '/home/sourav/ROS2-Self-Driving-Robot/control/bumperbot_ws/install/rviz_imu_plugin/share/rviz_imu_plugin/hook/ld_library_path_lib.dsv'
[0.525s] INFO:colcon.colcon_core.shell:Creating environment hook '/home/sourav/ROS2-Self-Driving-Robot/control/bumperbot_ws/install/rviz_imu_plugin/share/rviz_imu_plugin/hook/ld_library_path_lib.sh'
[0.526s] Level 1:colcon.colcon_core.environment:checking '/home/sourav/ROS2-Self-Driving-Robot/control/bumperbot_ws/install/rviz_imu_plugin/bin'
[0.526s] Level 1:colcon.colcon_core.environment:checking '/home/sourav/ROS2-Self-Driving-Robot/control/bumperbot_ws/install/rviz_imu_plugin/lib/pkgconfig/rviz_imu_plugin.pc'
[0.526s] Level 1:colcon.colcon_core.environment:checking '/home/sourav/ROS2-Self-Driving-Robot/control/bumperbot_ws/install/rviz_imu_plugin/lib/python3.10/site-packages'
[0.527s] Level 1:colcon.colcon_core.environment:checking '/home/sourav/ROS2-Self-Driving-Robot/control/bumperbot_ws/install/rviz_imu_plugin/bin'
[0.527s] INFO:colcon.colcon_core.shell:Creating package script '/home/sourav/ROS2-Self-Driving-Robot/control/bumperbot_ws/install/rviz_imu_plugin/share/rviz_imu_plugin/package.ps1'
[0.528s] INFO:colcon.colcon_core.shell:Creating package descriptor '/home/sourav/ROS2-Self-Driving-Robot/control/bumperbot_ws/install/rviz_imu_plugin/share/rviz_imu_plugin/package.dsv'
[0.528s] INFO:colcon.colcon_core.shell:Creating package script '/home/sourav/ROS2-Self-Driving-Robot/control/bumperbot_ws/install/rviz_imu_plugin/share/rviz_imu_plugin/package.sh'
[0.529s] INFO:colcon.colcon_core.shell:Creating package script '/home/sourav/ROS2-Self-Driving-Robot/control/bumperbot_ws/install/rviz_imu_plugin/share/rviz_imu_plugin/package.bash'
[0.530s] INFO:colcon.colcon_core.shell:Creating package script '/home/sourav/ROS2-Self-Driving-Robot/control/bumperbot_ws/install/rviz_imu_plugin/share/rviz_imu_plugin/package.zsh'
[0.530s] Level 1:colcon.colcon_core.environment:create_file_with_runtime_dependencies(/home/sourav/ROS2-Self-Driving-Robot/control/bumperbot_ws/install/rviz_imu_plugin/share/colcon-core/packages/rviz_imu_plugin)
[0.531s] Level 1:colcon.colcon_core.environment:create_environment_scripts_only(rviz_imu_plugin)
[0.531s] Level 1:colcon.colcon_core.environment:checking '/home/sourav/ROS2-Self-Driving-Robot/control/bumperbot_ws/install/rviz_imu_plugin' for CMake module files
[0.532s] Level 1:colcon.colcon_core.environment:checking '/home/sourav/ROS2-Self-Driving-Robot/control/bumperbot_ws/install/rviz_imu_plugin' for CMake config files
[0.532s] Level 1:colcon.colcon_core.shell:create_environment_hook('rviz_imu_plugin', 'cmake_prefix_path')
[0.532s] INFO:colcon.colcon_core.shell:Creating environment hook '/home/sourav/ROS2-Self-Driving-Robot/control/bumperbot_ws/install/rviz_imu_plugin/share/rviz_imu_plugin/hook/cmake_prefix_path.ps1'
[0.532s] INFO:colcon.colcon_core.shell:Creating environment descriptor '/home/sourav/ROS2-Self-Driving-Robot/control/bumperbot_ws/install/rviz_imu_plugin/share/rviz_imu_plugin/hook/cmake_prefix_path.dsv'
[0.533s] INFO:colcon.colcon_core.shell:Creating environment hook '/home/sourav/ROS2-Self-Driving-Robot/control/bumperbot_ws/install/rviz_imu_plugin/share/rviz_imu_plugin/hook/cmake_prefix_path.sh'
[0.533s] Level 1:colcon.colcon_core.environment:checking '/home/sourav/ROS2-Self-Driving-Robot/control/bumperbot_ws/install/rviz_imu_plugin/lib'
[0.533s] Level 1:colcon.colcon_core.shell:create_environment_hook('rviz_imu_plugin', 'ld_library_path_lib')
[0.533s] INFO:colcon.colcon_core.shell:Creating environment hook '/home/sourav/ROS2-Self-Driving-Robot/control/bumperbot_ws/install/rviz_imu_plugin/share/rviz_imu_plugin/hook/ld_library_path_lib.ps1'
[0.534s] INFO:colcon.colcon_core.shell:Creating environment descriptor '/home/sourav/ROS2-Self-Driving-Robot/control/bumperbot_ws/install/rviz_imu_plugin/share/rviz_imu_plugin/hook/ld_library_path_lib.dsv'
[0.534s] INFO:colcon.colcon_core.shell:Creating environment hook '/home/sourav/ROS2-Self-Driving-Robot/control/bumperbot_ws/install/rviz_imu_plugin/share/rviz_imu_plugin/hook/ld_library_path_lib.sh'
[0.534s] Level 1:colcon.colcon_core.environment:checking '/home/sourav/ROS2-Self-Driving-Robot/control/bumperbot_ws/install/rviz_imu_plugin/bin'
[0.534s] Level 1:colcon.colcon_core.environment:checking '/home/sourav/ROS2-Self-Driving-Robot/control/bumperbot_ws/install/rviz_imu_plugin/lib/pkgconfig/rviz_imu_plugin.pc'
[0.534s] Level 1:colcon.colcon_core.environment:checking '/home/sourav/ROS2-Self-Driving-Robot/control/bumperbot_ws/install/rviz_imu_plugin/lib/python3.10/site-packages'
[0.535s] Level 1:colcon.colcon_core.environment:checking '/home/sourav/ROS2-Self-Driving-Robot/control/bumperbot_ws/install/rviz_imu_plugin/bin'
[0.535s] INFO:colcon.colcon_core.shell:Creating package script '/home/sourav/ROS2-Self-Driving-Robot/control/bumperbot_ws/install/rviz_imu_plugin/share/rviz_imu_plugin/package.ps1'
[0.535s] INFO:colcon.colcon_core.shell:Creating package descriptor '/home/sourav/ROS2-Self-Driving-Robot/control/bumperbot_ws/install/rviz_imu_plugin/share/rviz_imu_plugin/package.dsv'
[0.536s] INFO:colcon.colcon_core.shell:Creating package script '/home/sourav/ROS2-Self-Driving-Robot/control/bumperbot_ws/install/rviz_imu_plugin/share/rviz_imu_plugin/package.sh'
[0.536s] INFO:colcon.colcon_core.shell:Creating package script '/home/sourav/ROS2-Self-Driving-Robot/control/bumperbot_ws/install/rviz_imu_plugin/share/rviz_imu_plugin/package.bash'
[0.536s] INFO:colcon.colcon_core.shell:Creating package script '/home/sourav/ROS2-Self-Driving-Robot/control/bumperbot_ws/install/rviz_imu_plugin/share/rviz_imu_plugin/package.zsh'
[0.536s] Level 1:colcon.colcon_core.environment:create_file_with_runtime_dependencies(/home/sourav/ROS2-Self-Driving-Robot/control/bumperbot_ws/install/rviz_imu_plugin/share/colcon-core/packages/rviz_imu_plugin)
[0.537s] INFO:colcon.colcon_ros.task.ament_cmake.build:Building ROS package in '/home/sourav/ROS2-Self-Driving-Robot/control/bumperbot_ws/src/imu_tools/imu_tools' with build type 'ament_cmake'
[0.537s] INFO:colcon.colcon_cmake.task.cmake.build:Building CMake package in '/home/sourav/ROS2-Self-Driving-Robot/control/bumperbot_ws/src/imu_tools/imu_tools'
[0.537s] INFO:colcon.colcon_core.shell:Skip shell extension 'powershell' for command environment: Not usable outside of PowerShell
[0.537s] DEBUG:colcon.colcon_core.shell:Skip shell extension 'dsv' for command environment
[0.562s] DEBUG:colcon.colcon_core.event_handler.log_command:Invoking command in '/home/sourav/ROS2-Self-Driving-Robot/control/bumperbot_ws/build/imu_tools': CMAKE_PREFIX_PATH=/home/sourav/ROS2-Self-Driving-Robot/control/bumperbot_ws/install/rviz_imu_plugin:/home/sourav/ROS2-Self-Driving-Robot/control/bumperbot_ws/install/imu_filter_madgwick:/home/sourav/ROS2-Self-Driving-Robot/control/bumperbot_ws/install/imu_complementary_filter:/home/sourav/ROS2-Self-Driving-Robot/control/bumperbot_ws/install/imu_tools:/home/sourav/ROS2-Self-Driving-Robot/control/bumperbot_ws/install/bumperbot_utils:/home/sourav/ROS2-Self-Driving-Robot/control/bumperbot_ws/install/bumperbot_cpp_examples:/home/sourav/ROS2-Self-Driving-Robot/control/bumperbot_ws/install/bumperbot_msgs:/home/sourav/ROS2-Self-Driving-Robot/control/bumperbot_ws/install/bumperbot_localization:/home/sourav/ROS2-Self-Driving-Robot/control/bumperbot_ws/install/bumperbot_firmware:/home/sourav/ROS2-Self-Driving-Robot/control/bumperbot_ws/install/bumperbot_description:/home/sourav/ROS2-Self-Driving-Robot/control/bumperbot_ws/install/bumperbot_controller:/home/sourav/ROS2-Self-Driving-Robot/control/bumperbot_ws/install/bumperbot_bringup:/home/sourav/ROS2-Self-Driving-Robot/control/bumperbot_ws/install/bumperbot_py_examples:/opt/ros/humble /usr/bin/cmake --build /home/sourav/ROS2-Self-Driving-Robot/control/bumperbot_ws/build/imu_tools -- -j16 -l16
[0.608s] DEBUG:colcon.colcon_core.event_handler.log_command:Invoked command in '/home/sourav/ROS2-Self-Driving-Robot/control/bumperbot_ws/build/imu_tools' returned '0': CMAKE_PREFIX_PATH=/home/sourav/ROS2-Self-Driving-Robot/control/bumperbot_ws/install/rviz_imu_plugin:/home/sourav/ROS2-Self-Driving-Robot/control/bumperbot_ws/install/imu_filter_madgwick:/home/sourav/ROS2-Self-Driving-Robot/control/bumperbot_ws/install/imu_complementary_filter:/home/sourav/ROS2-Self-Driving-Robot/control/bumperbot_ws/install/imu_tools:/home/sourav/ROS2-Self-Driving-Robot/control/bumperbot_ws/install/bumperbot_utils:/home/sourav/ROS2-Self-Driving-Robot/control/bumperbot_ws/install/bumperbot_cpp_examples:/home/sourav/ROS2-Self-Driving-Robot/control/bumperbot_ws/install/bumperbot_msgs:/home/sourav/ROS2-Self-Driving-Robot/control/bumperbot_ws/install/bumperbot_localization:/home/sourav/ROS2-Self-Driving-Robot/control/bumperbot_ws/install/bumperbot_firmware:/home/sourav/ROS2-Self-Driving-Robot/control/bumperbot_ws/install/bumperbot_description:/home/sourav/ROS2-Self-Driving-Robot/control/bumperbot_ws/install/bumperbot_controller:/home/sourav/ROS2-Self-Driving-Robot/control/bumperbot_ws/install/bumperbot_bringup:/home/sourav/ROS2-Self-Driving-Robot/control/bumperbot_ws/install/bumperbot_py_examples:/opt/ros/humble /usr/bin/cmake --build /home/sourav/ROS2-Self-Driving-Robot/control/bumperbot_ws/build/imu_tools -- -j16 -l16
[0.610s] DEBUG:colcon.colcon_core.event_handler.log_command:Invoking command in '/home/sourav/ROS2-Self-Driving-Robot/control/bumperbot_ws/build/imu_tools': CMAKE_PREFIX_PATH=/home/sourav/ROS2-Self-Driving-Robot/control/bumperbot_ws/install/rviz_imu_plugin:/home/sourav/ROS2-Self-Driving-Robot/control/bumperbot_ws/install/imu_filter_madgwick:/home/sourav/ROS2-Self-Driving-Robot/control/bumperbot_ws/install/imu_complementary_filter:/home/sourav/ROS2-Self-Driving-Robot/control/bumperbot_ws/install/imu_tools:/home/sourav/ROS2-Self-Driving-Robot/control/bumperbot_ws/install/bumperbot_utils:/home/sourav/ROS2-Self-Driving-Robot/control/bumperbot_ws/install/bumperbot_cpp_examples:/home/sourav/ROS2-Self-Driving-Robot/control/bumperbot_ws/install/bumperbot_msgs:/home/sourav/ROS2-Self-Driving-Robot/control/bumperbot_ws/install/bumperbot_localization:/home/sourav/ROS2-Self-Driving-Robot/control/bumperbot_ws/install/bumperbot_firmware:/home/sourav/ROS2-Self-Driving-Robot/control/bumperbot_ws/install/bumperbot_description:/home/sourav/ROS2-Self-Driving-Robot/control/bumperbot_ws/install/bumperbot_controller:/home/sourav/ROS2-Self-Driving-Robot/control/bumperbot_ws/install/bumperbot_bringup:/home/sourav/ROS2-Self-Driving-Robot/control/bumperbot_ws/install/bumperbot_py_examples:/opt/ros/humble /usr/bin/cmake --install /home/sourav/ROS2-Self-Driving-Robot/control/bumperbot_ws/build/imu_tools
[0.619s] Level 1:colcon.colcon_core.environment:create_environment_scripts_only(imu_tools)
[0.620s] Level 1:colcon.colcon_core.environment:checking '/home/sourav/ROS2-Self-Driving-Robot/control/bumperbot_ws/install/imu_tools' for CMake module files
[0.620s] DEBUG:colcon.colcon_core.event_handler.log_command:Invoked command in '/home/sourav/ROS2-Self-Driving-Robot/control/bumperbot_ws/build/imu_tools' returned '0': CMAKE_PREFIX_PATH=/home/sourav/ROS2-Self-Driving-Robot/control/bumperbot_ws/install/rviz_imu_plugin:/home/sourav/ROS2-Self-Driving-Robot/control/bumperbot_ws/install/imu_filter_madgwick:/home/sourav/ROS2-Self-Driving-Robot/control/bumperbot_ws/install/imu_complementary_filter:/home/sourav/ROS2-Self-Driving-Robot/control/bumperbot_ws/install/imu_tools:/home/sourav/ROS2-Self-Driving-Robot/control/bumperbot_ws/install/bumperbot_utils:/home/sourav/ROS2-Self-Driving-Robot/control/bumperbot_ws/install/bumperbot_cpp_examples:/home/sourav/ROS2-Self-Driving-Robot/control/bumperbot_ws/install/bumperbot_msgs:/home/sourav/ROS2-Self-Driving-Robot/control/bumperbot_ws/install/bumperbot_localization:/home/sourav/ROS2-Self-Driving-Robot/control/bumperbot_ws/install/bumperbot_firmware:/home/sourav/ROS2-Self-Driving-Robot/control/bumperbot_ws/install/bumperbot_description:/home/sourav/ROS2-Self-Driving-Robot/control/bumperbot_ws/install/bumperbot_controller:/home/sourav/ROS2-Self-Driving-Robot/control/bumperbot_ws/install/bumperbot_bringup:/home/sourav/ROS2-Self-Driving-Robot/control/bumperbot_ws/install/bumperbot_py_examples:/opt/ros/humble /usr/bin/cmake --install /home/sourav/ROS2-Self-Driving-Robot/control/bumperbot_ws/build/imu_tools
[0.621s] Level 1:colcon.colcon_core.environment:checking '/home/sourav/ROS2-Self-Driving-Robot/control/bumperbot_ws/install/imu_tools' for CMake config files
[0.621s] Level 1:colcon.colcon_core.shell:create_environment_hook('imu_tools', 'cmake_prefix_path')
[0.622s] INFO:colcon.colcon_core.shell:Creating environment hook '/home/sourav/ROS2-Self-Driving-Robot/control/bumperbot_ws/install/imu_tools/share/imu_tools/hook/cmake_prefix_path.ps1'
[0.622s] INFO:colcon.colcon_core.shell:Creating environment descriptor '/home/sourav/ROS2-Self-Driving-Robot/control/bumperbot_ws/install/imu_tools/share/imu_tools/hook/cmake_prefix_path.dsv'
[0.623s] INFO:colcon.colcon_core.shell:Creating environment hook '/home/sourav/ROS2-Self-Driving-Robot/control/bumperbot_ws/install/imu_tools/share/imu_tools/hook/cmake_prefix_path.sh'
[0.624s] Level 1:colcon.colcon_core.environment:checking '/home/sourav/ROS2-Self-Driving-Robot/control/bumperbot_ws/install/imu_tools/bin'
[0.624s] Level 1:colcon.colcon_core.environment:checking '/home/sourav/ROS2-Self-Driving-Robot/control/bumperbot_ws/install/imu_tools/lib/pkgconfig/imu_tools.pc'
[0.624s] Level 1:colcon.colcon_core.environment:checking '/home/sourav/ROS2-Self-Driving-Robot/control/bumperbot_ws/install/imu_tools/lib/python3.10/site-packages'
[0.625s] Level 1:colcon.colcon_core.environment:checking '/home/sourav/ROS2-Self-Driving-Robot/control/bumperbot_ws/install/imu_tools/bin'
[0.625s] INFO:colcon.colcon_core.shell:Creating package script '/home/sourav/ROS2-Self-Driving-Robot/control/bumperbot_ws/install/imu_tools/share/imu_tools/package.ps1'
[0.626s] INFO:colcon.colcon_core.shell:Creating package descriptor '/home/sourav/ROS2-Self-Driving-Robot/control/bumperbot_ws/install/imu_tools/share/imu_tools/package.dsv'
[0.627s] INFO:colcon.colcon_core.shell:Creating package script '/home/sourav/ROS2-Self-Driving-Robot/control/bumperbot_ws/install/imu_tools/share/imu_tools/package.sh'
[0.627s] INFO:colcon.colcon_core.shell:Creating package script '/home/sourav/ROS2-Self-Driving-Robot/control/bumperbot_ws/install/imu_tools/share/imu_tools/package.bash'
[0.628s] INFO:colcon.colcon_core.shell:Creating package script '/home/sourav/ROS2-Self-Driving-Robot/control/bumperbot_ws/install/imu_tools/share/imu_tools/package.zsh'
[0.628s] Level 1:colcon.colcon_core.environment:create_file_with_runtime_dependencies(/home/sourav/ROS2-Self-Driving-Robot/control/bumperbot_ws/install/imu_tools/share/colcon-core/packages/imu_tools)
[0.629s] Level 1:colcon.colcon_core.environment:create_environment_scripts_only(imu_tools)
[0.630s] Level 1:colcon.colcon_core.environment:checking '/home/sourav/ROS2-Self-Driving-Robot/control/bumperbot_ws/install/imu_tools' for CMake module files
[0.630s] Level 1:colcon.colcon_core.environment:checking '/home/sourav/ROS2-Self-Driving-Robot/control/bumperbot_ws/install/imu_tools' for CMake config files
[0.631s] Level 1:colcon.colcon_core.shell:create_environment_hook('imu_tools', 'cmake_prefix_path')
[0.631s] INFO:colcon.colcon_core.shell:Creating environment hook '/home/sourav/ROS2-Self-Driving-Robot/control/bumperbot_ws/install/imu_tools/share/imu_tools/hook/cmake_prefix_path.ps1'
[0.632s] INFO:colcon.colcon_core.shell:Creating environment descriptor '/home/sourav/ROS2-Self-Driving-Robot/control/bumperbot_ws/install/imu_tools/share/imu_tools/hook/cmake_prefix_path.dsv'
[0.632s] INFO:colcon.colcon_core.shell:Creating environment hook '/home/sourav/ROS2-Self-Driving-Robot/control/bumperbot_ws/install/imu_tools/share/imu_tools/hook/cmake_prefix_path.sh'
[0.633s] Level 1:colcon.colcon_core.environment:checking '/home/sourav/ROS2-Self-Driving-Robot/control/bumperbot_ws/install/imu_tools/bin'
[0.633s] Level 1:colcon.colcon_core.environment:checking '/home/sourav/ROS2-Self-Driving-Robot/control/bumperbot_ws/install/imu_tools/lib/pkgconfig/imu_tools.pc'
[0.633s] Level 1:colcon.colcon_core.environment:checking '/home/sourav/ROS2-Self-Driving-Robot/control/bumperbot_ws/install/imu_tools/lib/python3.10/site-packages'
[0.633s] Level 1:colcon.colcon_core.environment:checking '/home/sourav/ROS2-Self-Driving-Robot/control/bumperbot_ws/install/imu_tools/bin'
[0.634s] INFO:colcon.colcon_core.shell:Creating package script '/home/sourav/ROS2-Self-Driving-Robot/control/bumperbot_ws/install/imu_tools/share/imu_tools/package.ps1'
[0.635s] INFO:colcon.colcon_core.shell:Creating package descriptor '/home/sourav/ROS2-Self-Driving-Robot/control/bumperbot_ws/install/imu_tools/share/imu_tools/package.dsv'
[0.635s] INFO:colcon.colcon_core.shell:Creating package script '/home/sourav/ROS2-Self-Driving-Robot/control/bumperbot_ws/install/imu_tools/share/imu_tools/package.sh'
[0.636s] INFO:colcon.colcon_core.shell:Creating package script '/home/sourav/ROS2-Self-Driving-Robot/control/bumperbot_ws/install/imu_tools/share/imu_tools/package.bash'
[0.637s] INFO:colcon.colcon_core.shell:Creating package script '/home/sourav/ROS2-Self-Driving-Robot/control/bumperbot_ws/install/imu_tools/share/imu_tools/package.zsh'
[0.637s] Level 1:colcon.colcon_core.environment:create_file_with_runtime_dependencies(/home/sourav/ROS2-Self-Driving-Robot/control/bumperbot_ws/install/imu_tools/share/colcon-core/packages/imu_tools)
[0.650s] DEBUG:colcon.colcon_core.event_handler.log_command:Invoked command in '/home/sourav/ROS2-Self-Driving-Robot/control/bumperbot_ws/build/bumperbot_msgs' returned '0': CMAKE_PREFIX_PATH=${CMAKE_PREFIX_PATH}:/home/sourav/ROS2-Self-Driving-Robot/control/bumperbot_ws/install/bumperbot_py_examples:/opt/ros/humble /usr/bin/cmake --build /home/sourav/ROS2-Self-Driving-Robot/control/bumperbot_ws/build/bumperbot_msgs -- -j16 -l16
[0.653s] DEBUG:colcon.colcon_core.event_handler.log_command:Invoking command in '/home/sourav/ROS2-Self-Driving-Robot/control/bumperbot_ws/build/bumperbot_msgs': CMAKE_PREFIX_PATH=${CMAKE_PREFIX_PATH}:/home/sourav/ROS2-Self-Driving-Robot/control/bumperbot_ws/install/bumperbot_py_examples:/opt/ros/humble /usr/bin/cmake --install /home/sourav/ROS2-Self-Driving-Robot/control/bumperbot_ws/build/bumperbot_msgs
[0.654s] DEBUG:colcon.colcon_core.event_handler.log_command:Invoked command in '/home/sourav/ROS2-Self-Driving-Robot/control/bumperbot_ws/build/bumperbot_controller' returned '0': CMAKE_PREFIX_PATH=${CMAKE_PREFIX_PATH}:/home/sourav/ROS2-Self-Driving-Robot/control/bumperbot_ws/install/bumperbot_py_examples:/opt/ros/humble /usr/bin/cmake --build /home/sourav/ROS2-Self-Driving-Robot/control/bumperbot_ws/build/bumperbot_controller -- -j16 -l16
[0.656s] DEBUG:colcon.colcon_core.event_handler.log_command:Invoking command in '/home/sourav/ROS2-Self-Driving-Robot/control/bumperbot_ws/build/bumperbot_controller': CMAKE_PREFIX_PATH=${CMAKE_PREFIX_PATH}:/home/sourav/ROS2-Self-Driving-Robot/control/bumperbot_ws/install/bumperbot_py_examples:/opt/ros/humble /usr/bin/cmake --install /home/sourav/ROS2-Self-Driving-Robot/control/bumperbot_ws/build/bumperbot_controller
[0.657s] DEBUG:colcon.colcon_core.event_handler.log_command:Invoked command in '/home/sourav/ROS2-Self-Driving-Robot/control/bumperbot_ws/build/bumperbot_utils' returned '0': CMAKE_PREFIX_PATH=${CMAKE_PREFIX_PATH}:/home/sourav/ROS2-Self-Driving-Robot/control/bumperbot_ws/install/bumperbot_py_examples:/opt/ros/humble /usr/bin/cmake --build /home/sourav/ROS2-Self-Driving-Robot/control/bumperbot_ws/build/bumperbot_utils -- -j16 -l16
[0.660s] DEBUG:colcon.colcon_core.event_handler.log_command:Invoking command in '/home/sourav/ROS2-Self-Driving-Robot/control/bumperbot_ws/build/bumperbot_utils': CMAKE_PREFIX_PATH=${CMAKE_PREFIX_PATH}:/home/sourav/ROS2-Self-Driving-Robot/control/bumperbot_ws/install/bumperbot_py_examples:/opt/ros/humble /usr/bin/cmake --install /home/sourav/ROS2-Self-Driving-Robot/control/bumperbot_ws/build/bumperbot_utils
[0.711s] Level 1:colcon.colcon_core.environment:create_environment_scripts_only(bumperbot_controller)
[0.712s] Level 1:colcon.colcon_core.environment:checking '/home/sourav/ROS2-Self-Driving-Robot/control/bumperbot_ws/install/bumperbot_controller' for CMake module files
[0.716s] Level 1:colcon.colcon_core.environment:checking '/home/sourav/ROS2-Self-Driving-Robot/control/bumperbot_ws/install/bumperbot_controller' for CMake config files
[0.716s] DEBUG:colcon.colcon_core.event_handler.log_command:Invoked command in '/home/sourav/ROS2-Self-Driving-Robot/control/bumperbot_ws/build/bumperbot_controller' returned '0': CMAKE_PREFIX_PATH=${CMAKE_PREFIX_PATH}:/home/sourav/ROS2-Self-Driving-Robot/control/bumperbot_ws/install/bumperbot_py_examples:/opt/ros/humble /usr/bin/cmake --install /home/sourav/ROS2-Self-Driving-Robot/control/bumperbot_ws/build/bumperbot_controller
[0.716s] Level 1:colcon.colcon_core.shell:create_environment_hook('bumperbot_controller', 'cmake_prefix_path')
[0.717s] INFO:colcon.colcon_core.shell:Creating environment hook '/home/sourav/ROS2-Self-Driving-Robot/control/bumperbot_ws/install/bumperbot_controller/share/bumperbot_controller/hook/cmake_prefix_path.ps1'
[0.717s] INFO:colcon.colcon_core.shell:Creating environment descriptor '/home/sourav/ROS2-Self-Driving-Robot/control/bumperbot_ws/install/bumperbot_controller/share/bumperbot_controller/hook/cmake_prefix_path.dsv'
[0.719s] INFO:colcon.colcon_core.shell:Creating environment hook '/home/sourav/ROS2-Self-Driving-Robot/control/bumperbot_ws/install/bumperbot_controller/share/bumperbot_controller/hook/cmake_prefix_path.sh'
[0.723s] Level 1:colcon.colcon_core.environment:checking '/home/sourav/ROS2-Self-Driving-Robot/control/bumperbot_ws/install/bumperbot_controller/lib'
[0.723s] Level 1:colcon.colcon_core.environment:checking '/home/sourav/ROS2-Self-Driving-Robot/control/bumperbot_ws/install/bumperbot_controller/bin'
[0.723s] Level 1:colcon.colcon_core.environment:checking '/home/sourav/ROS2-Self-Driving-Robot/control/bumperbot_ws/install/bumperbot_controller/lib/pkgconfig/bumperbot_controller.pc'
[0.723s] Level 1:colcon.colcon_core.environment:checking '/home/sourav/ROS2-Self-Driving-Robot/control/bumperbot_ws/install/bumperbot_controller/lib/python3.10/site-packages'
[0.724s] Level 1:colcon.colcon_core.environment:checking '/home/sourav/ROS2-Self-Driving-Robot/control/bumperbot_ws/install/bumperbot_controller/bin'
[0.724s] INFO:colcon.colcon_core.shell:Creating package script '/home/sourav/ROS2-Self-Driving-Robot/control/bumperbot_ws/install/bumperbot_controller/share/bumperbot_controller/package.ps1'
[0.725s] INFO:colcon.colcon_core.shell:Creating package descriptor '/home/sourav/ROS2-Self-Driving-Robot/control/bumperbot_ws/install/bumperbot_controller/share/bumperbot_controller/package.dsv'
[0.725s] INFO:colcon.colcon_core.shell:Creating package script '/home/sourav/ROS2-Self-Driving-Robot/control/bumperbot_ws/install/bumperbot_controller/share/bumperbot_controller/package.sh'
[0.726s] INFO:colcon.colcon_core.shell:Creating package script '/home/sourav/ROS2-Self-Driving-Robot/control/bumperbot_ws/install/bumperbot_controller/share/bumperbot_controller/package.bash'
[0.726s] INFO:colcon.colcon_core.shell:Creating package script '/home/sourav/ROS2-Self-Driving-Robot/control/bumperbot_ws/install/bumperbot_controller/share/bumperbot_controller/package.zsh'
[0.727s] Level 1:colcon.colcon_core.environment:create_file_with_runtime_dependencies(/home/sourav/ROS2-Self-Driving-Robot/control/bumperbot_ws/install/bumperbot_controller/share/colcon-core/packages/bumperbot_controller)
[0.728s] Level 1:colcon.colcon_core.environment:create_environment_scripts_only(bumperbot_controller)
[0.728s] Level 1:colcon.colcon_core.environment:checking '/home/sourav/ROS2-Self-Driving-Robot/control/bumperbot_ws/install/bumperbot_controller' for CMake module files
[0.729s] Level 1:colcon.colcon_core.environment:checking '/home/sourav/ROS2-Self-Driving-Robot/control/bumperbot_ws/install/bumperbot_controller' for CMake config files
[0.729s] Level 1:colcon.colcon_core.shell:create_environment_hook('bumperbot_controller', 'cmake_prefix_path')
[0.729s] INFO:colcon.colcon_core.shell:Creating environment hook '/home/sourav/ROS2-Self-Driving-Robot/control/bumperbot_ws/install/bumperbot_controller/share/bumperbot_controller/hook/cmake_prefix_path.ps1'
[0.730s] INFO:colcon.colcon_core.shell:Creating environment descriptor '/home/sourav/ROS2-Self-Driving-Robot/control/bumperbot_ws/install/bumperbot_controller/share/bumperbot_controller/hook/cmake_prefix_path.dsv'
[0.730s] INFO:colcon.colcon_core.shell:Creating environment hook '/home/sourav/ROS2-Self-Driving-Robot/control/bumperbot_ws/install/bumperbot_controller/share/bumperbot_controller/hook/cmake_prefix_path.sh'
[0.730s] Level 1:colcon.colcon_core.environment:checking '/home/sourav/ROS2-Self-Driving-Robot/control/bumperbot_ws/install/bumperbot_controller/lib'
[0.730s] Level 1:colcon.colcon_core.environment:checking '/home/sourav/ROS2-Self-Driving-Robot/control/bumperbot_ws/install/bumperbot_controller/bin'
[0.730s] Level 1:colcon.colcon_core.environment:checking '/home/sourav/ROS2-Self-Driving-Robot/control/bumperbot_ws/install/bumperbot_controller/lib/pkgconfig/bumperbot_controller.pc'
[0.731s] Level 1:colcon.colcon_core.environment:checking '/home/sourav/ROS2-Self-Driving-Robot/control/bumperbot_ws/install/bumperbot_controller/lib/python3.10/site-packages'
[0.731s] Level 1:colcon.colcon_core.environment:checking '/home/sourav/ROS2-Self-Driving-Robot/control/bumperbot_ws/install/bumperbot_controller/bin'
[0.731s] INFO:colcon.colcon_core.shell:Creating package script '/home/sourav/ROS2-Self-Driving-Robot/control/bumperbot_ws/install/bumperbot_controller/share/bumperbot_controller/package.ps1'
[0.731s] INFO:colcon.colcon_core.shell:Creating package descriptor '/home/sourav/ROS2-Self-Driving-Robot/control/bumperbot_ws/install/bumperbot_controller/share/bumperbot_controller/package.dsv'
[0.732s] INFO:colcon.colcon_core.shell:Creating package script '/home/sourav/ROS2-Self-Driving-Robot/control/bumperbot_ws/install/bumperbot_controller/share/bumperbot_controller/package.sh'
[0.732s] INFO:colcon.colcon_core.shell:Creating package script '/home/sourav/ROS2-Self-Driving-Robot/control/bumperbot_ws/install/bumperbot_controller/share/bumperbot_controller/package.bash'
[0.732s] INFO:colcon.colcon_core.shell:Creating package script '/home/sourav/ROS2-Self-Driving-Robot/control/bumperbot_ws/install/bumperbot_controller/share/bumperbot_controller/package.zsh'
[0.733s] Level 1:colcon.colcon_core.environment:create_file_with_runtime_dependencies(/home/sourav/ROS2-Self-Driving-Robot/control/bumperbot_ws/install/bumperbot_controller/share/colcon-core/packages/bumperbot_controller)
[0.734s] Level 1:colcon.colcon_core.environment:create_environment_scripts_only(bumperbot_utils)
[0.735s] Level 1:colcon.colcon_core.environment:checking '/home/sourav/ROS2-Self-Driving-Robot/control/bumperbot_ws/install/bumperbot_utils' for CMake module files
[0.736s] DEBUG:colcon.colcon_core.event_handler.log_command:Invoked command in '/home/sourav/ROS2-Self-Driving-Robot/control/bumperbot_ws/build/bumperbot_utils' returned '0': CMAKE_PREFIX_PATH=${CMAKE_PREFIX_PATH}:/home/sourav/ROS2-Self-Driving-Robot/control/bumperbot_ws/install/bumperbot_py_examples:/opt/ros/humble /usr/bin/cmake --install /home/sourav/ROS2-Self-Driving-Robot/control/bumperbot_ws/build/bumperbot_utils
[0.736s] Level 1:colcon.colcon_core.environment:checking '/home/sourav/ROS2-Self-Driving-Robot/control/bumperbot_ws/install/bumperbot_utils' for CMake config files
[0.736s] Level 1:colcon.colcon_core.shell:create_environment_hook('bumperbot_utils', 'cmake_prefix_path')
[0.737s] INFO:colcon.colcon_core.shell:Creating environment hook '/home/sourav/ROS2-Self-Driving-Robot/control/bumperbot_ws/install/bumperbot_utils/share/bumperbot_utils/hook/cmake_prefix_path.ps1'
[0.737s] INFO:colcon.colcon_core.shell:Creating environment descriptor '/home/sourav/ROS2-Self-Driving-Robot/control/bumperbot_ws/install/bumperbot_utils/share/bumperbot_utils/hook/cmake_prefix_path.dsv'
[0.738s] INFO:colcon.colcon_core.shell:Creating environment hook '/home/sourav/ROS2-Self-Driving-Robot/control/bumperbot_ws/install/bumperbot_utils/share/bumperbot_utils/hook/cmake_prefix_path.sh'
[0.739s] Level 1:colcon.colcon_core.environment:checking '/home/sourav/ROS2-Self-Driving-Robot/control/bumperbot_ws/install/bumperbot_utils/lib'
[0.740s] Level 1:colcon.colcon_core.environment:checking '/home/sourav/ROS2-Self-Driving-Robot/control/bumperbot_ws/install/bumperbot_utils/bin'
[0.740s] Level 1:colcon.colcon_core.environment:checking '/home/sourav/ROS2-Self-Driving-Robot/control/bumperbot_ws/install/bumperbot_utils/lib/pkgconfig/bumperbot_utils.pc'
[0.740s] Level 1:colcon.colcon_core.environment:checking '/home/sourav/ROS2-Self-Driving-Robot/control/bumperbot_ws/install/bumperbot_utils/lib/python3.10/site-packages'
[0.740s] Level 1:colcon.colcon_core.environment:checking '/home/sourav/ROS2-Self-Driving-Robot/control/bumperbot_ws/install/bumperbot_utils/bin'
[0.741s] INFO:colcon.colcon_core.shell:Creating package script '/home/sourav/ROS2-Self-Driving-Robot/control/bumperbot_ws/install/bumperbot_utils/share/bumperbot_utils/package.ps1'
[0.743s] INFO:colcon.colcon_core.shell:Creating package descriptor '/home/sourav/ROS2-Self-Driving-Robot/control/bumperbot_ws/install/bumperbot_utils/share/bumperbot_utils/package.dsv'
[0.744s] INFO:colcon.colcon_core.shell:Creating package script '/home/sourav/ROS2-Self-Driving-Robot/control/bumperbot_ws/install/bumperbot_utils/share/bumperbot_utils/package.sh'
[0.745s] INFO:colcon.colcon_core.shell:Creating package script '/home/sourav/ROS2-Self-Driving-Robot/control/bumperbot_ws/install/bumperbot_utils/share/bumperbot_utils/package.bash'
[0.745s] INFO:colcon.colcon_core.shell:Creating package script '/home/sourav/ROS2-Self-Driving-Robot/control/bumperbot_ws/install/bumperbot_utils/share/bumperbot_utils/package.zsh'
[0.746s] Level 1:colcon.colcon_core.environment:create_file_with_runtime_dependencies(/home/sourav/ROS2-Self-Driving-Robot/control/bumperbot_ws/install/bumperbot_utils/share/colcon-core/packages/bumperbot_utils)
[0.747s] Level 1:colcon.colcon_core.environment:create_environment_scripts_only(bumperbot_utils)
[0.748s] Level 1:colcon.colcon_core.environment:checking '/home/sourav/ROS2-Self-Driving-Robot/control/bumperbot_ws/install/bumperbot_utils' for CMake module files
[0.748s] Level 1:colcon.colcon_core.environment:checking '/home/sourav/ROS2-Self-Driving-Robot/control/bumperbot_ws/install/bumperbot_utils' for CMake config files
[0.749s] Level 1:colcon.colcon_core.shell:create_environment_hook('bumperbot_utils', 'cmake_prefix_path')
[0.750s] INFO:colcon.colcon_core.shell:Creating environment hook '/home/sourav/ROS2-Self-Driving-Robot/control/bumperbot_ws/install/bumperbot_utils/share/bumperbot_utils/hook/cmake_prefix_path.ps1'
[0.750s] INFO:colcon.colcon_core.shell:Creating environment descriptor '/home/sourav/ROS2-Self-Driving-Robot/control/bumperbot_ws/install/bumperbot_utils/share/bumperbot_utils/hook/cmake_prefix_path.dsv'
[0.751s] INFO:colcon.colcon_core.shell:Creating environment hook '/home/sourav/ROS2-Self-Driving-Robot/control/bumperbot_ws/install/bumperbot_utils/share/bumperbot_utils/hook/cmake_prefix_path.sh'
[0.752s] Level 1:colcon.colcon_core.environment:checking '/home/sourav/ROS2-Self-Driving-Robot/control/bumperbot_ws/install/bumperbot_utils/lib'
[0.752s] Level 1:colcon.colcon_core.environment:checking '/home/sourav/ROS2-Self-Driving-Robot/control/bumperbot_ws/install/bumperbot_utils/bin'
[0.752s] Level 1:colcon.colcon_core.environment:checking '/home/sourav/ROS2-Self-Driving-Robot/control/bumperbot_ws/install/bumperbot_utils/lib/pkgconfig/bumperbot_utils.pc'
[0.753s] Level 1:colcon.colcon_core.environment:checking '/home/sourav/ROS2-Self-Driving-Robot/control/bumperbot_ws/install/bumperbot_utils/lib/python3.10/site-packages'
[0.753s] Level 1:colcon.colcon_core.environment:checking '/home/sourav/ROS2-Self-Driving-Robot/control/bumperbot_ws/install/bumperbot_utils/bin'
[0.754s] INFO:colcon.colcon_core.shell:Creating package script '/home/sourav/ROS2-Self-Driving-Robot/control/bumperbot_ws/install/bumperbot_utils/share/bumperbot_utils/package.ps1'
[0.755s] INFO:colcon.colcon_core.shell:Creating package descriptor '/home/sourav/ROS2-Self-Driving-Robot/control/bumperbot_ws/install/bumperbot_utils/share/bumperbot_utils/package.dsv'
[0.756s] INFO:colcon.colcon_core.shell:Creating package script '/home/sourav/ROS2-Self-Driving-Robot/control/bumperbot_ws/install/bumperbot_utils/share/bumperbot_utils/package.sh'
[0.757s] INFO:colcon.colcon_core.shell:Creating package script '/home/sourav/ROS2-Self-Driving-Robot/control/bumperbot_ws/install/bumperbot_utils/share/bumperbot_utils/package.bash'
[0.758s] INFO:colcon.colcon_core.shell:Creating package script '/home/sourav/ROS2-Self-Driving-Robot/control/bumperbot_ws/install/bumperbot_utils/share/bumperbot_utils/package.zsh'
[0.758s] Level 1:colcon.colcon_core.environment:create_file_with_runtime_dependencies(/home/sourav/ROS2-Self-Driving-Robot/control/bumperbot_ws/install/bumperbot_utils/share/colcon-core/packages/bumperbot_utils)
[0.759s] Level 1:colcon.colcon_core.environment:create_environment_scripts_only(bumperbot_msgs)
[0.760s] Level 1:colcon.colcon_core.environment:checking '/home/sourav/ROS2-Self-Driving-Robot/control/bumperbot_ws/install/bumperbot_msgs' for CMake module files
[0.761s] DEBUG:colcon.colcon_core.event_handler.log_command:Invoked command in '/home/sourav/ROS2-Self-Driving-Robot/control/bumperbot_ws/build/bumperbot_msgs' returned '0': CMAKE_PREFIX_PATH=${CMAKE_PREFIX_PATH}:/home/sourav/ROS2-Self-Driving-Robot/control/bumperbot_ws/install/bumperbot_py_examples:/opt/ros/humble /usr/bin/cmake --install /home/sourav/ROS2-Self-Driving-Robot/control/bumperbot_ws/build/bumperbot_msgs
[0.762s] Level 1:colcon.colcon_core.environment:checking '/home/sourav/ROS2-Self-Driving-Robot/control/bumperbot_ws/install/bumperbot_msgs' for CMake config files
[0.763s] Level 1:colcon.colcon_core.shell:create_environment_hook('bumperbot_msgs', 'cmake_prefix_path')
[0.763s] INFO:colcon.colcon_core.shell:Creating environment hook '/home/sourav/ROS2-Self-Driving-Robot/control/bumperbot_ws/install/bumperbot_msgs/share/bumperbot_msgs/hook/cmake_prefix_path.ps1'
[0.764s] INFO:colcon.colcon_core.shell:Creating environment descriptor '/home/sourav/ROS2-Self-Driving-Robot/control/bumperbot_ws/install/bumperbot_msgs/share/bumperbot_msgs/hook/cmake_prefix_path.dsv'
[0.764s] INFO:colcon.colcon_core.shell:Creating environment hook '/home/sourav/ROS2-Self-Driving-Robot/control/bumperbot_ws/install/bumperbot_msgs/share/bumperbot_msgs/hook/cmake_prefix_path.sh'
[0.765s] Level 1:colcon.colcon_core.environment:checking '/home/sourav/ROS2-Self-Driving-Robot/control/bumperbot_ws/install/bumperbot_msgs/lib'
[0.765s] Level 1:colcon.colcon_core.shell:create_environment_hook('bumperbot_msgs', 'ld_library_path_lib')
[0.765s] INFO:colcon.colcon_core.shell:Creating environment hook '/home/sourav/ROS2-Self-Driving-Robot/control/bumperbot_ws/install/bumperbot_msgs/share/bumperbot_msgs/hook/ld_library_path_lib.ps1'
[0.765s] INFO:colcon.colcon_core.shell:Creating environment descriptor '/home/sourav/ROS2-Self-Driving-Robot/control/bumperbot_ws/install/bumperbot_msgs/share/bumperbot_msgs/hook/ld_library_path_lib.dsv'
[0.765s] INFO:colcon.colcon_core.shell:Creating environment hook '/home/sourav/ROS2-Self-Driving-Robot/control/bumperbot_ws/install/bumperbot_msgs/share/bumperbot_msgs/hook/ld_library_path_lib.sh'
[0.766s] Level 1:colcon.colcon_core.environment:checking '/home/sourav/ROS2-Self-Driving-Robot/control/bumperbot_ws/install/bumperbot_msgs/bin'
[0.766s] Level 1:colcon.colcon_core.environment:checking '/home/sourav/ROS2-Self-Driving-Robot/control/bumperbot_ws/install/bumperbot_msgs/lib/pkgconfig/bumperbot_msgs.pc'
[0.766s] Level 1:colcon.colcon_core.environment:checking '/home/sourav/ROS2-Self-Driving-Robot/control/bumperbot_ws/install/bumperbot_msgs/lib/python3.10/site-packages'
[0.766s] Level 1:colcon.colcon_core.environment:checking '/home/sourav/ROS2-Self-Driving-Robot/control/bumperbot_ws/install/bumperbot_msgs/bin'
[0.766s] INFO:colcon.colcon_core.shell:Creating package script '/home/sourav/ROS2-Self-Driving-Robot/control/bumperbot_ws/install/bumperbot_msgs/share/bumperbot_msgs/package.ps1'
[0.767s] INFO:colcon.colcon_core.shell:Creating package descriptor '/home/sourav/ROS2-Self-Driving-Robot/control/bumperbot_ws/install/bumperbot_msgs/share/bumperbot_msgs/package.dsv'
[0.767s] INFO:colcon.colcon_core.shell:Creating package script '/home/sourav/ROS2-Self-Driving-Robot/control/bumperbot_ws/install/bumperbot_msgs/share/bumperbot_msgs/package.sh'
[0.768s] INFO:colcon.colcon_core.shell:Creating package script '/home/sourav/ROS2-Self-Driving-Robot/control/bumperbot_ws/install/bumperbot_msgs/share/bumperbot_msgs/package.bash'
[0.768s] INFO:colcon.colcon_core.shell:Creating package script '/home/sourav/ROS2-Self-Driving-Robot/control/bumperbot_ws/install/bumperbot_msgs/share/bumperbot_msgs/package.zsh'
[0.768s] Level 1:colcon.colcon_core.environment:create_file_with_runtime_dependencies(/home/sourav/ROS2-Self-Driving-Robot/control/bumperbot_ws/install/bumperbot_msgs/share/colcon-core/packages/bumperbot_msgs)
[0.769s] Level 1:colcon.colcon_core.environment:create_environment_scripts_only(bumperbot_msgs)
[0.770s] Level 1:colcon.colcon_core.environment:checking '/home/sourav/ROS2-Self-Driving-Robot/control/bumperbot_ws/install/bumperbot_msgs' for CMake module files
[0.770s] Level 1:colcon.colcon_core.environment:checking '/home/sourav/ROS2-Self-Driving-Robot/control/bumperbot_ws/install/bumperbot_msgs' for CMake config files
[0.771s] Level 1:colcon.colcon_core.shell:create_environment_hook('bumperbot_msgs', 'cmake_prefix_path')
[0.771s] INFO:colcon.colcon_core.shell:Creating environment hook '/home/sourav/ROS2-Self-Driving-Robot/control/bumperbot_ws/install/bumperbot_msgs/share/bumperbot_msgs/hook/cmake_prefix_path.ps1'
[0.771s] INFO:colcon.colcon_core.shell:Creating environment descriptor '/home/sourav/ROS2-Self-Driving-Robot/control/bumperbot_ws/install/bumperbot_msgs/share/bumperbot_msgs/hook/cmake_prefix_path.dsv'
[0.772s] INFO:colcon.colcon_core.shell:Creating environment hook '/home/sourav/ROS2-Self-Driving-Robot/control/bumperbot_ws/install/bumperbot_msgs/share/bumperbot_msgs/hook/cmake_prefix_path.sh'
[0.772s] Level 1:colcon.colcon_core.environment:checking '/home/sourav/ROS2-Self-Driving-Robot/control/bumperbot_ws/install/bumperbot_msgs/lib'
[0.772s] Level 1:colcon.colcon_core.shell:create_environment_hook('bumperbot_msgs', 'ld_library_path_lib')
[0.773s] INFO:colcon.colcon_core.shell:Creating environment hook '/home/sourav/ROS2-Self-Driving-Robot/control/bumperbot_ws/install/bumperbot_msgs/share/bumperbot_msgs/hook/ld_library_path_lib.ps1'
[0.773s] INFO:colcon.colcon_core.shell:Creating environment descriptor '/home/sourav/ROS2-Self-Driving-Robot/control/bumperbot_ws/install/bumperbot_msgs/share/bumperbot_msgs/hook/ld_library_path_lib.dsv'
[0.774s] INFO:colcon.colcon_core.shell:Creating environment hook '/home/sourav/ROS2-Self-Driving-Robot/control/bumperbot_ws/install/bumperbot_msgs/share/bumperbot_msgs/hook/ld_library_path_lib.sh'
[0.774s] Level 1:colcon.colcon_core.environment:checking '/home/sourav/ROS2-Self-Driving-Robot/control/bumperbot_ws/install/bumperbot_msgs/bin'
[0.774s] Level 1:colcon.colcon_core.environment:checking '/home/sourav/ROS2-Self-Driving-Robot/control/bumperbot_ws/install/bumperbot_msgs/lib/pkgconfig/bumperbot_msgs.pc'
[0.775s] Level 1:colcon.colcon_core.environment:checking '/home/sourav/ROS2-Self-Driving-Robot/control/bumperbot_ws/install/bumperbot_msgs/lib/python3.10/site-packages'
[0.775s] Level 1:colcon.colcon_core.environment:checking '/home/sourav/ROS2-Self-Driving-Robot/control/bumperbot_ws/install/bumperbot_msgs/bin'
[0.776s] INFO:colcon.colcon_core.shell:Creating package script '/home/sourav/ROS2-Self-Driving-Robot/control/bumperbot_ws/install/bumperbot_msgs/share/bumperbot_msgs/package.ps1'
[0.776s] INFO:colcon.colcon_core.shell:Creating package descriptor '/home/sourav/ROS2-Self-Driving-Robot/control/bumperbot_ws/install/bumperbot_msgs/share/bumperbot_msgs/package.dsv'
[0.777s] INFO:colcon.colcon_core.shell:Creating package script '/home/sourav/ROS2-Self-Driving-Robot/control/bumperbot_ws/install/bumperbot_msgs/share/bumperbot_msgs/package.sh'
[0.777s] INFO:colcon.colcon_core.shell:Creating package script '/home/sourav/ROS2-Self-Driving-Robot/control/bumperbot_ws/install/bumperbot_msgs/share/bumperbot_msgs/package.bash'
[0.778s] INFO:colcon.colcon_core.shell:Creating package script '/home/sourav/ROS2-Self-Driving-Robot/control/bumperbot_ws/install/bumperbot_msgs/share/bumperbot_msgs/package.zsh'
[0.778s] Level 1:colcon.colcon_core.environment:create_file_with_runtime_dependencies(/home/sourav/ROS2-Self-Driving-Robot/control/bumperbot_ws/install/bumperbot_msgs/share/colcon-core/packages/bumperbot_msgs)
[0.778s] INFO:colcon.colcon_ros.task.ament_cmake.build:Building ROS package in '/home/sourav/ROS2-Self-Driving-Robot/control/bumperbot_ws/src/bumperbot_cpp_examples' with build type 'ament_cmake'
[0.779s] INFO:colcon.colcon_cmake.task.cmake.build:Building CMake package in '/home/sourav/ROS2-Self-Driving-Robot/control/bumperbot_ws/src/bumperbot_cpp_examples'
[0.779s] INFO:colcon.colcon_core.shell:Skip shell extension 'powershell' for command environment: Not usable outside of PowerShell
[0.779s] DEBUG:colcon.colcon_core.shell:Skip shell extension 'dsv' for command environment
[0.784s] INFO:colcon.colcon_ros.task.ament_python.build:Building ROS package in '/home/sourav/ROS2-Self-Driving-Robot/control/bumperbot_ws/src/bumperbot_py_examples' with build type 'ament_python'
[0.785s] Level 1:colcon.colcon_core.shell:create_environment_hook('bumperbot_py_examples', 'ament_prefix_path')
[0.785s] INFO:colcon.colcon_core.shell:Creating environment hook '/home/sourav/ROS2-Self-Driving-Robot/control/bumperbot_ws/install/bumperbot_py_examples/share/bumperbot_py_examples/hook/ament_prefix_path.ps1'
[0.786s] INFO:colcon.colcon_core.shell:Creating environment descriptor '/home/sourav/ROS2-Self-Driving-Robot/control/bumperbot_ws/install/bumperbot_py_examples/share/bumperbot_py_examples/hook/ament_prefix_path.dsv'
[0.787s] INFO:colcon.colcon_core.shell:Creating environment hook '/home/sourav/ROS2-Self-Driving-Robot/control/bumperbot_ws/install/bumperbot_py_examples/share/bumperbot_py_examples/hook/ament_prefix_path.sh'
[0.789s] INFO:colcon.colcon_core.shell:Skip shell extension 'powershell' for command environment: Not usable outside of PowerShell
[0.789s] DEBUG:colcon.colcon_core.shell:Skip shell extension 'dsv' for command environment
[0.805s] DEBUG:colcon.colcon_core.event_handler.log_command:Invoking command in '/home/sourav/ROS2-Self-Driving-Robot/control/bumperbot_ws/build/bumperbot_cpp_examples': CMAKE_PREFIX_PATH=/home/sourav/ROS2-Self-Driving-Robot/control/bumperbot_ws/install/bumperbot_msgs:/home/sourav/ROS2-Self-Driving-Robot/control/bumperbot_ws/install/imu_tools:/home/sourav/ROS2-Self-Driving-Robot/control/bumperbot_ws/install/rviz_imu_plugin:/home/sourav/ROS2-Self-Driving-Robot/control/bumperbot_ws/install/imu_filter_madgwick:/home/sourav/ROS2-Self-Driving-Robot/control/bumperbot_ws/install/imu_complementary_filter:/home/sourav/ROS2-Self-Driving-Robot/control/bumperbot_ws/install/bumperbot_utils:/home/sourav/ROS2-Self-Driving-Robot/control/bumperbot_ws/install/bumperbot_cpp_examples:/home/sourav/ROS2-Self-Driving-Robot/control/bumperbot_ws/install/bumperbot_localization:/home/sourav/ROS2-Self-Driving-Robot/control/bumperbot_ws/install/bumperbot_firmware:/home/sourav/ROS2-Self-Driving-Robot/control/bumperbot_ws/install/bumperbot_description:/home/sourav/ROS2-Self-Driving-Robot/control/bumperbot_ws/install/bumperbot_controller:/home/sourav/ROS2-Self-Driving-Robot/control/bumperbot_ws/install/bumperbot_bringup:/home/sourav/ROS2-Self-Driving-Robot/control/bumperbot_ws/install/bumperbot_py_examples:/opt/ros/humble LD_LIBRARY_PATH=/home/sourav/ROS2-Self-Driving-Robot/control/bumperbot_ws/install/bumperbot_msgs/lib:/home/sourav/ROS2-Self-Driving-Robot/control/bumperbot_ws/install/rviz_imu_plugin/lib:/home/sourav/ROS2-Self-Driving-Robot/control/bumperbot_ws/install/imu_filter_madgwick/lib:/home/sourav/ROS2-Self-Driving-Robot/control/bumperbot_ws/install/imu_complementary_filter/lib:/home/sourav/ROS2-Self-Driving-Robot/control/bumperbot_ws/install/bumperbot_firmware/lib:/usr/lib/x86_64-linux-gnu/gazebo-11/plugins:/opt/ros/humble/opt/rviz_ogre_vendor/lib:/opt/ros/humble/lib/x86_64-linux-gnu:/opt/ros/humble/lib:/usr/local/lib:/usr/local/cuda-12.4/lib64 /usr/bin/cmake --build /home/sourav/ROS2-Self-Driving-Robot/control/bumperbot_ws/build/bumperbot_cpp_examples -- -j16 -l16
[1.020s] INFO:colcon.colcon_core.task.python.build:Building Python package in '/home/sourav/ROS2-Self-Driving-Robot/control/bumperbot_ws/src/bumperbot_py_examples'
[1.020s] INFO:colcon.colcon_core.shell:Skip shell extension 'powershell' for command environment: Not usable outside of PowerShell
[1.020s] DEBUG:colcon.colcon_core.shell:Skip shell extension 'dsv' for command environment
[1.028s] DEBUG:colcon.colcon_core.event_handler.log_command:Invoked command in '/home/sourav/ROS2-Self-Driving-Robot/control/bumperbot_ws/build/bumperbot_cpp_examples' returned '0': CMAKE_PREFIX_PATH=/home/sourav/ROS2-Self-Driving-Robot/control/bumperbot_ws/install/bumperbot_msgs:/home/sourav/ROS2-Self-Driving-Robot/control/bumperbot_ws/install/imu_tools:/home/sourav/ROS2-Self-Driving-Robot/control/bumperbot_ws/install/rviz_imu_plugin:/home/sourav/ROS2-Self-Driving-Robot/control/bumperbot_ws/install/imu_filter_madgwick:/home/sourav/ROS2-Self-Driving-Robot/control/bumperbot_ws/install/imu_complementary_filter:/home/sourav/ROS2-Self-Driving-Robot/control/bumperbot_ws/install/bumperbot_utils:/home/sourav/ROS2-Self-Driving-Robot/control/bumperbot_ws/install/bumperbot_cpp_examples:/home/sourav/ROS2-Self-Driving-Robot/control/bumperbot_ws/install/bumperbot_localization:/home/sourav/ROS2-Self-Driving-Robot/control/bumperbot_ws/install/bumperbot_firmware:/home/sourav/ROS2-Self-Driving-Robot/control/bumperbot_ws/install/bumperbot_description:/home/sourav/ROS2-Self-Driving-Robot/control/bumperbot_ws/install/bumperbot_controller:/home/sourav/ROS2-Self-Driving-Robot/control/bumperbot_ws/install/bumperbot_bringup:/home/sourav/ROS2-Self-Driving-Robot/control/bumperbot_ws/install/bumperbot_py_examples:/opt/ros/humble LD_LIBRARY_PATH=/home/sourav/ROS2-Self-Driving-Robot/control/bumperbot_ws/install/bumperbot_msgs/lib:/home/sourav/ROS2-Self-Driving-Robot/control/bumperbot_ws/install/rviz_imu_plugin/lib:/home/sourav/ROS2-Self-Driving-Robot/control/bumperbot_ws/install/imu_filter_madgwick/lib:/home/sourav/ROS2-Self-Driving-Robot/control/bumperbot_ws/install/imu_complementary_filter/lib:/home/sourav/ROS2-Self-Driving-Robot/control/bumperbot_ws/install/bumperbot_firmware/lib:/usr/lib/x86_64-linux-gnu/gazebo-11/plugins:/opt/ros/humble/opt/rviz_ogre_vendor/lib:/opt/ros/humble/lib/x86_64-linux-gnu:/opt/ros/humble/lib:/usr/local/lib:/usr/local/cuda-12.4/lib64 /usr/bin/cmake --build /home/sourav/ROS2-Self-Driving-Robot/control/bumperbot_ws/build/bumperbot_cpp_examples -- -j16 -l16
[1.030s] DEBUG:colcon.colcon_core.event_handler.log_command:Invoking command in '/home/sourav/ROS2-Self-Driving-Robot/control/bumperbot_ws/build/bumperbot_cpp_examples': CMAKE_PREFIX_PATH=/home/sourav/ROS2-Self-Driving-Robot/control/bumperbot_ws/install/bumperbot_msgs:/home/sourav/ROS2-Self-Driving-Robot/control/bumperbot_ws/install/imu_tools:/home/sourav/ROS2-Self-Driving-Robot/control/bumperbot_ws/install/rviz_imu_plugin:/home/sourav/ROS2-Self-Driving-Robot/control/bumperbot_ws/install/imu_filter_madgwick:/home/sourav/ROS2-Self-Driving-Robot/control/bumperbot_ws/install/imu_complementary_filter:/home/sourav/ROS2-Self-Driving-Robot/control/bumperbot_ws/install/bumperbot_utils:/home/sourav/ROS2-Self-Driving-Robot/control/bumperbot_ws/install/bumperbot_cpp_examples:/home/sourav/ROS2-Self-Driving-Robot/control/bumperbot_ws/install/bumperbot_localization:/home/sourav/ROS2-Self-Driving-Robot/control/bumperbot_ws/install/bumperbot_firmware:/home/sourav/ROS2-Self-Driving-Robot/control/bumperbot_ws/install/bumperbot_description:/home/sourav/ROS2-Self-Driving-Robot/control/bumperbot_ws/install/bumperbot_controller:/home/sourav/ROS2-Self-Driving-Robot/control/bumperbot_ws/install/bumperbot_bringup:/home/sourav/ROS2-Self-Driving-Robot/control/bumperbot_ws/install/bumperbot_py_examples:/opt/ros/humble LD_LIBRARY_PATH=/home/sourav/ROS2-Self-Driving-Robot/control/bumperbot_ws/install/bumperbot_msgs/lib:/home/sourav/ROS2-Self-Driving-Robot/control/bumperbot_ws/install/rviz_imu_plugin/lib:/home/sourav/ROS2-Self-Driving-Robot/control/bumperbot_ws/install/imu_filter_madgwick/lib:/home/sourav/ROS2-Self-Driving-Robot/control/bumperbot_ws/install/imu_complementary_filter/lib:/home/sourav/ROS2-Self-Driving-Robot/control/bumperbot_ws/install/bumperbot_firmware/lib:/usr/lib/x86_64-linux-gnu/gazebo-11/plugins:/opt/ros/humble/opt/rviz_ogre_vendor/lib:/opt/ros/humble/lib/x86_64-linux-gnu:/opt/ros/humble/lib:/usr/local/lib:/usr/local/cuda-12.4/lib64 /usr/bin/cmake --install /home/sourav/ROS2-Self-Driving-Robot/control/bumperbot_ws/build/bumperbot_cpp_examples
[1.044s] Level 1:colcon.colcon_core.environment:create_environment_scripts_only(bumperbot_cpp_examples)
[1.044s] Level 1:colcon.colcon_core.environment:checking '/home/sourav/ROS2-Self-Driving-Robot/control/bumperbot_ws/install/bumperbot_cpp_examples' for CMake module files
[1.045s] DEBUG:colcon.colcon_core.event_handler.log_command:Invoked command in '/home/sourav/ROS2-Self-Driving-Robot/control/bumperbot_ws/build/bumperbot_cpp_examples' returned '0': CMAKE_PREFIX_PATH=/home/sourav/ROS2-Self-Driving-Robot/control/bumperbot_ws/install/bumperbot_msgs:/home/sourav/ROS2-Self-Driving-Robot/control/bumperbot_ws/install/imu_tools:/home/sourav/ROS2-Self-Driving-Robot/control/bumperbot_ws/install/rviz_imu_plugin:/home/sourav/ROS2-Self-Driving-Robot/control/bumperbot_ws/install/imu_filter_madgwick:/home/sourav/ROS2-Self-Driving-Robot/control/bumperbot_ws/install/imu_complementary_filter:/home/sourav/ROS2-Self-Driving-Robot/control/bumperbot_ws/install/bumperbot_utils:/home/sourav/ROS2-Self-Driving-Robot/control/bumperbot_ws/install/bumperbot_cpp_examples:/home/sourav/ROS2-Self-Driving-Robot/control/bumperbot_ws/install/bumperbot_localization:/home/sourav/ROS2-Self-Driving-Robot/control/bumperbot_ws/install/bumperbot_firmware:/home/sourav/ROS2-Self-Driving-Robot/control/bumperbot_ws/install/bumperbot_description:/home/sourav/ROS2-Self-Driving-Robot/control/bumperbot_ws/install/bumperbot_controller:/home/sourav/ROS2-Self-Driving-Robot/control/bumperbot_ws/install/bumperbot_bringup:/home/sourav/ROS2-Self-Driving-Robot/control/bumperbot_ws/install/bumperbot_py_examples:/opt/ros/humble LD_LIBRARY_PATH=/home/sourav/ROS2-Self-Driving-Robot/control/bumperbot_ws/install/bumperbot_msgs/lib:/home/sourav/ROS2-Self-Driving-Robot/control/bumperbot_ws/install/rviz_imu_plugin/lib:/home/sourav/ROS2-Self-Driving-Robot/control/bumperbot_ws/install/imu_filter_madgwick/lib:/home/sourav/ROS2-Self-Driving-Robot/control/bumperbot_ws/install/imu_complementary_filter/lib:/home/sourav/ROS2-Self-Driving-Robot/control/bumperbot_ws/install/bumperbot_firmware/lib:/usr/lib/x86_64-linux-gnu/gazebo-11/plugins:/opt/ros/humble/opt/rviz_ogre_vendor/lib:/opt/ros/humble/lib/x86_64-linux-gnu:/opt/ros/humble/lib:/usr/local/lib:/usr/local/cuda-12.4/lib64 /usr/bin/cmake --install /home/sourav/ROS2-Self-Driving-Robot/control/bumperbot_ws/build/bumperbot_cpp_examples
[1.045s] Level 1:colcon.colcon_core.environment:checking '/home/sourav/ROS2-Self-Driving-Robot/control/bumperbot_ws/install/bumperbot_cpp_examples' for CMake config files
[1.045s] Level 1:colcon.colcon_core.shell:create_environment_hook('bumperbot_cpp_examples', 'cmake_prefix_path')
[1.046s] INFO:colcon.colcon_core.shell:Creating environment hook '/home/sourav/ROS2-Self-Driving-Robot/control/bumperbot_ws/install/bumperbot_cpp_examples/share/bumperbot_cpp_examples/hook/cmake_prefix_path.ps1'
[1.046s] INFO:colcon.colcon_core.shell:Creating environment descriptor '/home/sourav/ROS2-Self-Driving-Robot/control/bumperbot_ws/install/bumperbot_cpp_examples/share/bumperbot_cpp_examples/hook/cmake_prefix_path.dsv'
[1.046s] INFO:colcon.colcon_core.shell:Creating environment hook '/home/sourav/ROS2-Self-Driving-Robot/control/bumperbot_ws/install/bumperbot_cpp_examples/share/bumperbot_cpp_examples/hook/cmake_prefix_path.sh'
[1.047s] Level 1:colcon.colcon_core.environment:checking '/home/sourav/ROS2-Self-Driving-Robot/control/bumperbot_ws/install/bumperbot_cpp_examples/lib'
[1.047s] Level 1:colcon.colcon_core.environment:checking '/home/sourav/ROS2-Self-Driving-Robot/control/bumperbot_ws/install/bumperbot_cpp_examples/bin'
[1.047s] Level 1:colcon.colcon_core.environment:checking '/home/sourav/ROS2-Self-Driving-Robot/control/bumperbot_ws/install/bumperbot_cpp_examples/lib/pkgconfig/bumperbot_cpp_examples.pc'
[1.047s] Level 1:colcon.colcon_core.environment:checking '/home/sourav/ROS2-Self-Driving-Robot/control/bumperbot_ws/install/bumperbot_cpp_examples/lib/python3.10/site-packages'
[1.047s] Level 1:colcon.colcon_core.environment:checking '/home/sourav/ROS2-Self-Driving-Robot/control/bumperbot_ws/install/bumperbot_cpp_examples/bin'
[1.048s] INFO:colcon.colcon_core.shell:Creating package script '/home/sourav/ROS2-Self-Driving-Robot/control/bumperbot_ws/install/bumperbot_cpp_examples/share/bumperbot_cpp_examples/package.ps1'
[1.048s] INFO:colcon.colcon_core.shell:Creating package descriptor '/home/sourav/ROS2-Self-Driving-Robot/control/bumperbot_ws/install/bumperbot_cpp_examples/share/bumperbot_cpp_examples/package.dsv'
[1.048s] INFO:colcon.colcon_core.shell:Creating package script '/home/sourav/ROS2-Self-Driving-Robot/control/bumperbot_ws/install/bumperbot_cpp_examples/share/bumperbot_cpp_examples/package.sh'
[1.049s] INFO:colcon.colcon_core.shell:Creating package script '/home/sourav/ROS2-Self-Driving-Robot/control/bumperbot_ws/install/bumperbot_cpp_examples/share/bumperbot_cpp_examples/package.bash'
[1.049s] INFO:colcon.colcon_core.shell:Creating package script '/home/sourav/ROS2-Self-Driving-Robot/control/bumperbot_ws/install/bumperbot_cpp_examples/share/bumperbot_cpp_examples/package.zsh'
[1.049s] Level 1:colcon.colcon_core.environment:create_file_with_runtime_dependencies(/home/sourav/ROS2-Self-Driving-Robot/control/bumperbot_ws/install/bumperbot_cpp_examples/share/colcon-core/packages/bumperbot_cpp_examples)
[1.050s] Level 1:colcon.colcon_core.environment:create_environment_scripts_only(bumperbot_cpp_examples)
[1.050s] Level 1:colcon.colcon_core.environment:checking '/home/sourav/ROS2-Self-Driving-Robot/control/bumperbot_ws/install/bumperbot_cpp_examples' for CMake module files
[1.050s] Level 1:colcon.colcon_core.environment:checking '/home/sourav/ROS2-Self-Driving-Robot/control/bumperbot_ws/install/bumperbot_cpp_examples' for CMake config files
[1.050s] Level 1:colcon.colcon_core.shell:create_environment_hook('bumperbot_cpp_examples', 'cmake_prefix_path')
[1.050s] INFO:colcon.colcon_core.shell:Creating environment hook '/home/sourav/ROS2-Self-Driving-Robot/control/bumperbot_ws/install/bumperbot_cpp_examples/share/bumperbot_cpp_examples/hook/cmake_prefix_path.ps1'
[1.051s] INFO:colcon.colcon_core.shell:Creating environment descriptor '/home/sourav/ROS2-Self-Driving-Robot/control/bumperbot_ws/install/bumperbot_cpp_examples/share/bumperbot_cpp_examples/hook/cmake_prefix_path.dsv'
[1.051s] INFO:colcon.colcon_core.shell:Creating environment hook '/home/sourav/ROS2-Self-Driving-Robot/control/bumperbot_ws/install/bumperbot_cpp_examples/share/bumperbot_cpp_examples/hook/cmake_prefix_path.sh'
[1.052s] Level 1:colcon.colcon_core.environment:checking '/home/sourav/ROS2-Self-Driving-Robot/control/bumperbot_ws/install/bumperbot_cpp_examples/lib'
[1.052s] Level 1:colcon.colcon_core.environment:checking '/home/sourav/ROS2-Self-Driving-Robot/control/bumperbot_ws/install/bumperbot_cpp_examples/bin'
[1.052s] Level 1:colcon.colcon_core.environment:checking '/home/sourav/ROS2-Self-Driving-Robot/control/bumperbot_ws/install/bumperbot_cpp_examples/lib/pkgconfig/bumperbot_cpp_examples.pc'
[1.052s] Level 1:colcon.colcon_core.environment:checking '/home/sourav/ROS2-Self-Driving-Robot/control/bumperbot_ws/install/bumperbot_cpp_examples/lib/python3.10/site-packages'
[1.052s] Level 1:colcon.colcon_core.environment:checking '/home/sourav/ROS2-Self-Driving-Robot/control/bumperbot_ws/install/bumperbot_cpp_examples/bin'
[1.052s] INFO:colcon.colcon_core.shell:Creating package script '/home/sourav/ROS2-Self-Driving-Robot/control/bumperbot_ws/install/bumperbot_cpp_examples/share/bumperbot_cpp_examples/package.ps1'
[1.053s] INFO:colcon.colcon_core.shell:Creating package descriptor '/home/sourav/ROS2-Self-Driving-Robot/control/bumperbot_ws/install/bumperbot_cpp_examples/share/bumperbot_cpp_examples/package.dsv'
[1.053s] INFO:colcon.colcon_core.shell:Creating package script '/home/sourav/ROS2-Self-Driving-Robot/control/bumperbot_ws/install/bumperbot_cpp_examples/share/bumperbot_cpp_examples/package.sh'
[1.054s] INFO:colcon.colcon_core.shell:Creating package script '/home/sourav/ROS2-Self-Driving-Robot/control/bumperbot_ws/install/bumperbot_cpp_examples/share/bumperbot_cpp_examples/package.bash'
[1.054s] INFO:colcon.colcon_core.shell:Creating package script '/home/sourav/ROS2-Self-Driving-Robot/control/bumperbot_ws/install/bumperbot_cpp_examples/share/bumperbot_cpp_examples/package.zsh'
[1.054s] Level 1:colcon.colcon_core.environment:create_file_with_runtime_dependencies(/home/sourav/ROS2-Self-Driving-Robot/control/bumperbot_ws/install/bumperbot_cpp_examples/share/colcon-core/packages/bumperbot_cpp_examples)
[1.493s] DEBUG:colcon.colcon_core.event_handler.log_command:Invoking command in '/home/sourav/ROS2-Self-Driving-Robot/control/bumperbot_ws/src/bumperbot_py_examples': CMAKE_PREFIX_PATH=/home/sourav/ROS2-Self-Driving-Robot/control/bumperbot_ws/install/bumperbot_msgs:/home/sourav/ROS2-Self-Driving-Robot/control/bumperbot_ws/install/imu_tools:/home/sourav/ROS2-Self-Driving-Robot/control/bumperbot_ws/install/rviz_imu_plugin:/home/sourav/ROS2-Self-Driving-Robot/control/bumperbot_ws/install/imu_filter_madgwick:/home/sourav/ROS2-Self-Driving-Robot/control/bumperbot_ws/install/imu_complementary_filter:/home/sourav/ROS2-Self-Driving-Robot/control/bumperbot_ws/install/bumperbot_utils:/home/sourav/ROS2-Self-Driving-Robot/control/bumperbot_ws/install/bumperbot_cpp_examples:/home/sourav/ROS2-Self-Driving-Robot/control/bumperbot_ws/install/bumperbot_localization:/home/sourav/ROS2-Self-Driving-Robot/control/bumperbot_ws/install/bumperbot_firmware:/home/sourav/ROS2-Self-Driving-Robot/control/bumperbot_ws/install/bumperbot_description:/home/sourav/ROS2-Self-Driving-Robot/control/bumperbot_ws/install/bumperbot_controller:/home/sourav/ROS2-Self-Driving-Robot/control/bumperbot_ws/install/bumperbot_bringup LD_LIBRARY_PATH=/home/sourav/ROS2-Self-Driving-Robot/control/bumperbot_ws/install/bumperbot_msgs/lib:/home/sourav/ROS2-Self-Driving-Robot/control/bumperbot_ws/install/rviz_imu_plugin/lib:/home/sourav/ROS2-Self-Driving-Robot/control/bumperbot_ws/install/imu_filter_madgwick/lib:/home/sourav/ROS2-Self-Driving-Robot/control/bumperbot_ws/install/imu_complementary_filter/lib:/home/sourav/ROS2-Self-Driving-Robot/control/bumperbot_ws/install/bumperbot_firmware/lib:/usr/lib/x86_64-linux-gnu/gazebo-11/plugins:/opt/ros/humble/opt/rviz_ogre_vendor/lib:/opt/ros/humble/lib/x86_64-linux-gnu:/opt/ros/humble/lib:/usr/local/lib:/usr/local/cuda-12.4/lib64 PYTHONPATH=/home/sourav/ROS2-Self-Driving-Robot/control/bumperbot_ws/build/bumperbot_py_examples/prefix_override:/usr/lib/python3/dist-packages/colcon_core/task/python/colcon_distutils_commands:/home/sourav/ROS2-Self-Driving-Robot/control/bumperbot_ws/install/bumperbot_py_examples/lib/python3.10/site-packages:${PYTHONPATH} /usr/bin/python3 -W ignore:setup.py install is deprecated -W ignore:easy_install command is deprecated setup.py egg_info --egg-base ../../build/bumperbot_py_examples build --build-base /home/sourav/ROS2-Self-Driving-Robot/control/bumperbot_ws/build/bumperbot_py_examples/build install --record /home/sourav/ROS2-Self-Driving-Robot/control/bumperbot_ws/build/bumperbot_py_examples/install.log --single-version-externally-managed install_data
[1.759s] Level 1:colcon.colcon_core.environment:checking '/home/sourav/ROS2-Self-Driving-Robot/control/bumperbot_ws/install/bumperbot_py_examples' for CMake module files
[1.760s] DEBUG:colcon.colcon_core.event_handler.log_command:Invoked command in '/home/sourav/ROS2-Self-Driving-Robot/control/bumperbot_ws/src/bumperbot_py_examples' returned '0': CMAKE_PREFIX_PATH=/home/sourav/ROS2-Self-Driving-Robot/control/bumperbot_ws/install/bumperbot_msgs:/home/sourav/ROS2-Self-Driving-Robot/control/bumperbot_ws/install/imu_tools:/home/sourav/ROS2-Self-Driving-Robot/control/bumperbot_ws/install/rviz_imu_plugin:/home/sourav/ROS2-Self-Driving-Robot/control/bumperbot_ws/install/imu_filter_madgwick:/home/sourav/ROS2-Self-Driving-Robot/control/bumperbot_ws/install/imu_complementary_filter:/home/sourav/ROS2-Self-Driving-Robot/control/bumperbot_ws/install/bumperbot_utils:/home/sourav/ROS2-Self-Driving-Robot/control/bumperbot_ws/install/bumperbot_cpp_examples:/home/sourav/ROS2-Self-Driving-Robot/control/bumperbot_ws/install/bumperbot_localization:/home/sourav/ROS2-Self-Driving-Robot/control/bumperbot_ws/install/bumperbot_firmware:/home/sourav/ROS2-Self-Driving-Robot/control/bumperbot_ws/install/bumperbot_description:/home/sourav/ROS2-Self-Driving-Robot/control/bumperbot_ws/install/bumperbot_controller:/home/sourav/ROS2-Self-Driving-Robot/control/bumperbot_ws/install/bumperbot_bringup LD_LIBRARY_PATH=/home/sourav/ROS2-Self-Driving-Robot/control/bumperbot_ws/install/bumperbot_msgs/lib:/home/sourav/ROS2-Self-Driving-Robot/control/bumperbot_ws/install/rviz_imu_plugin/lib:/home/sourav/ROS2-Self-Driving-Robot/control/bumperbot_ws/install/imu_filter_madgwick/lib:/home/sourav/ROS2-Self-Driving-Robot/control/bumperbot_ws/install/imu_complementary_filter/lib:/home/sourav/ROS2-Self-Driving-Robot/control/bumperbot_ws/install/bumperbot_firmware/lib:/usr/lib/x86_64-linux-gnu/gazebo-11/plugins:/opt/ros/humble/opt/rviz_ogre_vendor/lib:/opt/ros/humble/lib/x86_64-linux-gnu:/opt/ros/humble/lib:/usr/local/lib:/usr/local/cuda-12.4/lib64 PYTHONPATH=/home/sourav/ROS2-Self-Driving-Robot/control/bumperbot_ws/build/bumperbot_py_examples/prefix_override:/usr/lib/python3/dist-packages/colcon_core/task/python/colcon_distutils_commands:/home/sourav/ROS2-Self-Driving-Robot/control/bumperbot_ws/install/bumperbot_py_examples/lib/python3.10/site-packages:${PYTHONPATH} /usr/bin/python3 -W ignore:setup.py install is deprecated -W ignore:easy_install command is deprecated setup.py egg_info --egg-base ../../build/bumperbot_py_examples build --build-base /home/sourav/ROS2-Self-Driving-Robot/control/bumperbot_ws/build/bumperbot_py_examples/build install --record /home/sourav/ROS2-Self-Driving-Robot/control/bumperbot_ws/build/bumperbot_py_examples/install.log --single-version-externally-managed install_data
[1.760s] Level 1:colcon.colcon_core.environment:checking '/home/sourav/ROS2-Self-Driving-Robot/control/bumperbot_ws/install/bumperbot_py_examples' for CMake config files
[1.761s] Level 1:colcon.colcon_core.environment:checking '/home/sourav/ROS2-Self-Driving-Robot/control/bumperbot_ws/install/bumperbot_py_examples/lib'
[1.761s] Level 1:colcon.colcon_core.environment:checking '/home/sourav/ROS2-Self-Driving-Robot/control/bumperbot_ws/install/bumperbot_py_examples/bin'
[1.761s] Level 1:colcon.colcon_core.environment:checking '/home/sourav/ROS2-Self-Driving-Robot/control/bumperbot_ws/install/bumperbot_py_examples/lib/pkgconfig/bumperbot_py_examples.pc'
[1.762s] Level 1:colcon.colcon_core.environment:checking '/home/sourav/ROS2-Self-Driving-Robot/control/bumperbot_ws/install/bumperbot_py_examples/lib/python3.10/site-packages'
[1.762s] Level 1:colcon.colcon_core.shell:create_environment_hook('bumperbot_py_examples', 'pythonpath')
[1.762s] INFO:colcon.colcon_core.shell:Creating environment hook '/home/sourav/ROS2-Self-Driving-Robot/control/bumperbot_ws/install/bumperbot_py_examples/share/bumperbot_py_examples/hook/pythonpath.ps1'
[1.763s] INFO:colcon.colcon_core.shell:Creating environment descriptor '/home/sourav/ROS2-Self-Driving-Robot/control/bumperbot_ws/install/bumperbot_py_examples/share/bumperbot_py_examples/hook/pythonpath.dsv'
[1.763s] INFO:colcon.colcon_core.shell:Creating environment hook '/home/sourav/ROS2-Self-Driving-Robot/control/bumperbot_ws/install/bumperbot_py_examples/share/bumperbot_py_examples/hook/pythonpath.sh'
[1.764s] Level 1:colcon.colcon_core.environment:checking '/home/sourav/ROS2-Self-Driving-Robot/control/bumperbot_ws/install/bumperbot_py_examples/bin'
[1.764s] Level 1:colcon.colcon_core.environment:create_environment_scripts_only(bumperbot_py_examples)
[1.764s] INFO:colcon.colcon_core.shell:Creating package script '/home/sourav/ROS2-Self-Driving-Robot/control/bumperbot_ws/install/bumperbot_py_examples/share/bumperbot_py_examples/package.ps1'
[1.765s] INFO:colcon.colcon_core.shell:Creating package descriptor '/home/sourav/ROS2-Self-Driving-Robot/control/bumperbot_ws/install/bumperbot_py_examples/share/bumperbot_py_examples/package.dsv'
[1.766s] INFO:colcon.colcon_core.shell:Creating package script '/home/sourav/ROS2-Self-Driving-Robot/control/bumperbot_ws/install/bumperbot_py_examples/share/bumperbot_py_examples/package.sh'
[1.766s] INFO:colcon.colcon_core.shell:Creating package script '/home/sourav/ROS2-Self-Driving-Robot/control/bumperbot_ws/install/bumperbot_py_examples/share/bumperbot_py_examples/package.bash'
[1.767s] INFO:colcon.colcon_core.shell:Creating package script '/home/sourav/ROS2-Self-Driving-Robot/control/bumperbot_ws/install/bumperbot_py_examples/share/bumperbot_py_examples/package.zsh'
[1.767s] Level 1:colcon.colcon_core.environment:create_file_with_runtime_dependencies(/home/sourav/ROS2-Self-Driving-Robot/control/bumperbot_ws/install/bumperbot_py_examples/share/colcon-core/packages/bumperbot_py_examples)
[3.280s] DEBUG:colcon.colcon_core.event_handler.log_command:Invoked command in '/home/sourav/ROS2-Self-Driving-Robot/control/bumperbot_ws/build/bumperbot_firmware' returned '0': CMAKE_PREFIX_PATH=${CMAKE_PREFIX_PATH}:/home/sourav/ROS2-Self-Driving-Robot/control/bumperbot_ws/install/bumperbot_py_examples:/opt/ros/humble /usr/bin/cmake --build /home/sourav/ROS2-Self-Driving-Robot/control/bumperbot_ws/build/bumperbot_firmware -- -j16 -l16
[3.282s] DEBUG:colcon.colcon_core.event_handler.log_command:Invoking command in '/home/sourav/ROS2-Self-Driving-Robot/control/bumperbot_ws/build/bumperbot_firmware': CMAKE_PREFIX_PATH=${CMAKE_PREFIX_PATH}:/home/sourav/ROS2-Self-Driving-Robot/control/bumperbot_ws/install/bumperbot_py_examples:/opt/ros/humble /usr/bin/cmake --install /home/sourav/ROS2-Self-Driving-Robot/control/bumperbot_ws/build/bumperbot_firmware
[3.325s] Level 1:colcon.colcon_core.environment:create_environment_scripts_only(bumperbot_firmware)
[3.326s] Level 1:colcon.colcon_core.environment:checking '/home/sourav/ROS2-Self-Driving-Robot/control/bumperbot_ws/install/bumperbot_firmware' for CMake module files
[3.326s] DEBUG:colcon.colcon_core.event_handler.log_command:Invoked command in '/home/sourav/ROS2-Self-Driving-Robot/control/bumperbot_ws/build/bumperbot_firmware' returned '0': CMAKE_PREFIX_PATH=${CMAKE_PREFIX_PATH}:/home/sourav/ROS2-Self-Driving-Robot/control/bumperbot_ws/install/bumperbot_py_examples:/opt/ros/humble /usr/bin/cmake --install /home/sourav/ROS2-Self-Driving-Robot/control/bumperbot_ws/build/bumperbot_firmware
[3.327s] Level 1:colcon.colcon_core.environment:checking '/home/sourav/ROS2-Self-Driving-Robot/control/bumperbot_ws/install/bumperbot_firmware' for CMake config files
[3.327s] Level 1:colcon.colcon_core.shell:create_environment_hook('bumperbot_firmware', 'cmake_prefix_path')
[3.327s] INFO:colcon.colcon_core.shell:Creating environment hook '/home/sourav/ROS2-Self-Driving-Robot/control/bumperbot_ws/install/bumperbot_firmware/share/bumperbot_firmware/hook/cmake_prefix_path.ps1'
[3.328s] INFO:colcon.colcon_core.shell:Creating environment descriptor '/home/sourav/ROS2-Self-Driving-Robot/control/bumperbot_ws/install/bumperbot_firmware/share/bumperbot_firmware/hook/cmake_prefix_path.dsv'
[3.328s] INFO:colcon.colcon_core.shell:Creating environment hook '/home/sourav/ROS2-Self-Driving-Robot/control/bumperbot_ws/install/bumperbot_firmware/share/bumperbot_firmware/hook/cmake_prefix_path.sh'
[3.329s] Level 1:colcon.colcon_core.environment:checking '/home/sourav/ROS2-Self-Driving-Robot/control/bumperbot_ws/install/bumperbot_firmware/lib'
[3.329s] Level 1:colcon.colcon_core.shell:create_environment_hook('bumperbot_firmware', 'ld_library_path_lib')
[3.329s] INFO:colcon.colcon_core.shell:Creating environment hook '/home/sourav/ROS2-Self-Driving-Robot/control/bumperbot_ws/install/bumperbot_firmware/share/bumperbot_firmware/hook/ld_library_path_lib.ps1'
[3.329s] INFO:colcon.colcon_core.shell:Creating environment descriptor '/home/sourav/ROS2-Self-Driving-Robot/control/bumperbot_ws/install/bumperbot_firmware/share/bumperbot_firmware/hook/ld_library_path_lib.dsv'
[3.330s] INFO:colcon.colcon_core.shell:Creating environment hook '/home/sourav/ROS2-Self-Driving-Robot/control/bumperbot_ws/install/bumperbot_firmware/share/bumperbot_firmware/hook/ld_library_path_lib.sh'
[3.330s] Level 1:colcon.colcon_core.environment:checking '/home/sourav/ROS2-Self-Driving-Robot/control/bumperbot_ws/install/bumperbot_firmware/bin'
[3.330s] Level 1:colcon.colcon_core.environment:checking '/home/sourav/ROS2-Self-Driving-Robot/control/bumperbot_ws/install/bumperbot_firmware/lib/pkgconfig/bumperbot_firmware.pc'
[3.330s] Level 1:colcon.colcon_core.environment:checking '/home/sourav/ROS2-Self-Driving-Robot/control/bumperbot_ws/install/bumperbot_firmware/lib/python3.10/site-packages'
[3.331s] Level 1:colcon.colcon_core.environment:checking '/home/sourav/ROS2-Self-Driving-Robot/control/bumperbot_ws/install/bumperbot_firmware/bin'
[3.331s] INFO:colcon.colcon_core.shell:Creating package script '/home/sourav/ROS2-Self-Driving-Robot/control/bumperbot_ws/install/bumperbot_firmware/share/bumperbot_firmware/package.ps1'
[3.331s] INFO:colcon.colcon_core.shell:Creating package descriptor '/home/sourav/ROS2-Self-Driving-Robot/control/bumperbot_ws/install/bumperbot_firmware/share/bumperbot_firmware/package.dsv'
[3.332s] INFO:colcon.colcon_core.shell:Creating package script '/home/sourav/ROS2-Self-Driving-Robot/control/bumperbot_ws/install/bumperbot_firmware/share/bumperbot_firmware/package.sh'
[3.332s] INFO:colcon.colcon_core.shell:Creating package script '/home/sourav/ROS2-Self-Driving-Robot/control/bumperbot_ws/install/bumperbot_firmware/share/bumperbot_firmware/package.bash'
[3.333s] INFO:colcon.colcon_core.shell:Creating package script '/home/sourav/ROS2-Self-Driving-Robot/control/bumperbot_ws/install/bumperbot_firmware/share/bumperbot_firmware/package.zsh'
[3.333s] Level 1:colcon.colcon_core.environment:create_file_with_runtime_dependencies(/home/sourav/ROS2-Self-Driving-Robot/control/bumperbot_ws/install/bumperbot_firmware/share/colcon-core/packages/bumperbot_firmware)
[3.334s] Level 1:colcon.colcon_core.environment:create_environment_scripts_only(bumperbot_firmware)
[3.334s] Level 1:colcon.colcon_core.environment:checking '/home/sourav/ROS2-Self-Driving-Robot/control/bumperbot_ws/install/bumperbot_firmware' for CMake module files
[3.334s] Level 1:colcon.colcon_core.environment:checking '/home/sourav/ROS2-Self-Driving-Robot/control/bumperbot_ws/install/bumperbot_firmware' for CMake config files
[3.335s] Level 1:colcon.colcon_core.shell:create_environment_hook('bumperbot_firmware', 'cmake_prefix_path')
[3.335s] INFO:colcon.colcon_core.shell:Creating environment hook '/home/sourav/ROS2-Self-Driving-Robot/control/bumperbot_ws/install/bumperbot_firmware/share/bumperbot_firmware/hook/cmake_prefix_path.ps1'
[3.335s] INFO:colcon.colcon_core.shell:Creating environment descriptor '/home/sourav/ROS2-Self-Driving-Robot/control/bumperbot_ws/install/bumperbot_firmware/share/bumperbot_firmware/hook/cmake_prefix_path.dsv'
[3.336s] INFO:colcon.colcon_core.shell:Creating environment hook '/home/sourav/ROS2-Self-Driving-Robot/control/bumperbot_ws/install/bumperbot_firmware/share/bumperbot_firmware/hook/cmake_prefix_path.sh'
[3.336s] Level 1:colcon.colcon_core.environment:checking '/home/sourav/ROS2-Self-Driving-Robot/control/bumperbot_ws/install/bumperbot_firmware/lib'
[3.336s] Level 1:colcon.colcon_core.shell:create_environment_hook('bumperbot_firmware', 'ld_library_path_lib')
[3.336s] INFO:colcon.colcon_core.shell:Creating environment hook '/home/sourav/ROS2-Self-Driving-Robot/control/bumperbot_ws/install/bumperbot_firmware/share/bumperbot_firmware/hook/ld_library_path_lib.ps1'
[3.337s] INFO:colcon.colcon_core.shell:Creating environment descriptor '/home/sourav/ROS2-Self-Driving-Robot/control/bumperbot_ws/install/bumperbot_firmware/share/bumperbot_firmware/hook/ld_library_path_lib.dsv'
[3.337s] INFO:colcon.colcon_core.shell:Creating environment hook '/home/sourav/ROS2-Self-Driving-Robot/control/bumperbot_ws/install/bumperbot_firmware/share/bumperbot_firmware/hook/ld_library_path_lib.sh'
[3.338s] Level 1:colcon.colcon_core.environment:checking '/home/sourav/ROS2-Self-Driving-Robot/control/bumperbot_ws/install/bumperbot_firmware/bin'
[3.338s] Level 1:colcon.colcon_core.environment:checking '/home/sourav/ROS2-Self-Driving-Robot/control/bumperbot_ws/install/bumperbot_firmware/lib/pkgconfig/bumperbot_firmware.pc'
[3.338s] Level 1:colcon.colcon_core.environment:checking '/home/sourav/ROS2-Self-Driving-Robot/control/bumperbot_ws/install/bumperbot_firmware/lib/python3.10/site-packages'
[3.338s] Level 1:colcon.colcon_core.environment:checking '/home/sourav/ROS2-Self-Driving-Robot/control/bumperbot_ws/install/bumperbot_firmware/bin'
[3.338s] INFO:colcon.colcon_core.shell:Creating package script '/home/sourav/ROS2-Self-Driving-Robot/control/bumperbot_ws/install/bumperbot_firmware/share/bumperbot_firmware/package.ps1'
[3.338s] INFO:colcon.colcon_core.shell:Creating package descriptor '/home/sourav/ROS2-Self-Driving-Robot/control/bumperbot_ws/install/bumperbot_firmware/share/bumperbot_firmware/package.dsv'
[3.339s] INFO:colcon.colcon_core.shell:Creating package script '/home/sourav/ROS2-Self-Driving-Robot/control/bumperbot_ws/install/bumperbot_firmware/share/bumperbot_firmware/package.sh'
[3.339s] INFO:colcon.colcon_core.shell:Creating package script '/home/sourav/ROS2-Self-Driving-Robot/control/bumperbot_ws/install/bumperbot_firmware/share/bumperbot_firmware/package.bash'
[3.339s] INFO:colcon.colcon_core.shell:Creating package script '/home/sourav/ROS2-Self-Driving-Robot/control/bumperbot_ws/install/bumperbot_firmware/share/bumperbot_firmware/package.zsh'
[3.339s] Level 1:colcon.colcon_core.environment:create_file_with_runtime_dependencies(/home/sourav/ROS2-Self-Driving-Robot/control/bumperbot_ws/install/bumperbot_firmware/share/colcon-core/packages/bumperbot_firmware)
[5.857s] DEBUG:colcon.colcon_core.event_handler.log_command:Invoked command in '/home/sourav/ROS2-Self-Driving-Robot/control/bumperbot_ws/build/bumperbot_localization' returned '0': CMAKE_PREFIX_PATH=${CMAKE_PREFIX_PATH}:/home/sourav/ROS2-Self-Driving-Robot/control/bumperbot_ws/install/bumperbot_py_examples:/opt/ros/humble /usr/bin/cmake --build /home/sourav/ROS2-Self-Driving-Robot/control/bumperbot_ws/build/bumperbot_localization -- -j16 -l16
[5.859s] DEBUG:colcon.colcon_core.event_handler.log_command:Invoking command in '/home/sourav/ROS2-Self-Driving-Robot/control/bumperbot_ws/build/bumperbot_localization': CMAKE_PREFIX_PATH=${CMAKE_PREFIX_PATH}:/home/sourav/ROS2-Self-Driving-Robot/control/bumperbot_ws/install/bumperbot_py_examples:/opt/ros/humble /usr/bin/cmake --install /home/sourav/ROS2-Self-Driving-Robot/control/bumperbot_ws/build/bumperbot_localization
[5.894s] Level 1:colcon.colcon_core.environment:create_environment_scripts_only(bumperbot_localization)
[5.895s] Level 1:colcon.colcon_core.environment:checking '/home/sourav/ROS2-Self-Driving-Robot/control/bumperbot_ws/install/bumperbot_localization' for CMake module files
[5.895s] DEBUG:colcon.colcon_core.event_handler.log_command:Invoked command in '/home/sourav/ROS2-Self-Driving-Robot/control/bumperbot_ws/build/bumperbot_localization' returned '0': CMAKE_PREFIX_PATH=${CMAKE_PREFIX_PATH}:/home/sourav/ROS2-Self-Driving-Robot/control/bumperbot_ws/install/bumperbot_py_examples:/opt/ros/humble /usr/bin/cmake --install /home/sourav/ROS2-Self-Driving-Robot/control/bumperbot_ws/build/bumperbot_localization
[5.896s] Level 1:colcon.colcon_core.environment:checking '/home/sourav/ROS2-Self-Driving-Robot/control/bumperbot_ws/install/bumperbot_localization' for CMake config files
[5.896s] Level 1:colcon.colcon_core.shell:create_environment_hook('bumperbot_localization', 'cmake_prefix_path')
[5.896s] INFO:colcon.colcon_core.shell:Creating environment hook '/home/sourav/ROS2-Self-Driving-Robot/control/bumperbot_ws/install/bumperbot_localization/share/bumperbot_localization/hook/cmake_prefix_path.ps1'
[5.897s] INFO:colcon.colcon_core.shell:Creating environment descriptor '/home/sourav/ROS2-Self-Driving-Robot/control/bumperbot_ws/install/bumperbot_localization/share/bumperbot_localization/hook/cmake_prefix_path.dsv'
[5.897s] INFO:colcon.colcon_core.shell:Creating environment hook '/home/sourav/ROS2-Self-Driving-Robot/control/bumperbot_ws/install/bumperbot_localization/share/bumperbot_localization/hook/cmake_prefix_path.sh'
[5.898s] Level 1:colcon.colcon_core.environment:checking '/home/sourav/ROS2-Self-Driving-Robot/control/bumperbot_ws/install/bumperbot_localization/lib'
[5.898s] Level 1:colcon.colcon_core.environment:checking '/home/sourav/ROS2-Self-Driving-Robot/control/bumperbot_ws/install/bumperbot_localization/bin'
[5.898s] Level 1:colcon.colcon_core.environment:checking '/home/sourav/ROS2-Self-Driving-Robot/control/bumperbot_ws/install/bumperbot_localization/lib/pkgconfig/bumperbot_localization.pc'
[5.898s] Level 1:colcon.colcon_core.environment:checking '/home/sourav/ROS2-Self-Driving-Robot/control/bumperbot_ws/install/bumperbot_localization/lib/python3.10/site-packages'
[5.898s] Level 1:colcon.colcon_core.environment:checking '/home/sourav/ROS2-Self-Driving-Robot/control/bumperbot_ws/install/bumperbot_localization/bin'
[5.899s] INFO:colcon.colcon_core.shell:Creating package script '/home/sourav/ROS2-Self-Driving-Robot/control/bumperbot_ws/install/bumperbot_localization/share/bumperbot_localization/package.ps1'
[5.899s] INFO:colcon.colcon_core.shell:Creating package descriptor '/home/sourav/ROS2-Self-Driving-Robot/control/bumperbot_ws/install/bumperbot_localization/share/bumperbot_localization/package.dsv'
[5.900s] INFO:colcon.colcon_core.shell:Creating package script '/home/sourav/ROS2-Self-Driving-Robot/control/bumperbot_ws/install/bumperbot_localization/share/bumperbot_localization/package.sh'
[5.900s] INFO:colcon.colcon_core.shell:Creating package script '/home/sourav/ROS2-Self-Driving-Robot/control/bumperbot_ws/install/bumperbot_localization/share/bumperbot_localization/package.bash'
[5.900s] INFO:colcon.colcon_core.shell:Creating package script '/home/sourav/ROS2-Self-Driving-Robot/control/bumperbot_ws/install/bumperbot_localization/share/bumperbot_localization/package.zsh'
[5.901s] Level 1:colcon.colcon_core.environment:create_file_with_runtime_dependencies(/home/sourav/ROS2-Self-Driving-Robot/control/bumperbot_ws/install/bumperbot_localization/share/colcon-core/packages/bumperbot_localization)
[5.901s] Level 1:colcon.colcon_core.environment:create_environment_scripts_only(bumperbot_localization)
[5.902s] Level 1:colcon.colcon_core.environment:checking '/home/sourav/ROS2-Self-Driving-Robot/control/bumperbot_ws/install/bumperbot_localization' for CMake module files
[5.902s] Level 1:colcon.colcon_core.environment:checking '/home/sourav/ROS2-Self-Driving-Robot/control/bumperbot_ws/install/bumperbot_localization' for CMake config files
[5.902s] Level 1:colcon.colcon_core.shell:create_environment_hook('bumperbot_localization', 'cmake_prefix_path')
[5.903s] INFO:colcon.colcon_core.shell:Creating environment hook '/home/sourav/ROS2-Self-Driving-Robot/control/bumperbot_ws/install/bumperbot_localization/share/bumperbot_localization/hook/cmake_prefix_path.ps1'
[5.903s] INFO:colcon.colcon_core.shell:Creating environment descriptor '/home/sourav/ROS2-Self-Driving-Robot/control/bumperbot_ws/install/bumperbot_localization/share/bumperbot_localization/hook/cmake_prefix_path.dsv'
[5.903s] INFO:colcon.colcon_core.shell:Creating environment hook '/home/sourav/ROS2-Self-Driving-Robot/control/bumperbot_ws/install/bumperbot_localization/share/bumperbot_localization/hook/cmake_prefix_path.sh'
[5.904s] Level 1:colcon.colcon_core.environment:checking '/home/sourav/ROS2-Self-Driving-Robot/control/bumperbot_ws/install/bumperbot_localization/lib'
[5.904s] Level 1:colcon.colcon_core.environment:checking '/home/sourav/ROS2-Self-Driving-Robot/control/bumperbot_ws/install/bumperbot_localization/bin'
[5.904s] Level 1:colcon.colcon_core.environment:checking '/home/sourav/ROS2-Self-Driving-Robot/control/bumperbot_ws/install/bumperbot_localization/lib/pkgconfig/bumperbot_localization.pc'
[5.904s] Level 1:colcon.colcon_core.environment:checking '/home/sourav/ROS2-Self-Driving-Robot/control/bumperbot_ws/install/bumperbot_localization/lib/python3.10/site-packages'
[5.905s] Level 1:colcon.colcon_core.environment:checking '/home/sourav/ROS2-Self-Driving-Robot/control/bumperbot_ws/install/bumperbot_localization/bin'
[5.905s] INFO:colcon.colcon_core.shell:Creating package script '/home/sourav/ROS2-Self-Driving-Robot/control/bumperbot_ws/install/bumperbot_localization/share/bumperbot_localization/package.ps1'
[5.905s] INFO:colcon.colcon_core.shell:Creating package descriptor '/home/sourav/ROS2-Self-Driving-Robot/control/bumperbot_ws/install/bumperbot_localization/share/bumperbot_localization/package.dsv'
[5.906s] INFO:colcon.colcon_core.shell:Creating package script '/home/sourav/ROS2-Self-Driving-Robot/control/bumperbot_ws/install/bumperbot_localization/share/bumperbot_localization/package.sh'
[5.906s] INFO:colcon.colcon_core.shell:Creating package script '/home/sourav/ROS2-Self-Driving-Robot/control/bumperbot_ws/install/bumperbot_localization/share/bumperbot_localization/package.bash'
[5.907s] INFO:colcon.colcon_core.shell:Creating package script '/home/sourav/ROS2-Self-Driving-Robot/control/bumperbot_ws/install/bumperbot_localization/share/bumperbot_localization/package.zsh'
[5.907s] Level 1:colcon.colcon_core.environment:create_file_with_runtime_dependencies(/home/sourav/ROS2-Self-Driving-Robot/control/bumperbot_ws/install/bumperbot_localization/share/colcon-core/packages/bumperbot_localization)
[5.907s] DEBUG:colcon.colcon_parallel_executor.executor.parallel:closing loop
[5.908s] DEBUG:colcon.colcon_parallel_executor.executor.parallel:loop closed
[5.908s] DEBUG:colcon.colcon_parallel_executor.executor.parallel:run_until_complete finished with '0'
[5.908s] DEBUG:colcon.colcon_core.event_reactor:joining thread
[5.915s] INFO:colcon.colcon_core.plugin_system:Skipping extension 'colcon_notification.desktop_notification.terminal_notifier': Not used on non-Darwin systems
[5.915s] INFO:colcon.colcon_core.plugin_system:Skipping extension 'colcon_notification.desktop_notification.win32': Not used on non-Windows systems
[5.915s] INFO:colcon.colcon_notification.desktop_notification:Sending desktop notification using 'notify2'
[5.924s] DEBUG:colcon.colcon_core.event_reactor:joined thread
[5.924s] INFO:colcon.colcon_core.shell:Creating prefix script '/home/sourav/ROS2-Self-Driving-Robot/control/bumperbot_ws/install/local_setup.ps1'
[5.925s] INFO:colcon.colcon_core.shell:Creating prefix util module '/home/sourav/ROS2-Self-Driving-Robot/control/bumperbot_ws/install/_local_setup_util_ps1.py'
[5.927s] INFO:colcon.colcon_core.shell:Creating prefix chain script '/home/sourav/ROS2-Self-Driving-Robot/control/bumperbot_ws/install/setup.ps1'
[5.928s] INFO:colcon.colcon_core.shell:Creating prefix script '/home/sourav/ROS2-Self-Driving-Robot/control/bumperbot_ws/install/local_setup.sh'
[5.929s] INFO:colcon.colcon_core.shell:Creating prefix util module '/home/sourav/ROS2-Self-Driving-Robot/control/bumperbot_ws/install/_local_setup_util_sh.py'
[5.929s] INFO:colcon.colcon_core.shell:Creating prefix chain script '/home/sourav/ROS2-Self-Driving-Robot/control/bumperbot_ws/install/setup.sh'
[5.930s] INFO:colcon.colcon_core.shell:Creating prefix script '/home/sourav/ROS2-Self-Driving-Robot/control/bumperbot_ws/install/local_setup.bash'
[5.931s] INFO:colcon.colcon_core.shell:Creating prefix chain script '/home/sourav/ROS2-Self-Driving-Robot/control/bumperbot_ws/install/setup.bash'
[5.932s] INFO:colcon.colcon_core.shell:Creating prefix script '/home/sourav/ROS2-Self-Driving-Robot/control/bumperbot_ws/install/local_setup.zsh'
[5.933s] INFO:colcon.colcon_core.shell:Creating prefix chain script '/home/sourav/ROS2-Self-Driving-Robot/control/bumperbot_ws/install/setup.zsh'
