[0.065s] DEBUG:colcon:Command line arguments: ['/usr/bin/colcon', 'build']
[0.065s] DEBUG:colcon:Parsed command line arguments: Namespace(log_base=None, log_level=None, verb_name='build', build_base='build', install_base='install', merge_install=False, symlink_install=False, test_result_base=None, continue_on_error=False, executor='parallel', parallel_workers=16, event_handlers=None, ignore_user_meta=False, metas=['./colcon.meta'], base_paths=['.'], packages_ignore=None, packages_ignore_regex=None, paths=None, packages_up_to=None, packages_up_to_regex=None, packages_above=None, packages_above_and_dependencies=None, packages_above_depth=None, packages_select_by_dep=None, packages_skip_by_dep=None, packages_skip_up_to=None, packages_select_build_failed=False, packages_skip_build_finished=False, packages_select_test_failures=False, packages_skip_test_passed=False, packages_select=None, packages_skip=None, packages_select_regex=None, packages_skip_regex=None, packages_start=None, packages_end=None, allow_overriding=[], cmake_args=None, cmake_target=None, cmake_target_skip_unavailable=False, cmake_clean_cache=False, cmake_clean_first=False, cmake_force_configure=False, ament_cmake_args=None, catkin_cmake_args=None, catkin_skip_building_tests=False, mixin_files=None, mixin=None, verb_parser=<colcon_mixin.mixin.mixin_argument.MixinArgumentDecorator object at 0x73f89d24bac0>, verb_extension=<colcon_core.verb.build.BuildVerb object at 0x73f89d24b550>, main=<bound method BuildVerb.main of <colcon_core.verb.build.BuildVerb object at 0x73f89d24b550>>, mixin_verb=('build',))
[0.150s] Level 1:colcon.colcon_core.package_discovery:discover_packages(colcon_meta) check parameters
[0.150s] Level 1:colcon.colcon_core.package_discovery:discover_packages(recursive) check parameters
[0.150s] Level 1:colcon.colcon_core.package_discovery:discover_packages(ignore) check parameters
[0.150s] Level 1:colcon.colcon_core.package_discovery:discover_packages(path) check parameters
[0.150s] Level 1:colcon.colcon_core.package_discovery:discover_packages(colcon_meta) discover
[0.150s] Level 1:colcon.colcon_core.package_discovery:discover_packages(recursive) discover
[0.150s] INFO:colcon.colcon_core.package_discovery:Crawling recursively for packages in '/home/sourav/ROS2-Self-Driving-Robot/control/bumperbot_ws'
[0.150s] Level 1:colcon.colcon_core.package_identification:_identify(.) by extensions ['ignore', 'ignore_ament_install']
[0.150s] Level 1:colcon.colcon_core.package_identification:_identify(.) by extension 'ignore'
[0.150s] Level 1:colcon.colcon_core.package_identification:_identify(.) by extension 'ignore_ament_install'
[0.150s] Level 1:colcon.colcon_core.package_identification:_identify(.) by extensions ['colcon_pkg']
[0.150s] Level 1:colcon.colcon_core.package_identification:_identify(.) by extension 'colcon_pkg'
[0.150s] Level 1:colcon.colcon_core.package_identification:_identify(.) by extensions ['colcon_meta']
[0.150s] Level 1:colcon.colcon_core.package_identification:_identify(.) by extension 'colcon_meta'
[0.150s] Level 1:colcon.colcon_core.package_identification:_identify(.) by extensions ['ros']
[0.150s] Level 1:colcon.colcon_core.package_identification:_identify(.) by extension 'ros'
[0.156s] Level 1:colcon.colcon_core.package_identification:_identify(.) by extensions ['cmake', 'python']
[0.157s] Level 1:colcon.colcon_core.package_identification:_identify(.) by extension 'cmake'
[0.157s] Level 1:colcon.colcon_core.package_identification:_identify(.) by extension 'python'
[0.157s] Level 1:colcon.colcon_core.package_identification:_identify(.) by extensions ['python_setup_py']
[0.157s] Level 1:colcon.colcon_core.package_identification:_identify(.) by extension 'python_setup_py'
[0.157s] Level 1:colcon.colcon_core.package_identification:_identify(build) by extensions ['ignore', 'ignore_ament_install']
[0.157s] Level 1:colcon.colcon_core.package_identification:_identify(build) by extension 'ignore'
[0.157s] Level 1:colcon.colcon_core.package_identification:_identify(build) ignored
[0.157s] Level 1:colcon.colcon_core.package_identification:_identify(install) by extensions ['ignore', 'ignore_ament_install']
[0.157s] Level 1:colcon.colcon_core.package_identification:_identify(install) by extension 'ignore'
[0.157s] Level 1:colcon.colcon_core.package_identification:_identify(install) ignored
[0.157s] Level 1:colcon.colcon_core.package_identification:_identify(log) by extensions ['ignore', 'ignore_ament_install']
[0.157s] Level 1:colcon.colcon_core.package_identification:_identify(log) by extension 'ignore'
[0.157s] Level 1:colcon.colcon_core.package_identification:_identify(log) ignored
[0.157s] Level 1:colcon.colcon_core.package_identification:_identify(src) by extensions ['ignore', 'ignore_ament_install']
[0.157s] Level 1:colcon.colcon_core.package_identification:_identify(src) by extension 'ignore'
[0.157s] Level 1:colcon.colcon_core.package_identification:_identify(src) by extension 'ignore_ament_install'
[0.157s] Level 1:colcon.colcon_core.package_identification:_identify(src) by extensions ['colcon_pkg']
[0.157s] Level 1:colcon.colcon_core.package_identification:_identify(src) by extension 'colcon_pkg'
[0.157s] Level 1:colcon.colcon_core.package_identification:_identify(src) by extensions ['colcon_meta']
[0.157s] Level 1:colcon.colcon_core.package_identification:_identify(src) by extension 'colcon_meta'
[0.157s] Level 1:colcon.colcon_core.package_identification:_identify(src) by extensions ['ros']
[0.157s] Level 1:colcon.colcon_core.package_identification:_identify(src) by extension 'ros'
[0.157s] Level 1:colcon.colcon_core.package_identification:_identify(src) by extensions ['cmake', 'python']
[0.157s] Level 1:colcon.colcon_core.package_identification:_identify(src) by extension 'cmake'
[0.157s] Level 1:colcon.colcon_core.package_identification:_identify(src) by extension 'python'
[0.157s] Level 1:colcon.colcon_core.package_identification:_identify(src) by extensions ['python_setup_py']
[0.157s] Level 1:colcon.colcon_core.package_identification:_identify(src) by extension 'python_setup_py'
[0.157s] Level 1:colcon.colcon_core.package_identification:_identify(src/bumperbot_bringup) by extensions ['ignore', 'ignore_ament_install']
[0.157s] Level 1:colcon.colcon_core.package_identification:_identify(src/bumperbot_bringup) by extension 'ignore'
[0.158s] Level 1:colcon.colcon_core.package_identification:_identify(src/bumperbot_bringup) by extension 'ignore_ament_install'
[0.158s] Level 1:colcon.colcon_core.package_identification:_identify(src/bumperbot_bringup) by extensions ['colcon_pkg']
[0.158s] Level 1:colcon.colcon_core.package_identification:_identify(src/bumperbot_bringup) by extension 'colcon_pkg'
[0.158s] Level 1:colcon.colcon_core.package_identification:_identify(src/bumperbot_bringup) by extensions ['colcon_meta']
[0.158s] Level 1:colcon.colcon_core.package_identification:_identify(src/bumperbot_bringup) by extension 'colcon_meta'
[0.158s] Level 1:colcon.colcon_core.package_identification:_identify(src/bumperbot_bringup) by extensions ['ros']
[0.158s] Level 1:colcon.colcon_core.package_identification:_identify(src/bumperbot_bringup) by extension 'ros'
[0.159s] DEBUG:colcon.colcon_core.package_identification:Package 'src/bumperbot_bringup' with type 'ros.ament_cmake' and name 'bumperbot_bringup'
[0.159s] Level 1:colcon.colcon_core.package_identification:_identify(src/bumperbot_controller) by extensions ['ignore', 'ignore_ament_install']
[0.159s] Level 1:colcon.colcon_core.package_identification:_identify(src/bumperbot_controller) by extension 'ignore'
[0.159s] Level 1:colcon.colcon_core.package_identification:_identify(src/bumperbot_controller) by extension 'ignore_ament_install'
[0.159s] Level 1:colcon.colcon_core.package_identification:_identify(src/bumperbot_controller) by extensions ['colcon_pkg']
[0.159s] Level 1:colcon.colcon_core.package_identification:_identify(src/bumperbot_controller) by extension 'colcon_pkg'
[0.159s] Level 1:colcon.colcon_core.package_identification:_identify(src/bumperbot_controller) by extensions ['colcon_meta']
[0.159s] Level 1:colcon.colcon_core.package_identification:_identify(src/bumperbot_controller) by extension 'colcon_meta'
[0.159s] Level 1:colcon.colcon_core.package_identification:_identify(src/bumperbot_controller) by extensions ['ros']
[0.159s] Level 1:colcon.colcon_core.package_identification:_identify(src/bumperbot_controller) by extension 'ros'
[0.160s] DEBUG:colcon.colcon_core.package_identification:Package 'src/bumperbot_controller' with type 'ros.ament_cmake' and name 'bumperbot_controller'
[0.160s] Level 1:colcon.colcon_core.package_identification:_identify(src/bumperbot_cpp_examples) by extensions ['ignore', 'ignore_ament_install']
[0.160s] Level 1:colcon.colcon_core.package_identification:_identify(src/bumperbot_cpp_examples) by extension 'ignore'
[0.160s] Level 1:colcon.colcon_core.package_identification:_identify(src/bumperbot_cpp_examples) by extension 'ignore_ament_install'
[0.160s] Level 1:colcon.colcon_core.package_identification:_identify(src/bumperbot_cpp_examples) by extensions ['colcon_pkg']
[0.160s] Level 1:colcon.colcon_core.package_identification:_identify(src/bumperbot_cpp_examples) by extension 'colcon_pkg'
[0.160s] Level 1:colcon.colcon_core.package_identification:_identify(src/bumperbot_cpp_examples) by extensions ['colcon_meta']
[0.160s] Level 1:colcon.colcon_core.package_identification:_identify(src/bumperbot_cpp_examples) by extension 'colcon_meta'
[0.160s] Level 1:colcon.colcon_core.package_identification:_identify(src/bumperbot_cpp_examples) by extensions ['ros']
[0.160s] Level 1:colcon.colcon_core.package_identification:_identify(src/bumperbot_cpp_examples) by extension 'ros'
[0.161s] DEBUG:colcon.colcon_core.package_identification:Package 'src/bumperbot_cpp_examples' with type 'ros.ament_cmake' and name 'bumperbot_cpp_examples'
[0.161s] Level 1:colcon.colcon_core.package_identification:_identify(src/bumperbot_description) by extensions ['ignore', 'ignore_ament_install']
[0.161s] Level 1:colcon.colcon_core.package_identification:_identify(src/bumperbot_description) by extension 'ignore'
[0.161s] Level 1:colcon.colcon_core.package_identification:_identify(src/bumperbot_description) by extension 'ignore_ament_install'
[0.161s] Level 1:colcon.colcon_core.package_identification:_identify(src/bumperbot_description) by extensions ['colcon_pkg']
[0.161s] Level 1:colcon.colcon_core.package_identification:_identify(src/bumperbot_description) by extension 'colcon_pkg'
[0.161s] Level 1:colcon.colcon_core.package_identification:_identify(src/bumperbot_description) by extensions ['colcon_meta']
[0.161s] Level 1:colcon.colcon_core.package_identification:_identify(src/bumperbot_description) by extension 'colcon_meta'
[0.161s] Level 1:colcon.colcon_core.package_identification:_identify(src/bumperbot_description) by extensions ['ros']
[0.161s] Level 1:colcon.colcon_core.package_identification:_identify(src/bumperbot_description) by extension 'ros'
[0.161s] DEBUG:colcon.colcon_core.package_identification:Package 'src/bumperbot_description' with type 'ros.ament_cmake' and name 'bumperbot_description'
[0.161s] Level 1:colcon.colcon_core.package_identification:_identify(src/bumperbot_firmware) by extensions ['ignore', 'ignore_ament_install']
[0.161s] Level 1:colcon.colcon_core.package_identification:_identify(src/bumperbot_firmware) by extension 'ignore'
[0.161s] Level 1:colcon.colcon_core.package_identification:_identify(src/bumperbot_firmware) by extension 'ignore_ament_install'
[0.162s] Level 1:colcon.colcon_core.package_identification:_identify(src/bumperbot_firmware) by extensions ['colcon_pkg']
[0.162s] Level 1:colcon.colcon_core.package_identification:_identify(src/bumperbot_firmware) by extension 'colcon_pkg'
[0.162s] Level 1:colcon.colcon_core.package_identification:_identify(src/bumperbot_firmware) by extensions ['colcon_meta']
[0.162s] Level 1:colcon.colcon_core.package_identification:_identify(src/bumperbot_firmware) by extension 'colcon_meta'
[0.162s] Level 1:colcon.colcon_core.package_identification:_identify(src/bumperbot_firmware) by extensions ['ros']
[0.162s] Level 1:colcon.colcon_core.package_identification:_identify(src/bumperbot_firmware) by extension 'ros'
[0.162s] DEBUG:colcon.colcon_core.package_identification:Package 'src/bumperbot_firmware' with type 'ros.ament_cmake' and name 'bumperbot_firmware'
[0.162s] Level 1:colcon.colcon_core.package_identification:_identify(src/bumperbot_localization) by extensions ['ignore', 'ignore_ament_install']
[0.162s] Level 1:colcon.colcon_core.package_identification:_identify(src/bumperbot_localization) by extension 'ignore'
[0.162s] Level 1:colcon.colcon_core.package_identification:_identify(src/bumperbot_localization) by extension 'ignore_ament_install'
[0.162s] Level 1:colcon.colcon_core.package_identification:_identify(src/bumperbot_localization) by extensions ['colcon_pkg']
[0.162s] Level 1:colcon.colcon_core.package_identification:_identify(src/bumperbot_localization) by extension 'colcon_pkg'
[0.162s] Level 1:colcon.colcon_core.package_identification:_identify(src/bumperbot_localization) by extensions ['colcon_meta']
[0.162s] Level 1:colcon.colcon_core.package_identification:_identify(src/bumperbot_localization) by extension 'colcon_meta'
[0.162s] Level 1:colcon.colcon_core.package_identification:_identify(src/bumperbot_localization) by extensions ['ros']
[0.162s] Level 1:colcon.colcon_core.package_identification:_identify(src/bumperbot_localization) by extension 'ros'
[0.163s] DEBUG:colcon.colcon_core.package_identification:Package 'src/bumperbot_localization' with type 'ros.ament_cmake' and name 'bumperbot_localization'
[0.163s] Level 1:colcon.colcon_core.package_identification:_identify(src/bumperbot_msgs) by extensions ['ignore', 'ignore_ament_install']
[0.163s] Level 1:colcon.colcon_core.package_identification:_identify(src/bumperbot_msgs) by extension 'ignore'
[0.163s] Level 1:colcon.colcon_core.package_identification:_identify(src/bumperbot_msgs) by extension 'ignore_ament_install'
[0.163s] Level 1:colcon.colcon_core.package_identification:_identify(src/bumperbot_msgs) by extensions ['colcon_pkg']
[0.163s] Level 1:colcon.colcon_core.package_identification:_identify(src/bumperbot_msgs) by extension 'colcon_pkg'
[0.163s] Level 1:colcon.colcon_core.package_identification:_identify(src/bumperbot_msgs) by extensions ['colcon_meta']
[0.163s] Level 1:colcon.colcon_core.package_identification:_identify(src/bumperbot_msgs) by extension 'colcon_meta'
[0.163s] Level 1:colcon.colcon_core.package_identification:_identify(src/bumperbot_msgs) by extensions ['ros']
[0.163s] Level 1:colcon.colcon_core.package_identification:_identify(src/bumperbot_msgs) by extension 'ros'
[0.163s] DEBUG:colcon.colcon_core.package_identification:Package 'src/bumperbot_msgs' with type 'ros.ament_cmake' and name 'bumperbot_msgs'
[0.163s] Level 1:colcon.colcon_core.package_identification:_identify(src/bumperbot_py_examples) by extensions ['ignore', 'ignore_ament_install']
[0.163s] Level 1:colcon.colcon_core.package_identification:_identify(src/bumperbot_py_examples) by extension 'ignore'
[0.163s] Level 1:colcon.colcon_core.package_identification:_identify(src/bumperbot_py_examples) by extension 'ignore_ament_install'
[0.163s] Level 1:colcon.colcon_core.package_identification:_identify(src/bumperbot_py_examples) by extensions ['colcon_pkg']
[0.163s] Level 1:colcon.colcon_core.package_identification:_identify(src/bumperbot_py_examples) by extension 'colcon_pkg'
[0.164s] Level 1:colcon.colcon_core.package_identification:_identify(src/bumperbot_py_examples) by extensions ['colcon_meta']
[0.164s] Level 1:colcon.colcon_core.package_identification:_identify(src/bumperbot_py_examples) by extension 'colcon_meta'
[0.164s] Level 1:colcon.colcon_core.package_identification:_identify(src/bumperbot_py_examples) by extensions ['ros']
[0.164s] Level 1:colcon.colcon_core.package_identification:_identify(src/bumperbot_py_examples) by extension 'ros'
[0.164s] DEBUG:colcon.colcon_core.package_identification:Package 'src/bumperbot_py_examples' with type 'ros.ament_python' and name 'bumperbot_py_examples'
[0.164s] Level 1:colcon.colcon_core.package_identification:_identify(src/bumperbot_utils) by extensions ['ignore', 'ignore_ament_install']
[0.164s] Level 1:colcon.colcon_core.package_identification:_identify(src/bumperbot_utils) by extension 'ignore'
[0.164s] Level 1:colcon.colcon_core.package_identification:_identify(src/bumperbot_utils) by extension 'ignore_ament_install'
[0.164s] Level 1:colcon.colcon_core.package_identification:_identify(src/bumperbot_utils) by extensions ['colcon_pkg']
[0.164s] Level 1:colcon.colcon_core.package_identification:_identify(src/bumperbot_utils) by extension 'colcon_pkg'
[0.164s] Level 1:colcon.colcon_core.package_identification:_identify(src/bumperbot_utils) by extensions ['colcon_meta']
[0.164s] Level 1:colcon.colcon_core.package_identification:_identify(src/bumperbot_utils) by extension 'colcon_meta'
[0.164s] Level 1:colcon.colcon_core.package_identification:_identify(src/bumperbot_utils) by extensions ['ros']
[0.164s] Level 1:colcon.colcon_core.package_identification:_identify(src/bumperbot_utils) by extension 'ros'
[0.165s] DEBUG:colcon.colcon_core.package_identification:Package 'src/bumperbot_utils' with type 'ros.ament_cmake' and name 'bumperbot_utils'
[0.165s] Level 1:colcon.colcon_core.package_identification:_identify(src/imu_tools) by extensions ['ignore', 'ignore_ament_install']
[0.165s] Level 1:colcon.colcon_core.package_identification:_identify(src/imu_tools) by extension 'ignore'
[0.165s] Level 1:colcon.colcon_core.package_identification:_identify(src/imu_tools) by extension 'ignore_ament_install'
[0.165s] Level 1:colcon.colcon_core.package_identification:_identify(src/imu_tools) by extensions ['colcon_pkg']
[0.165s] Level 1:colcon.colcon_core.package_identification:_identify(src/imu_tools) by extension 'colcon_pkg'
[0.165s] Level 1:colcon.colcon_core.package_identification:_identify(src/imu_tools) by extensions ['colcon_meta']
[0.165s] Level 1:colcon.colcon_core.package_identification:_identify(src/imu_tools) by extension 'colcon_meta'
[0.165s] Level 1:colcon.colcon_core.package_identification:_identify(src/imu_tools) by extensions ['ros']
[0.165s] Level 1:colcon.colcon_core.package_identification:_identify(src/imu_tools) by extension 'ros'
[0.165s] Level 1:colcon.colcon_core.package_identification:_identify(src/imu_tools) by extensions ['cmake', 'python']
[0.165s] Level 1:colcon.colcon_core.package_identification:_identify(src/imu_tools) by extension 'cmake'
[0.165s] Level 1:colcon.colcon_core.package_identification:_identify(src/imu_tools) by extension 'python'
[0.165s] Level 1:colcon.colcon_core.package_identification:_identify(src/imu_tools) by extensions ['python_setup_py']
[0.165s] Level 1:colcon.colcon_core.package_identification:_identify(src/imu_tools) by extension 'python_setup_py'
[0.165s] Level 1:colcon.colcon_core.package_identification:_identify(src/imu_tools/imu_complementary_filter) by extensions ['ignore', 'ignore_ament_install']
[0.165s] Level 1:colcon.colcon_core.package_identification:_identify(src/imu_tools/imu_complementary_filter) by extension 'ignore'
[0.165s] Level 1:colcon.colcon_core.package_identification:_identify(src/imu_tools/imu_complementary_filter) by extension 'ignore_ament_install'
[0.165s] Level 1:colcon.colcon_core.package_identification:_identify(src/imu_tools/imu_complementary_filter) by extensions ['colcon_pkg']
[0.165s] Level 1:colcon.colcon_core.package_identification:_identify(src/imu_tools/imu_complementary_filter) by extension 'colcon_pkg'
[0.165s] Level 1:colcon.colcon_core.package_identification:_identify(src/imu_tools/imu_complementary_filter) by extensions ['colcon_meta']
[0.165s] Level 1:colcon.colcon_core.package_identification:_identify(src/imu_tools/imu_complementary_filter) by extension 'colcon_meta'
[0.165s] Level 1:colcon.colcon_core.package_identification:_identify(src/imu_tools/imu_complementary_filter) by extensions ['ros']
[0.165s] Level 1:colcon.colcon_core.package_identification:_identify(src/imu_tools/imu_complementary_filter) by extension 'ros'
[0.165s] DEBUG:colcon.colcon_core.package_identification:Package 'src/imu_tools/imu_complementary_filter' with type 'ros.ament_cmake' and name 'imu_complementary_filter'
[0.166s] Level 1:colcon.colcon_core.package_identification:_identify(src/imu_tools/imu_filter_madgwick) by extensions ['ignore', 'ignore_ament_install']
[0.166s] Level 1:colcon.colcon_core.package_identification:_identify(src/imu_tools/imu_filter_madgwick) by extension 'ignore'
[0.166s] Level 1:colcon.colcon_core.package_identification:_identify(src/imu_tools/imu_filter_madgwick) by extension 'ignore_ament_install'
[0.166s] Level 1:colcon.colcon_core.package_identification:_identify(src/imu_tools/imu_filter_madgwick) by extensions ['colcon_pkg']
[0.166s] Level 1:colcon.colcon_core.package_identification:_identify(src/imu_tools/imu_filter_madgwick) by extension 'colcon_pkg'
[0.166s] Level 1:colcon.colcon_core.package_identification:_identify(src/imu_tools/imu_filter_madgwick) by extensions ['colcon_meta']
[0.166s] Level 1:colcon.colcon_core.package_identification:_identify(src/imu_tools/imu_filter_madgwick) by extension 'colcon_meta'
[0.166s] Level 1:colcon.colcon_core.package_identification:_identify(src/imu_tools/imu_filter_madgwick) by extensions ['ros']
[0.166s] Level 1:colcon.colcon_core.package_identification:_identify(src/imu_tools/imu_filter_madgwick) by extension 'ros'
[0.166s] DEBUG:colcon.colcon_core.package_identification:Package 'src/imu_tools/imu_filter_madgwick' with type 'ros.ament_cmake' and name 'imu_filter_madgwick'
[0.166s] Level 1:colcon.colcon_core.package_identification:_identify(src/imu_tools/imu_tools) by extensions ['ignore', 'ignore_ament_install']
[0.166s] Level 1:colcon.colcon_core.package_identification:_identify(src/imu_tools/imu_tools) by extension 'ignore'
[0.166s] Level 1:colcon.colcon_core.package_identification:_identify(src/imu_tools/imu_tools) by extension 'ignore_ament_install'
[0.167s] Level 1:colcon.colcon_core.package_identification:_identify(src/imu_tools/imu_tools) by extensions ['colcon_pkg']
[0.167s] Level 1:colcon.colcon_core.package_identification:_identify(src/imu_tools/imu_tools) by extension 'colcon_pkg'
[0.167s] Level 1:colcon.colcon_core.package_identification:_identify(src/imu_tools/imu_tools) by extensions ['colcon_meta']
[0.167s] Level 1:colcon.colcon_core.package_identification:_identify(src/imu_tools/imu_tools) by extension 'colcon_meta'
[0.167s] Level 1:colcon.colcon_core.package_identification:_identify(src/imu_tools/imu_tools) by extensions ['ros']
[0.167s] Level 1:colcon.colcon_core.package_identification:_identify(src/imu_tools/imu_tools) by extension 'ros'
[0.167s] DEBUG:colcon.colcon_core.package_identification:Package 'src/imu_tools/imu_tools' with type 'ros.ament_cmake' and name 'imu_tools'
[0.167s] Level 1:colcon.colcon_core.package_identification:_identify(src/imu_tools/rviz_imu_plugin) by extensions ['ignore', 'ignore_ament_install']
[0.167s] Level 1:colcon.colcon_core.package_identification:_identify(src/imu_tools/rviz_imu_plugin) by extension 'ignore'
[0.167s] Level 1:colcon.colcon_core.package_identification:_identify(src/imu_tools/rviz_imu_plugin) by extension 'ignore_ament_install'
[0.167s] Level 1:colcon.colcon_core.package_identification:_identify(src/imu_tools/rviz_imu_plugin) by extensions ['colcon_pkg']
[0.167s] Level 1:colcon.colcon_core.package_identification:_identify(src/imu_tools/rviz_imu_plugin) by extension 'colcon_pkg'
[0.167s] Level 1:colcon.colcon_core.package_identification:_identify(src/imu_tools/rviz_imu_plugin) by extensions ['colcon_meta']
[0.167s] Level 1:colcon.colcon_core.package_identification:_identify(src/imu_tools/rviz_imu_plugin) by extension 'colcon_meta'
[0.167s] Level 1:colcon.colcon_core.package_identification:_identify(src/imu_tools/rviz_imu_plugin) by extensions ['ros']
[0.167s] Level 1:colcon.colcon_core.package_identification:_identify(src/imu_tools/rviz_imu_plugin) by extension 'ros'
[0.168s] DEBUG:colcon.colcon_core.package_identification:Package 'src/imu_tools/rviz_imu_plugin' with type 'ros.ament_cmake' and name 'rviz_imu_plugin'
[0.168s] Level 1:colcon.colcon_core.package_discovery:discover_packages(recursive) using defaults
[0.168s] Level 1:colcon.colcon_core.package_discovery:discover_packages(ignore) discover
[0.168s] Level 1:colcon.colcon_core.package_discovery:discover_packages(ignore) using defaults
[0.168s] Level 1:colcon.colcon_core.package_discovery:discover_packages(path) discover
[0.168s] Level 1:colcon.colcon_core.package_discovery:discover_packages(path) using defaults
[0.187s] Level 1:colcon.colcon_core.package_discovery:discover_packages(prefix_path) check parameters
[0.187s] Level 1:colcon.colcon_core.package_discovery:discover_packages(prefix_path) discover
[0.190s] DEBUG:colcon.colcon_installed_package_information.package_discovery:Found 363 installed packages in /opt/ros/humble
[0.191s] Level 1:colcon.colcon_core.package_discovery:discover_packages(prefix_path) using defaults
[0.214s] Level 5:colcon.colcon_core.verb:set package 'bumperbot_bringup' build argument 'cmake_args' from command line to 'None'
[0.214s] Level 5:colcon.colcon_core.verb:set package 'bumperbot_bringup' build argument 'cmake_target' from command line to 'None'
[0.214s] Level 5:colcon.colcon_core.verb:set package 'bumperbot_bringup' build argument 'cmake_target_skip_unavailable' from command line to 'False'
[0.214s] Level 5:colcon.colcon_core.verb:set package 'bumperbot_bringup' build argument 'cmake_clean_cache' from command line to 'False'
[0.214s] Level 5:colcon.colcon_core.verb:set package 'bumperbot_bringup' build argument 'cmake_clean_first' from command line to 'False'
[0.214s] Level 5:colcon.colcon_core.verb:set package 'bumperbot_bringup' build argument 'cmake_force_configure' from command line to 'False'
[0.214s] Level 5:colcon.colcon_core.verb:set package 'bumperbot_bringup' build argument 'ament_cmake_args' from command line to 'None'
[0.214s] Level 5:colcon.colcon_core.verb:set package 'bumperbot_bringup' build argument 'catkin_cmake_args' from command line to 'None'
[0.214s] Level 5:colcon.colcon_core.verb:set package 'bumperbot_bringup' build argument 'catkin_skip_building_tests' from command line to 'False'
[0.214s] DEBUG:colcon.colcon_core.verb:Building package 'bumperbot_bringup' with the following arguments: {'ament_cmake_args': None, 'build_base': '/home/sourav/ROS2-Self-Driving-Robot/control/bumperbot_ws/build/bumperbot_bringup', 'catkin_cmake_args': None, 'catkin_skip_building_tests': False, 'cmake_args': None, 'cmake_clean_cache': False, 'cmake_clean_first': False, 'cmake_force_configure': False, 'cmake_target': None, 'cmake_target_skip_unavailable': False, 'install_base': '/home/sourav/ROS2-Self-Driving-Robot/control/bumperbot_ws/install/bumperbot_bringup', 'merge_install': False, 'path': '/home/sourav/ROS2-Self-Driving-Robot/control/bumperbot_ws/src/bumperbot_bringup', 'symlink_install': False, 'test_result_base': None}
[0.214s] Level 5:colcon.colcon_core.verb:set package 'bumperbot_controller' build argument 'cmake_args' from command line to 'None'
[0.214s] Level 5:colcon.colcon_core.verb:set package 'bumperbot_controller' build argument 'cmake_target' from command line to 'None'
[0.214s] Level 5:colcon.colcon_core.verb:set package 'bumperbot_controller' build argument 'cmake_target_skip_unavailable' from command line to 'False'
[0.214s] Level 5:colcon.colcon_core.verb:set package 'bumperbot_controller' build argument 'cmake_clean_cache' from command line to 'False'
[0.214s] Level 5:colcon.colcon_core.verb:set package 'bumperbot_controller' build argument 'cmake_clean_first' from command line to 'False'
[0.214s] Level 5:colcon.colcon_core.verb:set package 'bumperbot_controller' build argument 'cmake_force_configure' from command line to 'False'
[0.214s] Level 5:colcon.colcon_core.verb:set package 'bumperbot_controller' build argument 'ament_cmake_args' from command line to 'None'
[0.214s] Level 5:colcon.colcon_core.verb:set package 'bumperbot_controller' build argument 'catkin_cmake_args' from command line to 'None'
[0.214s] Level 5:colcon.colcon_core.verb:set package 'bumperbot_controller' build argument 'catkin_skip_building_tests' from command line to 'False'
[0.214s] DEBUG:colcon.colcon_core.verb:Building package 'bumperbot_controller' with the following arguments: {'ament_cmake_args': None, 'build_base': '/home/sourav/ROS2-Self-Driving-Robot/control/bumperbot_ws/build/bumperbot_controller', 'catkin_cmake_args': None, 'catkin_skip_building_tests': False, 'cmake_args': None, 'cmake_clean_cache': False, 'cmake_clean_first': False, 'cmake_force_configure': False, 'cmake_target': None, 'cmake_target_skip_unavailable': False, 'install_base': '/home/sourav/ROS2-Self-Driving-Robot/control/bumperbot_ws/install/bumperbot_controller', 'merge_install': False, 'path': '/home/sourav/ROS2-Self-Driving-Robot/control/bumperbot_ws/src/bumperbot_controller', 'symlink_install': False, 'test_result_base': None}
[0.215s] Level 5:colcon.colcon_core.verb:set package 'bumperbot_description' build argument 'cmake_args' from command line to 'None'
[0.215s] Level 5:colcon.colcon_core.verb:set package 'bumperbot_description' build argument 'cmake_target' from command line to 'None'
[0.215s] Level 5:colcon.colcon_core.verb:set package 'bumperbot_description' build argument 'cmake_target_skip_unavailable' from command line to 'False'
[0.215s] Level 5:colcon.colcon_core.verb:set package 'bumperbot_description' build argument 'cmake_clean_cache' from command line to 'False'
[0.215s] Level 5:colcon.colcon_core.verb:set package 'bumperbot_description' build argument 'cmake_clean_first' from command line to 'False'
[0.215s] Level 5:colcon.colcon_core.verb:set package 'bumperbot_description' build argument 'cmake_force_configure' from command line to 'False'
[0.215s] Level 5:colcon.colcon_core.verb:set package 'bumperbot_description' build argument 'ament_cmake_args' from command line to 'None'
[0.215s] Level 5:colcon.colcon_core.verb:set package 'bumperbot_description' build argument 'catkin_cmake_args' from command line to 'None'
[0.215s] Level 5:colcon.colcon_core.verb:set package 'bumperbot_description' build argument 'catkin_skip_building_tests' from command line to 'False'
[0.215s] DEBUG:colcon.colcon_core.verb:Building package 'bumperbot_description' with the following arguments: {'ament_cmake_args': None, 'build_base': '/home/sourav/ROS2-Self-Driving-Robot/control/bumperbot_ws/build/bumperbot_description', 'catkin_cmake_args': None, 'catkin_skip_building_tests': False, 'cmake_args': None, 'cmake_clean_cache': False, 'cmake_clean_first': False, 'cmake_force_configure': False, 'cmake_target': None, 'cmake_target_skip_unavailable': False, 'install_base': '/home/sourav/ROS2-Self-Driving-Robot/control/bumperbot_ws/install/bumperbot_description', 'merge_install': False, 'path': '/home/sourav/ROS2-Self-Driving-Robot/control/bumperbot_ws/src/bumperbot_description', 'symlink_install': False, 'test_result_base': None}
[0.215s] Level 5:colcon.colcon_core.verb:set package 'bumperbot_firmware' build argument 'cmake_args' from command line to 'None'
[0.215s] Level 5:colcon.colcon_core.verb:set package 'bumperbot_firmware' build argument 'cmake_target' from command line to 'None'
[0.215s] Level 5:colcon.colcon_core.verb:set package 'bumperbot_firmware' build argument 'cmake_target_skip_unavailable' from command line to 'False'
[0.215s] Level 5:colcon.colcon_core.verb:set package 'bumperbot_firmware' build argument 'cmake_clean_cache' from command line to 'False'
[0.215s] Level 5:colcon.colcon_core.verb:set package 'bumperbot_firmware' build argument 'cmake_clean_first' from command line to 'False'
[0.215s] Level 5:colcon.colcon_core.verb:set package 'bumperbot_firmware' build argument 'cmake_force_configure' from command line to 'False'
[0.215s] Level 5:colcon.colcon_core.verb:set package 'bumperbot_firmware' build argument 'ament_cmake_args' from command line to 'None'
[0.215s] Level 5:colcon.colcon_core.verb:set package 'bumperbot_firmware' build argument 'catkin_cmake_args' from command line to 'None'
[0.215s] Level 5:colcon.colcon_core.verb:set package 'bumperbot_firmware' build argument 'catkin_skip_building_tests' from command line to 'False'
[0.215s] DEBUG:colcon.colcon_core.verb:Building package 'bumperbot_firmware' with the following arguments: {'ament_cmake_args': None, 'build_base': '/home/sourav/ROS2-Self-Driving-Robot/control/bumperbot_ws/build/bumperbot_firmware', 'catkin_cmake_args': None, 'catkin_skip_building_tests': False, 'cmake_args': None, 'cmake_clean_cache': False, 'cmake_clean_first': False, 'cmake_force_configure': False, 'cmake_target': None, 'cmake_target_skip_unavailable': False, 'install_base': '/home/sourav/ROS2-Self-Driving-Robot/control/bumperbot_ws/install/bumperbot_firmware', 'merge_install': False, 'path': '/home/sourav/ROS2-Self-Driving-Robot/control/bumperbot_ws/src/bumperbot_firmware', 'symlink_install': False, 'test_result_base': None}
[0.215s] Level 5:colcon.colcon_core.verb:set package 'bumperbot_localization' build argument 'cmake_args' from command line to 'None'
[0.215s] Level 5:colcon.colcon_core.verb:set package 'bumperbot_localization' build argument 'cmake_target' from command line to 'None'
[0.215s] Level 5:colcon.colcon_core.verb:set package 'bumperbot_localization' build argument 'cmake_target_skip_unavailable' from command line to 'False'
[0.215s] Level 5:colcon.colcon_core.verb:set package 'bumperbot_localization' build argument 'cmake_clean_cache' from command line to 'False'
[0.215s] Level 5:colcon.colcon_core.verb:set package 'bumperbot_localization' build argument 'cmake_clean_first' from command line to 'False'
[0.215s] Level 5:colcon.colcon_core.verb:set package 'bumperbot_localization' build argument 'cmake_force_configure' from command line to 'False'
[0.215s] Level 5:colcon.colcon_core.verb:set package 'bumperbot_localization' build argument 'ament_cmake_args' from command line to 'None'
[0.215s] Level 5:colcon.colcon_core.verb:set package 'bumperbot_localization' build argument 'catkin_cmake_args' from command line to 'None'
[0.215s] Level 5:colcon.colcon_core.verb:set package 'bumperbot_localization' build argument 'catkin_skip_building_tests' from command line to 'False'
[0.215s] DEBUG:colcon.colcon_core.verb:Building package 'bumperbot_localization' with the following arguments: {'ament_cmake_args': None, 'build_base': '/home/sourav/ROS2-Self-Driving-Robot/control/bumperbot_ws/build/bumperbot_localization', 'catkin_cmake_args': None, 'catkin_skip_building_tests': False, 'cmake_args': None, 'cmake_clean_cache': False, 'cmake_clean_first': False, 'cmake_force_configure': False, 'cmake_target': None, 'cmake_target_skip_unavailable': False, 'install_base': '/home/sourav/ROS2-Self-Driving-Robot/control/bumperbot_ws/install/bumperbot_localization', 'merge_install': False, 'path': '/home/sourav/ROS2-Self-Driving-Robot/control/bumperbot_ws/src/bumperbot_localization', 'symlink_install': False, 'test_result_base': None}
[0.215s] Level 5:colcon.colcon_core.verb:set package 'bumperbot_msgs' build argument 'cmake_args' from command line to 'None'
[0.215s] Level 5:colcon.colcon_core.verb:set package 'bumperbot_msgs' build argument 'cmake_target' from command line to 'None'
[0.215s] Level 5:colcon.colcon_core.verb:set package 'bumperbot_msgs' build argument 'cmake_target_skip_unavailable' from command line to 'False'
[0.215s] Level 5:colcon.colcon_core.verb:set package 'bumperbot_msgs' build argument 'cmake_clean_cache' from command line to 'False'
[0.215s] Level 5:colcon.colcon_core.verb:set package 'bumperbot_msgs' build argument 'cmake_clean_first' from command line to 'False'
[0.216s] Level 5:colcon.colcon_core.verb:set package 'bumperbot_msgs' build argument 'cmake_force_configure' from command line to 'False'
[0.216s] Level 5:colcon.colcon_core.verb:set package 'bumperbot_msgs' build argument 'ament_cmake_args' from command line to 'None'
[0.216s] Level 5:colcon.colcon_core.verb:set package 'bumperbot_msgs' build argument 'catkin_cmake_args' from command line to 'None'
[0.216s] Level 5:colcon.colcon_core.verb:set package 'bumperbot_msgs' build argument 'catkin_skip_building_tests' from command line to 'False'
[0.216s] DEBUG:colcon.colcon_core.verb:Building package 'bumperbot_msgs' with the following arguments: {'ament_cmake_args': None, 'build_base': '/home/sourav/ROS2-Self-Driving-Robot/control/bumperbot_ws/build/bumperbot_msgs', 'catkin_cmake_args': None, 'catkin_skip_building_tests': False, 'cmake_args': None, 'cmake_clean_cache': False, 'cmake_clean_first': False, 'cmake_force_configure': False, 'cmake_target': None, 'cmake_target_skip_unavailable': False, 'install_base': '/home/sourav/ROS2-Self-Driving-Robot/control/bumperbot_ws/install/bumperbot_msgs', 'merge_install': False, 'path': '/home/sourav/ROS2-Self-Driving-Robot/control/bumperbot_ws/src/bumperbot_msgs', 'symlink_install': False, 'test_result_base': None}
[0.216s] Level 5:colcon.colcon_core.verb:set package 'bumperbot_utils' build argument 'cmake_args' from command line to 'None'
[0.216s] Level 5:colcon.colcon_core.verb:set package 'bumperbot_utils' build argument 'cmake_target' from command line to 'None'
[0.216s] Level 5:colcon.colcon_core.verb:set package 'bumperbot_utils' build argument 'cmake_target_skip_unavailable' from command line to 'False'
[0.216s] Level 5:colcon.colcon_core.verb:set package 'bumperbot_utils' build argument 'cmake_clean_cache' from command line to 'False'
[0.216s] Level 5:colcon.colcon_core.verb:set package 'bumperbot_utils' build argument 'cmake_clean_first' from command line to 'False'
[0.216s] Level 5:colcon.colcon_core.verb:set package 'bumperbot_utils' build argument 'cmake_force_configure' from command line to 'False'
[0.216s] Level 5:colcon.colcon_core.verb:set package 'bumperbot_utils' build argument 'ament_cmake_args' from command line to 'None'
[0.216s] Level 5:colcon.colcon_core.verb:set package 'bumperbot_utils' build argument 'catkin_cmake_args' from command line to 'None'
[0.216s] Level 5:colcon.colcon_core.verb:set package 'bumperbot_utils' build argument 'catkin_skip_building_tests' from command line to 'False'
[0.216s] DEBUG:colcon.colcon_core.verb:Building package 'bumperbot_utils' with the following arguments: {'ament_cmake_args': None, 'build_base': '/home/sourav/ROS2-Self-Driving-Robot/control/bumperbot_ws/build/bumperbot_utils', 'catkin_cmake_args': None, 'catkin_skip_building_tests': False, 'cmake_args': None, 'cmake_clean_cache': False, 'cmake_clean_first': False, 'cmake_force_configure': False, 'cmake_target': None, 'cmake_target_skip_unavailable': False, 'install_base': '/home/sourav/ROS2-Self-Driving-Robot/control/bumperbot_ws/install/bumperbot_utils', 'merge_install': False, 'path': '/home/sourav/ROS2-Self-Driving-Robot/control/bumperbot_ws/src/bumperbot_utils', 'symlink_install': False, 'test_result_base': None}
[0.216s] Level 5:colcon.colcon_core.verb:set package 'imu_complementary_filter' build argument 'cmake_args' from command line to 'None'
[0.216s] Level 5:colcon.colcon_core.verb:set package 'imu_complementary_filter' build argument 'cmake_target' from command line to 'None'
[0.216s] Level 5:colcon.colcon_core.verb:set package 'imu_complementary_filter' build argument 'cmake_target_skip_unavailable' from command line to 'False'
[0.216s] Level 5:colcon.colcon_core.verb:set package 'imu_complementary_filter' build argument 'cmake_clean_cache' from command line to 'False'
[0.216s] Level 5:colcon.colcon_core.verb:set package 'imu_complementary_filter' build argument 'cmake_clean_first' from command line to 'False'
[0.216s] Level 5:colcon.colcon_core.verb:set package 'imu_complementary_filter' build argument 'cmake_force_configure' from command line to 'False'
[0.216s] Level 5:colcon.colcon_core.verb:set package 'imu_complementary_filter' build argument 'ament_cmake_args' from command line to 'None'
[0.216s] Level 5:colcon.colcon_core.verb:set package 'imu_complementary_filter' build argument 'catkin_cmake_args' from command line to 'None'
[0.216s] Level 5:colcon.colcon_core.verb:set package 'imu_complementary_filter' build argument 'catkin_skip_building_tests' from command line to 'False'
[0.216s] DEBUG:colcon.colcon_core.verb:Building package 'imu_complementary_filter' with the following arguments: {'ament_cmake_args': None, 'build_base': '/home/sourav/ROS2-Self-Driving-Robot/control/bumperbot_ws/build/imu_complementary_filter', 'catkin_cmake_args': None, 'catkin_skip_building_tests': False, 'cmake_args': None, 'cmake_clean_cache': False, 'cmake_clean_first': False, 'cmake_force_configure': False, 'cmake_target': None, 'cmake_target_skip_unavailable': False, 'install_base': '/home/sourav/ROS2-Self-Driving-Robot/control/bumperbot_ws/install/imu_complementary_filter', 'merge_install': False, 'path': '/home/sourav/ROS2-Self-Driving-Robot/control/bumperbot_ws/src/imu_tools/imu_complementary_filter', 'symlink_install': False, 'test_result_base': None}
[0.216s] Level 5:colcon.colcon_core.verb:set package 'imu_filter_madgwick' build argument 'cmake_args' from command line to 'None'
[0.216s] Level 5:colcon.colcon_core.verb:set package 'imu_filter_madgwick' build argument 'cmake_target' from command line to 'None'
[0.216s] Level 5:colcon.colcon_core.verb:set package 'imu_filter_madgwick' build argument 'cmake_target_skip_unavailable' from command line to 'False'
[0.216s] Level 5:colcon.colcon_core.verb:set package 'imu_filter_madgwick' build argument 'cmake_clean_cache' from command line to 'False'
[0.216s] Level 5:colcon.colcon_core.verb:set package 'imu_filter_madgwick' build argument 'cmake_clean_first' from command line to 'False'
[0.216s] Level 5:colcon.colcon_core.verb:set package 'imu_filter_madgwick' build argument 'cmake_force_configure' from command line to 'False'
[0.216s] Level 5:colcon.colcon_core.verb:set package 'imu_filter_madgwick' build argument 'ament_cmake_args' from command line to 'None'
[0.216s] Level 5:colcon.colcon_core.verb:set package 'imu_filter_madgwick' build argument 'catkin_cmake_args' from command line to 'None'
[0.216s] Level 5:colcon.colcon_core.verb:set package 'imu_filter_madgwick' build argument 'catkin_skip_building_tests' from command line to 'False'
[0.216s] DEBUG:colcon.colcon_core.verb:Building package 'imu_filter_madgwick' with the following arguments: {'ament_cmake_args': None, 'build_base': '/home/sourav/ROS2-Self-Driving-Robot/control/bumperbot_ws/build/imu_filter_madgwick', 'catkin_cmake_args': None, 'catkin_skip_building_tests': False, 'cmake_args': None, 'cmake_clean_cache': False, 'cmake_clean_first': False, 'cmake_force_configure': False, 'cmake_target': None, 'cmake_target_skip_unavailable': False, 'install_base': '/home/sourav/ROS2-Self-Driving-Robot/control/bumperbot_ws/install/imu_filter_madgwick', 'merge_install': False, 'path': '/home/sourav/ROS2-Self-Driving-Robot/control/bumperbot_ws/src/imu_tools/imu_filter_madgwick', 'symlink_install': False, 'test_result_base': None}
[0.216s] Level 5:colcon.colcon_core.verb:set package 'rviz_imu_plugin' build argument 'cmake_args' from command line to 'None'
[0.217s] Level 5:colcon.colcon_core.verb:set package 'rviz_imu_plugin' build argument 'cmake_target' from command line to 'None'
[0.217s] Level 5:colcon.colcon_core.verb:set package 'rviz_imu_plugin' build argument 'cmake_target_skip_unavailable' from command line to 'False'
[0.217s] Level 5:colcon.colcon_core.verb:set package 'rviz_imu_plugin' build argument 'cmake_clean_cache' from command line to 'False'
[0.217s] Level 5:colcon.colcon_core.verb:set package 'rviz_imu_plugin' build argument 'cmake_clean_first' from command line to 'False'
[0.217s] Level 5:colcon.colcon_core.verb:set package 'rviz_imu_plugin' build argument 'cmake_force_configure' from command line to 'False'
[0.217s] Level 5:colcon.colcon_core.verb:set package 'rviz_imu_plugin' build argument 'ament_cmake_args' from command line to 'None'
[0.217s] Level 5:colcon.colcon_core.verb:set package 'rviz_imu_plugin' build argument 'catkin_cmake_args' from command line to 'None'
[0.217s] Level 5:colcon.colcon_core.verb:set package 'rviz_imu_plugin' build argument 'catkin_skip_building_tests' from command line to 'False'
[0.217s] DEBUG:colcon.colcon_core.verb:Building package 'rviz_imu_plugin' with the following arguments: {'ament_cmake_args': None, 'build_base': '/home/sourav/ROS2-Self-Driving-Robot/control/bumperbot_ws/build/rviz_imu_plugin', 'catkin_cmake_args': None, 'catkin_skip_building_tests': False, 'cmake_args': None, 'cmake_clean_cache': False, 'cmake_clean_first': False, 'cmake_force_configure': False, 'cmake_target': None, 'cmake_target_skip_unavailable': False, 'install_base': '/home/sourav/ROS2-Self-Driving-Robot/control/bumperbot_ws/install/rviz_imu_plugin', 'merge_install': False, 'path': '/home/sourav/ROS2-Self-Driving-Robot/control/bumperbot_ws/src/imu_tools/rviz_imu_plugin', 'symlink_install': False, 'test_result_base': None}
[0.217s] Level 5:colcon.colcon_core.verb:set package 'bumperbot_cpp_examples' build argument 'cmake_args' from command line to 'None'
[0.217s] Level 5:colcon.colcon_core.verb:set package 'bumperbot_cpp_examples' build argument 'cmake_target' from command line to 'None'
[0.217s] Level 5:colcon.colcon_core.verb:set package 'bumperbot_cpp_examples' build argument 'cmake_target_skip_unavailable' from command line to 'False'
[0.217s] Level 5:colcon.colcon_core.verb:set package 'bumperbot_cpp_examples' build argument 'cmake_clean_cache' from command line to 'False'
[0.217s] Level 5:colcon.colcon_core.verb:set package 'bumperbot_cpp_examples' build argument 'cmake_clean_first' from command line to 'False'
[0.217s] Level 5:colcon.colcon_core.verb:set package 'bumperbot_cpp_examples' build argument 'cmake_force_configure' from command line to 'False'
[0.217s] Level 5:colcon.colcon_core.verb:set package 'bumperbot_cpp_examples' build argument 'ament_cmake_args' from command line to 'None'
[0.217s] Level 5:colcon.colcon_core.verb:set package 'bumperbot_cpp_examples' build argument 'catkin_cmake_args' from command line to 'None'
[0.217s] Level 5:colcon.colcon_core.verb:set package 'bumperbot_cpp_examples' build argument 'catkin_skip_building_tests' from command line to 'False'
[0.217s] DEBUG:colcon.colcon_core.verb:Building package 'bumperbot_cpp_examples' with the following arguments: {'ament_cmake_args': None, 'build_base': '/home/sourav/ROS2-Self-Driving-Robot/control/bumperbot_ws/build/bumperbot_cpp_examples', 'catkin_cmake_args': None, 'catkin_skip_building_tests': False, 'cmake_args': None, 'cmake_clean_cache': False, 'cmake_clean_first': False, 'cmake_force_configure': False, 'cmake_target': None, 'cmake_target_skip_unavailable': False, 'install_base': '/home/sourav/ROS2-Self-Driving-Robot/control/bumperbot_ws/install/bumperbot_cpp_examples', 'merge_install': False, 'path': '/home/sourav/ROS2-Self-Driving-Robot/control/bumperbot_ws/src/bumperbot_cpp_examples', 'symlink_install': False, 'test_result_base': None}
[0.217s] Level 5:colcon.colcon_core.verb:set package 'bumperbot_py_examples' build argument 'cmake_args' from command line to 'None'
[0.217s] Level 5:colcon.colcon_core.verb:set package 'bumperbot_py_examples' build argument 'cmake_target' from command line to 'None'
[0.217s] Level 5:colcon.colcon_core.verb:set package 'bumperbot_py_examples' build argument 'cmake_target_skip_unavailable' from command line to 'False'
[0.217s] Level 5:colcon.colcon_core.verb:set package 'bumperbot_py_examples' build argument 'cmake_clean_cache' from command line to 'False'
[0.217s] Level 5:colcon.colcon_core.verb:set package 'bumperbot_py_examples' build argument 'cmake_clean_first' from command line to 'False'
[0.217s] Level 5:colcon.colcon_core.verb:set package 'bumperbot_py_examples' build argument 'cmake_force_configure' from command line to 'False'
[0.217s] Level 5:colcon.colcon_core.verb:set package 'bumperbot_py_examples' build argument 'ament_cmake_args' from command line to 'None'
[0.217s] Level 5:colcon.colcon_core.verb:set package 'bumperbot_py_examples' build argument 'catkin_cmake_args' from command line to 'None'
[0.217s] Level 5:colcon.colcon_core.verb:set package 'bumperbot_py_examples' build argument 'catkin_skip_building_tests' from command line to 'False'
[0.217s] DEBUG:colcon.colcon_core.verb:Building package 'bumperbot_py_examples' with the following arguments: {'ament_cmake_args': None, 'build_base': '/home/sourav/ROS2-Self-Driving-Robot/control/bumperbot_ws/build/bumperbot_py_examples', 'catkin_cmake_args': None, 'catkin_skip_building_tests': False, 'cmake_args': None, 'cmake_clean_cache': False, 'cmake_clean_first': False, 'cmake_force_configure': False, 'cmake_target': None, 'cmake_target_skip_unavailable': False, 'install_base': '/home/sourav/ROS2-Self-Driving-Robot/control/bumperbot_ws/install/bumperbot_py_examples', 'merge_install': False, 'path': '/home/sourav/ROS2-Self-Driving-Robot/control/bumperbot_ws/src/bumperbot_py_examples', 'symlink_install': False, 'test_result_base': None}
[0.217s] Level 5:colcon.colcon_core.verb:set package 'imu_tools' build argument 'cmake_args' from command line to 'None'
[0.217s] Level 5:colcon.colcon_core.verb:set package 'imu_tools' build argument 'cmake_target' from command line to 'None'
[0.217s] Level 5:colcon.colcon_core.verb:set package 'imu_tools' build argument 'cmake_target_skip_unavailable' from command line to 'False'
[0.217s] Level 5:colcon.colcon_core.verb:set package 'imu_tools' build argument 'cmake_clean_cache' from command line to 'False'
[0.217s] Level 5:colcon.colcon_core.verb:set package 'imu_tools' build argument 'cmake_clean_first' from command line to 'False'
[0.217s] Level 5:colcon.colcon_core.verb:set package 'imu_tools' build argument 'cmake_force_configure' from command line to 'False'
[0.217s] Level 5:colcon.colcon_core.verb:set package 'imu_tools' build argument 'ament_cmake_args' from command line to 'None'
[0.217s] Level 5:colcon.colcon_core.verb:set package 'imu_tools' build argument 'catkin_cmake_args' from command line to 'None'
[0.217s] Level 5:colcon.colcon_core.verb:set package 'imu_tools' build argument 'catkin_skip_building_tests' from command line to 'False'
[0.217s] DEBUG:colcon.colcon_core.verb:Building package 'imu_tools' with the following arguments: {'ament_cmake_args': None, 'build_base': '/home/sourav/ROS2-Self-Driving-Robot/control/bumperbot_ws/build/imu_tools', 'catkin_cmake_args': None, 'catkin_skip_building_tests': False, 'cmake_args': None, 'cmake_clean_cache': False, 'cmake_clean_first': False, 'cmake_force_configure': False, 'cmake_target': None, 'cmake_target_skip_unavailable': False, 'install_base': '/home/sourav/ROS2-Self-Driving-Robot/control/bumperbot_ws/install/imu_tools', 'merge_install': False, 'path': '/home/sourav/ROS2-Self-Driving-Robot/control/bumperbot_ws/src/imu_tools/imu_tools', 'symlink_install': False, 'test_result_base': None}
[0.217s] INFO:colcon.colcon_core.executor:Executing jobs using 'parallel' executor
[0.218s] DEBUG:colcon.colcon_parallel_executor.executor.parallel:run_until_complete
[0.218s] INFO:colcon.colcon_ros.task.ament_cmake.build:Building ROS package in '/home/sourav/ROS2-Self-Driving-Robot/control/bumperbot_ws/src/bumperbot_msgs' with build type 'ament_cmake'
[0.218s] INFO:colcon.colcon_cmake.task.cmake.build:Building CMake package in '/home/sourav/ROS2-Self-Driving-Robot/control/bumperbot_ws/src/bumperbot_msgs'
[0.221s] INFO:colcon.colcon_core.plugin_system:Skipping extension 'colcon_core.shell.bat': Not used on non-Windows systems
[0.222s] INFO:colcon.colcon_core.shell:Skip shell extension 'powershell' for command environment: Not usable outside of PowerShell
[0.222s] DEBUG:colcon.colcon_core.shell:Skip shell extension 'dsv' for command environment
[0.224s] INFO:colcon.colcon_ros.task.ament_cmake.build:Building ROS package in '/home/sourav/ROS2-Self-Driving-Robot/control/bumperbot_ws/src/imu_tools/imu_complementary_filter' with build type 'ament_cmake'
[0.224s] INFO:colcon.colcon_cmake.task.cmake.build:Building CMake package in '/home/sourav/ROS2-Self-Driving-Robot/control/bumperbot_ws/src/imu_tools/imu_complementary_filter'
[0.224s] INFO:colcon.colcon_core.shell:Skip shell extension 'powershell' for command environment: Not usable outside of PowerShell
[0.224s] DEBUG:colcon.colcon_core.shell:Skip shell extension 'dsv' for command environment
[0.225s] INFO:colcon.colcon_ros.task.ament_cmake.build:Building ROS package in '/home/sourav/ROS2-Self-Driving-Robot/control/bumperbot_ws/src/imu_tools/imu_filter_madgwick' with build type 'ament_cmake'
[0.225s] INFO:colcon.colcon_cmake.task.cmake.build:Building CMake package in '/home/sourav/ROS2-Self-Driving-Robot/control/bumperbot_ws/src/imu_tools/imu_filter_madgwick'
[0.225s] INFO:colcon.colcon_core.shell:Skip shell extension 'powershell' for command environment: Not usable outside of PowerShell
[0.225s] DEBUG:colcon.colcon_core.shell:Skip shell extension 'dsv' for command environment
[0.227s] INFO:colcon.colcon_ros.task.ament_cmake.build:Building ROS package in '/home/sourav/ROS2-Self-Driving-Robot/control/bumperbot_ws/src/imu_tools/rviz_imu_plugin' with build type 'ament_cmake'
[0.227s] INFO:colcon.colcon_cmake.task.cmake.build:Building CMake package in '/home/sourav/ROS2-Self-Driving-Robot/control/bumperbot_ws/src/imu_tools/rviz_imu_plugin'
[0.227s] INFO:colcon.colcon_core.shell:Skip shell extension 'powershell' for command environment: Not usable outside of PowerShell
[0.227s] DEBUG:colcon.colcon_core.shell:Skip shell extension 'dsv' for command environment
[0.228s] INFO:colcon.colcon_ros.task.ament_cmake.build:Building ROS package in '/home/sourav/ROS2-Self-Driving-Robot/control/bumperbot_ws/src/bumperbot_bringup' with build type 'ament_cmake'
[0.228s] INFO:colcon.colcon_cmake.task.cmake.build:Building CMake package in '/home/sourav/ROS2-Self-Driving-Robot/control/bumperbot_ws/src/bumperbot_bringup'
[0.229s] INFO:colcon.colcon_core.shell:Skip shell extension 'powershell' for command environment: Not usable outside of PowerShell
[0.229s] DEBUG:colcon.colcon_core.shell:Skip shell extension 'dsv' for command environment
[0.230s] INFO:colcon.colcon_ros.task.ament_cmake.build:Building ROS package in '/home/sourav/ROS2-Self-Driving-Robot/control/bumperbot_ws/src/bumperbot_controller' with build type 'ament_cmake'
[0.230s] INFO:colcon.colcon_cmake.task.cmake.build:Building CMake package in '/home/sourav/ROS2-Self-Driving-Robot/control/bumperbot_ws/src/bumperbot_controller'
[0.230s] INFO:colcon.colcon_core.shell:Skip shell extension 'powershell' for command environment: Not usable outside of PowerShell
[0.230s] DEBUG:colcon.colcon_core.shell:Skip shell extension 'dsv' for command environment
[0.232s] INFO:colcon.colcon_ros.task.ament_cmake.build:Building ROS package in '/home/sourav/ROS2-Self-Driving-Robot/control/bumperbot_ws/src/bumperbot_description' with build type 'ament_cmake'
[0.232s] INFO:colcon.colcon_cmake.task.cmake.build:Building CMake package in '/home/sourav/ROS2-Self-Driving-Robot/control/bumperbot_ws/src/bumperbot_description'
[0.232s] INFO:colcon.colcon_core.shell:Skip shell extension 'powershell' for command environment: Not usable outside of PowerShell
[0.232s] DEBUG:colcon.colcon_core.shell:Skip shell extension 'dsv' for command environment
[0.234s] INFO:colcon.colcon_ros.task.ament_cmake.build:Building ROS package in '/home/sourav/ROS2-Self-Driving-Robot/control/bumperbot_ws/src/bumperbot_firmware' with build type 'ament_cmake'
[0.234s] INFO:colcon.colcon_cmake.task.cmake.build:Building CMake package in '/home/sourav/ROS2-Self-Driving-Robot/control/bumperbot_ws/src/bumperbot_firmware'
[0.234s] INFO:colcon.colcon_core.shell:Skip shell extension 'powershell' for command environment: Not usable outside of PowerShell
[0.234s] DEBUG:colcon.colcon_core.shell:Skip shell extension 'dsv' for command environment
[0.235s] INFO:colcon.colcon_ros.task.ament_cmake.build:Building ROS package in '/home/sourav/ROS2-Self-Driving-Robot/control/bumperbot_ws/src/bumperbot_localization' with build type 'ament_cmake'
[0.235s] INFO:colcon.colcon_cmake.task.cmake.build:Building CMake package in '/home/sourav/ROS2-Self-Driving-Robot/control/bumperbot_ws/src/bumperbot_localization'
[0.236s] INFO:colcon.colcon_core.shell:Skip shell extension 'powershell' for command environment: Not usable outside of PowerShell
[0.236s] DEBUG:colcon.colcon_core.shell:Skip shell extension 'dsv' for command environment
[0.237s] INFO:colcon.colcon_ros.task.ament_cmake.build:Building ROS package in '/home/sourav/ROS2-Self-Driving-Robot/control/bumperbot_ws/src/bumperbot_utils' with build type 'ament_cmake'
[0.237s] INFO:colcon.colcon_cmake.task.cmake.build:Building CMake package in '/home/sourav/ROS2-Self-Driving-Robot/control/bumperbot_ws/src/bumperbot_utils'
[0.237s] INFO:colcon.colcon_core.shell:Skip shell extension 'powershell' for command environment: Not usable outside of PowerShell
[0.237s] DEBUG:colcon.colcon_core.shell:Skip shell extension 'dsv' for command environment
[0.243s] DEBUG:colcon.colcon_core.event_handler.log_command:Invoking command in '/home/sourav/ROS2-Self-Driving-Robot/control/bumperbot_ws/build/bumperbot_msgs': CMAKE_PREFIX_PATH=/opt/ros/humble /usr/bin/cmake --build /home/sourav/ROS2-Self-Driving-Robot/control/bumperbot_ws/build/bumperbot_msgs -- -j16 -l16
[0.245s] DEBUG:colcon.colcon_core.event_handler.log_command:Invoking command in '/home/sourav/ROS2-Self-Driving-Robot/control/bumperbot_ws/build/imu_complementary_filter': CMAKE_PREFIX_PATH=/opt/ros/humble /usr/bin/cmake --build /home/sourav/ROS2-Self-Driving-Robot/control/bumperbot_ws/build/imu_complementary_filter -- -j16 -l16
[0.248s] DEBUG:colcon.colcon_core.event_handler.log_command:Invoking command in '/home/sourav/ROS2-Self-Driving-Robot/control/bumperbot_ws/build/imu_filter_madgwick': CMAKE_PREFIX_PATH=/opt/ros/humble /usr/bin/cmake --build /home/sourav/ROS2-Self-Driving-Robot/control/bumperbot_ws/build/imu_filter_madgwick -- -j16 -l16
[0.251s] DEBUG:colcon.colcon_core.event_handler.log_command:Invoking command in '/home/sourav/ROS2-Self-Driving-Robot/control/bumperbot_ws/build/rviz_imu_plugin': CMAKE_PREFIX_PATH=/opt/ros/humble /usr/bin/cmake --build /home/sourav/ROS2-Self-Driving-Robot/control/bumperbot_ws/build/rviz_imu_plugin -- -j16 -l16
[0.252s] DEBUG:colcon.colcon_core.event_handler.log_command:Invoking command in '/home/sourav/ROS2-Self-Driving-Robot/control/bumperbot_ws/build/bumperbot_bringup': CMAKE_PREFIX_PATH=/opt/ros/humble /usr/bin/cmake --build /home/sourav/ROS2-Self-Driving-Robot/control/bumperbot_ws/build/bumperbot_bringup -- -j16 -l16
[0.255s] DEBUG:colcon.colcon_core.event_handler.log_command:Invoking command in '/home/sourav/ROS2-Self-Driving-Robot/control/bumperbot_ws/build/bumperbot_controller': CMAKE_PREFIX_PATH=/opt/ros/humble /usr/bin/cmake --build /home/sourav/ROS2-Self-Driving-Robot/control/bumperbot_ws/build/bumperbot_controller -- -j16 -l16
[0.256s] DEBUG:colcon.colcon_core.event_handler.log_command:Invoking command in '/home/sourav/ROS2-Self-Driving-Robot/control/bumperbot_ws/build/bumperbot_description': CMAKE_PREFIX_PATH=/opt/ros/humble /usr/bin/cmake --build /home/sourav/ROS2-Self-Driving-Robot/control/bumperbot_ws/build/bumperbot_description -- -j16 -l16
[0.260s] DEBUG:colcon.colcon_core.event_handler.log_command:Invoking command in '/home/sourav/ROS2-Self-Driving-Robot/control/bumperbot_ws/build/bumperbot_firmware': CMAKE_PREFIX_PATH=/opt/ros/humble /usr/bin/cmake --build /home/sourav/ROS2-Self-Driving-Robot/control/bumperbot_ws/build/bumperbot_firmware -- -j16 -l16
[0.265s] DEBUG:colcon.colcon_core.event_handler.log_command:Invoking command in '/home/sourav/ROS2-Self-Driving-Robot/control/bumperbot_ws/build/bumperbot_localization': CMAKE_PREFIX_PATH=/opt/ros/humble /usr/bin/cmake --build /home/sourav/ROS2-Self-Driving-Robot/control/bumperbot_ws/build/bumperbot_localization -- -j16 -l16
[0.270s] DEBUG:colcon.colcon_core.event_handler.log_command:Invoking command in '/home/sourav/ROS2-Self-Driving-Robot/control/bumperbot_ws/build/bumperbot_utils': CMAKE_PREFIX_PATH=/opt/ros/humble /usr/bin/cmake --build /home/sourav/ROS2-Self-Driving-Robot/control/bumperbot_ws/build/bumperbot_utils -- -j16 -l16
[0.286s] DEBUG:colcon.colcon_core.event_handler.log_command:Invoked command in '/home/sourav/ROS2-Self-Driving-Robot/control/bumperbot_ws/build/bumperbot_description' returned '0': CMAKE_PREFIX_PATH=/opt/ros/humble /usr/bin/cmake --build /home/sourav/ROS2-Self-Driving-Robot/control/bumperbot_ws/build/bumperbot_description -- -j16 -l16
[0.297s] DEBUG:colcon.colcon_core.event_handler.log_command:Invoking command in '/home/sourav/ROS2-Self-Driving-Robot/control/bumperbot_ws/build/bumperbot_description': CMAKE_PREFIX_PATH=/opt/ros/humble /usr/bin/cmake --install /home/sourav/ROS2-Self-Driving-Robot/control/bumperbot_ws/build/bumperbot_description
[0.299s] DEBUG:colcon.colcon_core.event_handler.log_command:Invoked command in '/home/sourav/ROS2-Self-Driving-Robot/control/bumperbot_ws/build/bumperbot_bringup' returned '0': CMAKE_PREFIX_PATH=/opt/ros/humble /usr/bin/cmake --build /home/sourav/ROS2-Self-Driving-Robot/control/bumperbot_ws/build/bumperbot_bringup -- -j16 -l16
[0.305s] DEBUG:colcon.colcon_core.event_handler.log_command:Invoking command in '/home/sourav/ROS2-Self-Driving-Robot/control/bumperbot_ws/build/bumperbot_bringup': CMAKE_PREFIX_PATH=/opt/ros/humble /usr/bin/cmake --install /home/sourav/ROS2-Self-Driving-Robot/control/bumperbot_ws/build/bumperbot_bringup
[0.311s] Level 1:colcon.colcon_core.environment:create_environment_scripts_only(bumperbot_description)
[0.313s] DEBUG:colcon.colcon_core.event_handler.log_command:Invoked command in '/home/sourav/ROS2-Self-Driving-Robot/control/bumperbot_ws/build/bumperbot_description' returned '0': CMAKE_PREFIX_PATH=/opt/ros/humble /usr/bin/cmake --install /home/sourav/ROS2-Self-Driving-Robot/control/bumperbot_ws/build/bumperbot_description
[0.324s] Level 1:colcon.colcon_core.environment:checking '/home/sourav/ROS2-Self-Driving-Robot/control/bumperbot_ws/install/bumperbot_description' for CMake module files
[0.326s] Level 1:colcon.colcon_core.environment:checking '/home/sourav/ROS2-Self-Driving-Robot/control/bumperbot_ws/install/bumperbot_description' for CMake config files
[0.327s] Level 1:colcon.colcon_core.shell:create_environment_hook('bumperbot_description', 'cmake_prefix_path')
[0.327s] INFO:colcon.colcon_core.shell:Creating environment hook '/home/sourav/ROS2-Self-Driving-Robot/control/bumperbot_ws/install/bumperbot_description/share/bumperbot_description/hook/cmake_prefix_path.ps1'
[0.328s] INFO:colcon.colcon_core.shell:Creating environment descriptor '/home/sourav/ROS2-Self-Driving-Robot/control/bumperbot_ws/install/bumperbot_description/share/bumperbot_description/hook/cmake_prefix_path.dsv'
[0.330s] INFO:colcon.colcon_core.shell:Creating environment hook '/home/sourav/ROS2-Self-Driving-Robot/control/bumperbot_ws/install/bumperbot_description/share/bumperbot_description/hook/cmake_prefix_path.sh'
[0.333s] Level 1:colcon.colcon_core.environment:checking '/home/sourav/ROS2-Self-Driving-Robot/control/bumperbot_ws/install/bumperbot_description/bin'
[0.333s] Level 1:colcon.colcon_core.environment:checking '/home/sourav/ROS2-Self-Driving-Robot/control/bumperbot_ws/install/bumperbot_description/lib/pkgconfig/bumperbot_description.pc'
[0.333s] Level 1:colcon.colcon_core.environment:checking '/home/sourav/ROS2-Self-Driving-Robot/control/bumperbot_ws/install/bumperbot_description/lib/python3.10/site-packages'
[0.333s] Level 1:colcon.colcon_core.environment:checking '/home/sourav/ROS2-Self-Driving-Robot/control/bumperbot_ws/install/bumperbot_description/bin'
[0.334s] INFO:colcon.colcon_core.shell:Creating package script '/home/sourav/ROS2-Self-Driving-Robot/control/bumperbot_ws/install/bumperbot_description/share/bumperbot_description/package.ps1'
[0.338s] INFO:colcon.colcon_core.shell:Creating package descriptor '/home/sourav/ROS2-Self-Driving-Robot/control/bumperbot_ws/install/bumperbot_description/share/bumperbot_description/package.dsv'
[0.339s] INFO:colcon.colcon_core.shell:Creating package script '/home/sourav/ROS2-Self-Driving-Robot/control/bumperbot_ws/install/bumperbot_description/share/bumperbot_description/package.sh'
[0.342s] INFO:colcon.colcon_core.shell:Creating package script '/home/sourav/ROS2-Self-Driving-Robot/control/bumperbot_ws/install/bumperbot_description/share/bumperbot_description/package.bash'
[0.344s] INFO:colcon.colcon_core.shell:Creating package script '/home/sourav/ROS2-Self-Driving-Robot/control/bumperbot_ws/install/bumperbot_description/share/bumperbot_description/package.zsh'
[0.345s] Level 1:colcon.colcon_core.environment:create_file_with_runtime_dependencies(/home/sourav/ROS2-Self-Driving-Robot/control/bumperbot_ws/install/bumperbot_description/share/colcon-core/packages/bumperbot_description)
[0.346s] Level 1:colcon.colcon_core.environment:create_environment_scripts_only(bumperbot_description)
[0.347s] Level 1:colcon.colcon_core.environment:checking '/home/sourav/ROS2-Self-Driving-Robot/control/bumperbot_ws/install/bumperbot_description' for CMake module files
[0.347s] Level 1:colcon.colcon_core.environment:checking '/home/sourav/ROS2-Self-Driving-Robot/control/bumperbot_ws/install/bumperbot_description' for CMake config files
[0.348s] Level 1:colcon.colcon_core.shell:create_environment_hook('bumperbot_description', 'cmake_prefix_path')
[0.348s] INFO:colcon.colcon_core.shell:Creating environment hook '/home/sourav/ROS2-Self-Driving-Robot/control/bumperbot_ws/install/bumperbot_description/share/bumperbot_description/hook/cmake_prefix_path.ps1'
[0.349s] INFO:colcon.colcon_core.shell:Creating environment descriptor '/home/sourav/ROS2-Self-Driving-Robot/control/bumperbot_ws/install/bumperbot_description/share/bumperbot_description/hook/cmake_prefix_path.dsv'
[0.350s] INFO:colcon.colcon_core.shell:Creating environment hook '/home/sourav/ROS2-Self-Driving-Robot/control/bumperbot_ws/install/bumperbot_description/share/bumperbot_description/hook/cmake_prefix_path.sh'
[0.351s] Level 1:colcon.colcon_core.environment:checking '/home/sourav/ROS2-Self-Driving-Robot/control/bumperbot_ws/install/bumperbot_description/bin'
[0.351s] Level 1:colcon.colcon_core.environment:checking '/home/sourav/ROS2-Self-Driving-Robot/control/bumperbot_ws/install/bumperbot_description/lib/pkgconfig/bumperbot_description.pc'
[0.352s] Level 1:colcon.colcon_core.environment:checking '/home/sourav/ROS2-Self-Driving-Robot/control/bumperbot_ws/install/bumperbot_description/lib/python3.10/site-packages'
[0.352s] Level 1:colcon.colcon_core.environment:checking '/home/sourav/ROS2-Self-Driving-Robot/control/bumperbot_ws/install/bumperbot_description/bin'
[0.352s] INFO:colcon.colcon_core.shell:Creating package script '/home/sourav/ROS2-Self-Driving-Robot/control/bumperbot_ws/install/bumperbot_description/share/bumperbot_description/package.ps1'
[0.353s] INFO:colcon.colcon_core.shell:Creating package descriptor '/home/sourav/ROS2-Self-Driving-Robot/control/bumperbot_ws/install/bumperbot_description/share/bumperbot_description/package.dsv'
[0.354s] INFO:colcon.colcon_core.shell:Creating package script '/home/sourav/ROS2-Self-Driving-Robot/control/bumperbot_ws/install/bumperbot_description/share/bumperbot_description/package.sh'
[0.355s] INFO:colcon.colcon_core.shell:Creating package script '/home/sourav/ROS2-Self-Driving-Robot/control/bumperbot_ws/install/bumperbot_description/share/bumperbot_description/package.bash'
[0.356s] INFO:colcon.colcon_core.shell:Creating package script '/home/sourav/ROS2-Self-Driving-Robot/control/bumperbot_ws/install/bumperbot_description/share/bumperbot_description/package.zsh'
[0.357s] Level 1:colcon.colcon_core.environment:create_file_with_runtime_dependencies(/home/sourav/ROS2-Self-Driving-Robot/control/bumperbot_ws/install/bumperbot_description/share/colcon-core/packages/bumperbot_description)
[0.359s] Level 1:colcon.colcon_core.environment:create_environment_scripts_only(bumperbot_bringup)
[0.360s] Level 1:colcon.colcon_core.environment:checking '/home/sourav/ROS2-Self-Driving-Robot/control/bumperbot_ws/install/bumperbot_bringup' for CMake module files
[0.361s] Level 1:colcon.colcon_core.environment:checking '/home/sourav/ROS2-Self-Driving-Robot/control/bumperbot_ws/install/bumperbot_bringup' for CMake config files
[0.361s] Level 1:colcon.colcon_core.shell:create_environment_hook('bumperbot_bringup', 'cmake_prefix_path')
[0.361s] INFO:colcon.colcon_core.shell:Creating environment hook '/home/sourav/ROS2-Self-Driving-Robot/control/bumperbot_ws/install/bumperbot_bringup/share/bumperbot_bringup/hook/cmake_prefix_path.ps1'
[0.362s] DEBUG:colcon.colcon_core.event_handler.log_command:Invoked command in '/home/sourav/ROS2-Self-Driving-Robot/control/bumperbot_ws/build/bumperbot_bringup' returned '0': CMAKE_PREFIX_PATH=/opt/ros/humble /usr/bin/cmake --install /home/sourav/ROS2-Self-Driving-Robot/control/bumperbot_ws/build/bumperbot_bringup
[0.363s] INFO:colcon.colcon_core.shell:Creating environment descriptor '/home/sourav/ROS2-Self-Driving-Robot/control/bumperbot_ws/install/bumperbot_bringup/share/bumperbot_bringup/hook/cmake_prefix_path.dsv'
[0.363s] INFO:colcon.colcon_core.shell:Creating environment hook '/home/sourav/ROS2-Self-Driving-Robot/control/bumperbot_ws/install/bumperbot_bringup/share/bumperbot_bringup/hook/cmake_prefix_path.sh'
[0.364s] Level 1:colcon.colcon_core.environment:checking '/home/sourav/ROS2-Self-Driving-Robot/control/bumperbot_ws/install/bumperbot_bringup/bin'
[0.364s] Level 1:colcon.colcon_core.environment:checking '/home/sourav/ROS2-Self-Driving-Robot/control/bumperbot_ws/install/bumperbot_bringup/lib/pkgconfig/bumperbot_bringup.pc'
[0.364s] Level 1:colcon.colcon_core.environment:checking '/home/sourav/ROS2-Self-Driving-Robot/control/bumperbot_ws/install/bumperbot_bringup/lib/python3.10/site-packages'
[0.364s] Level 1:colcon.colcon_core.environment:checking '/home/sourav/ROS2-Self-Driving-Robot/control/bumperbot_ws/install/bumperbot_bringup/bin'
[0.365s] INFO:colcon.colcon_core.shell:Creating package script '/home/sourav/ROS2-Self-Driving-Robot/control/bumperbot_ws/install/bumperbot_bringup/share/bumperbot_bringup/package.ps1'
[0.365s] INFO:colcon.colcon_core.shell:Creating package descriptor '/home/sourav/ROS2-Self-Driving-Robot/control/bumperbot_ws/install/bumperbot_bringup/share/bumperbot_bringup/package.dsv'
[0.366s] INFO:colcon.colcon_core.shell:Creating package script '/home/sourav/ROS2-Self-Driving-Robot/control/bumperbot_ws/install/bumperbot_bringup/share/bumperbot_bringup/package.sh'
[0.366s] INFO:colcon.colcon_core.shell:Creating package script '/home/sourav/ROS2-Self-Driving-Robot/control/bumperbot_ws/install/bumperbot_bringup/share/bumperbot_bringup/package.bash'
[0.367s] INFO:colcon.colcon_core.shell:Creating package script '/home/sourav/ROS2-Self-Driving-Robot/control/bumperbot_ws/install/bumperbot_bringup/share/bumperbot_bringup/package.zsh'
[0.367s] Level 1:colcon.colcon_core.environment:create_file_with_runtime_dependencies(/home/sourav/ROS2-Self-Driving-Robot/control/bumperbot_ws/install/bumperbot_bringup/share/colcon-core/packages/bumperbot_bringup)
[0.368s] Level 1:colcon.colcon_core.environment:create_environment_scripts_only(bumperbot_bringup)
[0.368s] Level 1:colcon.colcon_core.environment:checking '/home/sourav/ROS2-Self-Driving-Robot/control/bumperbot_ws/install/bumperbot_bringup' for CMake module files
[0.369s] Level 1:colcon.colcon_core.environment:checking '/home/sourav/ROS2-Self-Driving-Robot/control/bumperbot_ws/install/bumperbot_bringup' for CMake config files
[0.369s] Level 1:colcon.colcon_core.shell:create_environment_hook('bumperbot_bringup', 'cmake_prefix_path')
[0.369s] INFO:colcon.colcon_core.shell:Creating environment hook '/home/sourav/ROS2-Self-Driving-Robot/control/bumperbot_ws/install/bumperbot_bringup/share/bumperbot_bringup/hook/cmake_prefix_path.ps1'
[0.370s] INFO:colcon.colcon_core.shell:Creating environment descriptor '/home/sourav/ROS2-Self-Driving-Robot/control/bumperbot_ws/install/bumperbot_bringup/share/bumperbot_bringup/hook/cmake_prefix_path.dsv'
[0.370s] INFO:colcon.colcon_core.shell:Creating environment hook '/home/sourav/ROS2-Self-Driving-Robot/control/bumperbot_ws/install/bumperbot_bringup/share/bumperbot_bringup/hook/cmake_prefix_path.sh'
[0.371s] Level 1:colcon.colcon_core.environment:checking '/home/sourav/ROS2-Self-Driving-Robot/control/bumperbot_ws/install/bumperbot_bringup/bin'
[0.371s] Level 1:colcon.colcon_core.environment:checking '/home/sourav/ROS2-Self-Driving-Robot/control/bumperbot_ws/install/bumperbot_bringup/lib/pkgconfig/bumperbot_bringup.pc'
[0.371s] Level 1:colcon.colcon_core.environment:checking '/home/sourav/ROS2-Self-Driving-Robot/control/bumperbot_ws/install/bumperbot_bringup/lib/python3.10/site-packages'
[0.372s] Level 1:colcon.colcon_core.environment:checking '/home/sourav/ROS2-Self-Driving-Robot/control/bumperbot_ws/install/bumperbot_bringup/bin'
[0.372s] INFO:colcon.colcon_core.shell:Creating package script '/home/sourav/ROS2-Self-Driving-Robot/control/bumperbot_ws/install/bumperbot_bringup/share/bumperbot_bringup/package.ps1'
[0.373s] INFO:colcon.colcon_core.shell:Creating package descriptor '/home/sourav/ROS2-Self-Driving-Robot/control/bumperbot_ws/install/bumperbot_bringup/share/bumperbot_bringup/package.dsv'
[0.374s] INFO:colcon.colcon_core.shell:Creating package script '/home/sourav/ROS2-Self-Driving-Robot/control/bumperbot_ws/install/bumperbot_bringup/share/bumperbot_bringup/package.sh'
[0.374s] INFO:colcon.colcon_core.shell:Creating package script '/home/sourav/ROS2-Self-Driving-Robot/control/bumperbot_ws/install/bumperbot_bringup/share/bumperbot_bringup/package.bash'
[0.375s] INFO:colcon.colcon_core.shell:Creating package script '/home/sourav/ROS2-Self-Driving-Robot/control/bumperbot_ws/install/bumperbot_bringup/share/bumperbot_bringup/package.zsh'
[0.375s] Level 1:colcon.colcon_core.environment:create_file_with_runtime_dependencies(/home/sourav/ROS2-Self-Driving-Robot/control/bumperbot_ws/install/bumperbot_bringup/share/colcon-core/packages/bumperbot_bringup)
[0.382s] DEBUG:colcon.colcon_core.event_handler.log_command:Invoked command in '/home/sourav/ROS2-Self-Driving-Robot/control/bumperbot_ws/build/imu_filter_madgwick' returned '0': CMAKE_PREFIX_PATH=/opt/ros/humble /usr/bin/cmake --build /home/sourav/ROS2-Self-Driving-Robot/control/bumperbot_ws/build/imu_filter_madgwick -- -j16 -l16
[0.384s] DEBUG:colcon.colcon_core.event_handler.log_command:Invoking command in '/home/sourav/ROS2-Self-Driving-Robot/control/bumperbot_ws/build/imu_filter_madgwick': CMAKE_PREFIX_PATH=/opt/ros/humble /usr/bin/cmake --install /home/sourav/ROS2-Self-Driving-Robot/control/bumperbot_ws/build/imu_filter_madgwick
[0.386s] DEBUG:colcon.colcon_core.event_handler.log_command:Invoked command in '/home/sourav/ROS2-Self-Driving-Robot/control/bumperbot_ws/build/imu_complementary_filter' returned '0': CMAKE_PREFIX_PATH=/opt/ros/humble /usr/bin/cmake --build /home/sourav/ROS2-Self-Driving-Robot/control/bumperbot_ws/build/imu_complementary_filter -- -j16 -l16
[0.389s] DEBUG:colcon.colcon_core.event_handler.log_command:Invoking command in '/home/sourav/ROS2-Self-Driving-Robot/control/bumperbot_ws/build/imu_complementary_filter': CMAKE_PREFIX_PATH=/opt/ros/humble /usr/bin/cmake --install /home/sourav/ROS2-Self-Driving-Robot/control/bumperbot_ws/build/imu_complementary_filter
[0.399s] Level 1:colcon.colcon_core.environment:create_environment_scripts_only(imu_filter_madgwick)
[0.400s] Level 1:colcon.colcon_core.environment:checking '/home/sourav/ROS2-Self-Driving-Robot/control/bumperbot_ws/install/imu_filter_madgwick' for CMake module files
[0.400s] DEBUG:colcon.colcon_core.event_handler.log_command:Invoked command in '/home/sourav/ROS2-Self-Driving-Robot/control/bumperbot_ws/build/imu_filter_madgwick' returned '0': CMAKE_PREFIX_PATH=/opt/ros/humble /usr/bin/cmake --install /home/sourav/ROS2-Self-Driving-Robot/control/bumperbot_ws/build/imu_filter_madgwick
[0.402s] Level 1:colcon.colcon_core.environment:checking '/home/sourav/ROS2-Self-Driving-Robot/control/bumperbot_ws/install/imu_filter_madgwick' for CMake config files
[0.403s] Level 1:colcon.colcon_core.shell:create_environment_hook('imu_filter_madgwick', 'cmake_prefix_path')
[0.404s] INFO:colcon.colcon_core.shell:Creating environment hook '/home/sourav/ROS2-Self-Driving-Robot/control/bumperbot_ws/install/imu_filter_madgwick/share/imu_filter_madgwick/hook/cmake_prefix_path.ps1'
[0.405s] INFO:colcon.colcon_core.shell:Creating environment descriptor '/home/sourav/ROS2-Self-Driving-Robot/control/bumperbot_ws/install/imu_filter_madgwick/share/imu_filter_madgwick/hook/cmake_prefix_path.dsv'
[0.406s] INFO:colcon.colcon_core.shell:Creating environment hook '/home/sourav/ROS2-Self-Driving-Robot/control/bumperbot_ws/install/imu_filter_madgwick/share/imu_filter_madgwick/hook/cmake_prefix_path.sh'
[0.406s] Level 1:colcon.colcon_core.environment:checking '/home/sourav/ROS2-Self-Driving-Robot/control/bumperbot_ws/install/imu_filter_madgwick/lib'
[0.407s] Level 1:colcon.colcon_core.shell:create_environment_hook('imu_filter_madgwick', 'ld_library_path_lib')
[0.407s] INFO:colcon.colcon_core.shell:Creating environment hook '/home/sourav/ROS2-Self-Driving-Robot/control/bumperbot_ws/install/imu_filter_madgwick/share/imu_filter_madgwick/hook/ld_library_path_lib.ps1'
[0.408s] INFO:colcon.colcon_core.shell:Creating environment descriptor '/home/sourav/ROS2-Self-Driving-Robot/control/bumperbot_ws/install/imu_filter_madgwick/share/imu_filter_madgwick/hook/ld_library_path_lib.dsv'
[0.408s] INFO:colcon.colcon_core.shell:Creating environment hook '/home/sourav/ROS2-Self-Driving-Robot/control/bumperbot_ws/install/imu_filter_madgwick/share/imu_filter_madgwick/hook/ld_library_path_lib.sh'
[0.409s] Level 1:colcon.colcon_core.environment:checking '/home/sourav/ROS2-Self-Driving-Robot/control/bumperbot_ws/install/imu_filter_madgwick/bin'
[0.409s] Level 1:colcon.colcon_core.environment:checking '/home/sourav/ROS2-Self-Driving-Robot/control/bumperbot_ws/install/imu_filter_madgwick/lib/pkgconfig/imu_filter_madgwick.pc'
[0.409s] Level 1:colcon.colcon_core.environment:checking '/home/sourav/ROS2-Self-Driving-Robot/control/bumperbot_ws/install/imu_filter_madgwick/lib/python3.10/site-packages'
[0.409s] Level 1:colcon.colcon_core.environment:checking '/home/sourav/ROS2-Self-Driving-Robot/control/bumperbot_ws/install/imu_filter_madgwick/bin'
[0.410s] INFO:colcon.colcon_core.shell:Creating package script '/home/sourav/ROS2-Self-Driving-Robot/control/bumperbot_ws/install/imu_filter_madgwick/share/imu_filter_madgwick/package.ps1'
[0.410s] INFO:colcon.colcon_core.shell:Creating package descriptor '/home/sourav/ROS2-Self-Driving-Robot/control/bumperbot_ws/install/imu_filter_madgwick/share/imu_filter_madgwick/package.dsv'
[0.410s] INFO:colcon.colcon_core.shell:Creating package script '/home/sourav/ROS2-Self-Driving-Robot/control/bumperbot_ws/install/imu_filter_madgwick/share/imu_filter_madgwick/package.sh'
[0.411s] INFO:colcon.colcon_core.shell:Creating package script '/home/sourav/ROS2-Self-Driving-Robot/control/bumperbot_ws/install/imu_filter_madgwick/share/imu_filter_madgwick/package.bash'
[0.411s] INFO:colcon.colcon_core.shell:Creating package script '/home/sourav/ROS2-Self-Driving-Robot/control/bumperbot_ws/install/imu_filter_madgwick/share/imu_filter_madgwick/package.zsh'
[0.412s] Level 1:colcon.colcon_core.environment:create_file_with_runtime_dependencies(/home/sourav/ROS2-Self-Driving-Robot/control/bumperbot_ws/install/imu_filter_madgwick/share/colcon-core/packages/imu_filter_madgwick)
[0.412s] Level 1:colcon.colcon_core.environment:create_environment_scripts_only(imu_filter_madgwick)
[0.412s] Level 1:colcon.colcon_core.environment:checking '/home/sourav/ROS2-Self-Driving-Robot/control/bumperbot_ws/install/imu_filter_madgwick' for CMake module files
[0.413s] Level 1:colcon.colcon_core.environment:checking '/home/sourav/ROS2-Self-Driving-Robot/control/bumperbot_ws/install/imu_filter_madgwick' for CMake config files
[0.413s] Level 1:colcon.colcon_core.shell:create_environment_hook('imu_filter_madgwick', 'cmake_prefix_path')
[0.413s] INFO:colcon.colcon_core.shell:Creating environment hook '/home/sourav/ROS2-Self-Driving-Robot/control/bumperbot_ws/install/imu_filter_madgwick/share/imu_filter_madgwick/hook/cmake_prefix_path.ps1'
[0.414s] INFO:colcon.colcon_core.shell:Creating environment descriptor '/home/sourav/ROS2-Self-Driving-Robot/control/bumperbot_ws/install/imu_filter_madgwick/share/imu_filter_madgwick/hook/cmake_prefix_path.dsv'
[0.414s] INFO:colcon.colcon_core.shell:Creating environment hook '/home/sourav/ROS2-Self-Driving-Robot/control/bumperbot_ws/install/imu_filter_madgwick/share/imu_filter_madgwick/hook/cmake_prefix_path.sh'
[0.414s] Level 1:colcon.colcon_core.environment:checking '/home/sourav/ROS2-Self-Driving-Robot/control/bumperbot_ws/install/imu_filter_madgwick/lib'
[0.414s] Level 1:colcon.colcon_core.shell:create_environment_hook('imu_filter_madgwick', 'ld_library_path_lib')
[0.415s] INFO:colcon.colcon_core.shell:Creating environment hook '/home/sourav/ROS2-Self-Driving-Robot/control/bumperbot_ws/install/imu_filter_madgwick/share/imu_filter_madgwick/hook/ld_library_path_lib.ps1'
[0.415s] INFO:colcon.colcon_core.shell:Creating environment descriptor '/home/sourav/ROS2-Self-Driving-Robot/control/bumperbot_ws/install/imu_filter_madgwick/share/imu_filter_madgwick/hook/ld_library_path_lib.dsv'
[0.415s] INFO:colcon.colcon_core.shell:Creating environment hook '/home/sourav/ROS2-Self-Driving-Robot/control/bumperbot_ws/install/imu_filter_madgwick/share/imu_filter_madgwick/hook/ld_library_path_lib.sh'
[0.415s] Level 1:colcon.colcon_core.environment:checking '/home/sourav/ROS2-Self-Driving-Robot/control/bumperbot_ws/install/imu_filter_madgwick/bin'
[0.415s] Level 1:colcon.colcon_core.environment:checking '/home/sourav/ROS2-Self-Driving-Robot/control/bumperbot_ws/install/imu_filter_madgwick/lib/pkgconfig/imu_filter_madgwick.pc'
[0.416s] Level 1:colcon.colcon_core.environment:checking '/home/sourav/ROS2-Self-Driving-Robot/control/bumperbot_ws/install/imu_filter_madgwick/lib/python3.10/site-packages'
[0.416s] Level 1:colcon.colcon_core.environment:checking '/home/sourav/ROS2-Self-Driving-Robot/control/bumperbot_ws/install/imu_filter_madgwick/bin'
[0.416s] INFO:colcon.colcon_core.shell:Creating package script '/home/sourav/ROS2-Self-Driving-Robot/control/bumperbot_ws/install/imu_filter_madgwick/share/imu_filter_madgwick/package.ps1'
[0.417s] INFO:colcon.colcon_core.shell:Creating package descriptor '/home/sourav/ROS2-Self-Driving-Robot/control/bumperbot_ws/install/imu_filter_madgwick/share/imu_filter_madgwick/package.dsv'
[0.417s] INFO:colcon.colcon_core.shell:Creating package script '/home/sourav/ROS2-Self-Driving-Robot/control/bumperbot_ws/install/imu_filter_madgwick/share/imu_filter_madgwick/package.sh'
[0.418s] INFO:colcon.colcon_core.shell:Creating package script '/home/sourav/ROS2-Self-Driving-Robot/control/bumperbot_ws/install/imu_filter_madgwick/share/imu_filter_madgwick/package.bash'
[0.418s] INFO:colcon.colcon_core.shell:Creating package script '/home/sourav/ROS2-Self-Driving-Robot/control/bumperbot_ws/install/imu_filter_madgwick/share/imu_filter_madgwick/package.zsh'
[0.419s] Level 1:colcon.colcon_core.environment:create_file_with_runtime_dependencies(/home/sourav/ROS2-Self-Driving-Robot/control/bumperbot_ws/install/imu_filter_madgwick/share/colcon-core/packages/imu_filter_madgwick)
[0.420s] Level 1:colcon.colcon_core.environment:create_environment_scripts_only(imu_complementary_filter)
[0.420s] Level 1:colcon.colcon_core.environment:checking '/home/sourav/ROS2-Self-Driving-Robot/control/bumperbot_ws/install/imu_complementary_filter' for CMake module files
[0.421s] DEBUG:colcon.colcon_core.event_handler.log_command:Invoked command in '/home/sourav/ROS2-Self-Driving-Robot/control/bumperbot_ws/build/imu_complementary_filter' returned '0': CMAKE_PREFIX_PATH=/opt/ros/humble /usr/bin/cmake --install /home/sourav/ROS2-Self-Driving-Robot/control/bumperbot_ws/build/imu_complementary_filter
[0.421s] Level 1:colcon.colcon_core.environment:checking '/home/sourav/ROS2-Self-Driving-Robot/control/bumperbot_ws/install/imu_complementary_filter' for CMake config files
[0.421s] Level 1:colcon.colcon_core.shell:create_environment_hook('imu_complementary_filter', 'cmake_prefix_path')
[0.421s] INFO:colcon.colcon_core.shell:Creating environment hook '/home/sourav/ROS2-Self-Driving-Robot/control/bumperbot_ws/install/imu_complementary_filter/share/imu_complementary_filter/hook/cmake_prefix_path.ps1'
[0.422s] INFO:colcon.colcon_core.shell:Creating environment descriptor '/home/sourav/ROS2-Self-Driving-Robot/control/bumperbot_ws/install/imu_complementary_filter/share/imu_complementary_filter/hook/cmake_prefix_path.dsv'
[0.422s] INFO:colcon.colcon_core.shell:Creating environment hook '/home/sourav/ROS2-Self-Driving-Robot/control/bumperbot_ws/install/imu_complementary_filter/share/imu_complementary_filter/hook/cmake_prefix_path.sh'
[0.422s] Level 1:colcon.colcon_core.environment:checking '/home/sourav/ROS2-Self-Driving-Robot/control/bumperbot_ws/install/imu_complementary_filter/lib'
[0.422s] Level 1:colcon.colcon_core.shell:create_environment_hook('imu_complementary_filter', 'ld_library_path_lib')
[0.423s] INFO:colcon.colcon_core.shell:Creating environment hook '/home/sourav/ROS2-Self-Driving-Robot/control/bumperbot_ws/install/imu_complementary_filter/share/imu_complementary_filter/hook/ld_library_path_lib.ps1'
[0.423s] INFO:colcon.colcon_core.shell:Creating environment descriptor '/home/sourav/ROS2-Self-Driving-Robot/control/bumperbot_ws/install/imu_complementary_filter/share/imu_complementary_filter/hook/ld_library_path_lib.dsv'
[0.423s] INFO:colcon.colcon_core.shell:Creating environment hook '/home/sourav/ROS2-Self-Driving-Robot/control/bumperbot_ws/install/imu_complementary_filter/share/imu_complementary_filter/hook/ld_library_path_lib.sh'
[0.423s] Level 1:colcon.colcon_core.environment:checking '/home/sourav/ROS2-Self-Driving-Robot/control/bumperbot_ws/install/imu_complementary_filter/bin'
[0.423s] Level 1:colcon.colcon_core.environment:checking '/home/sourav/ROS2-Self-Driving-Robot/control/bumperbot_ws/install/imu_complementary_filter/lib/pkgconfig/imu_complementary_filter.pc'
[0.424s] Level 1:colcon.colcon_core.environment:checking '/home/sourav/ROS2-Self-Driving-Robot/control/bumperbot_ws/install/imu_complementary_filter/lib/python3.10/site-packages'
[0.424s] Level 1:colcon.colcon_core.environment:checking '/home/sourav/ROS2-Self-Driving-Robot/control/bumperbot_ws/install/imu_complementary_filter/bin'
[0.424s] INFO:colcon.colcon_core.shell:Creating package script '/home/sourav/ROS2-Self-Driving-Robot/control/bumperbot_ws/install/imu_complementary_filter/share/imu_complementary_filter/package.ps1'
[0.424s] INFO:colcon.colcon_core.shell:Creating package descriptor '/home/sourav/ROS2-Self-Driving-Robot/control/bumperbot_ws/install/imu_complementary_filter/share/imu_complementary_filter/package.dsv'
[0.425s] INFO:colcon.colcon_core.shell:Creating package script '/home/sourav/ROS2-Self-Driving-Robot/control/bumperbot_ws/install/imu_complementary_filter/share/imu_complementary_filter/package.sh'
[0.425s] INFO:colcon.colcon_core.shell:Creating package script '/home/sourav/ROS2-Self-Driving-Robot/control/bumperbot_ws/install/imu_complementary_filter/share/imu_complementary_filter/package.bash'
[0.425s] INFO:colcon.colcon_core.shell:Creating package script '/home/sourav/ROS2-Self-Driving-Robot/control/bumperbot_ws/install/imu_complementary_filter/share/imu_complementary_filter/package.zsh'
[0.425s] Level 1:colcon.colcon_core.environment:create_file_with_runtime_dependencies(/home/sourav/ROS2-Self-Driving-Robot/control/bumperbot_ws/install/imu_complementary_filter/share/colcon-core/packages/imu_complementary_filter)
[0.426s] Level 1:colcon.colcon_core.environment:create_environment_scripts_only(imu_complementary_filter)
[0.426s] Level 1:colcon.colcon_core.environment:checking '/home/sourav/ROS2-Self-Driving-Robot/control/bumperbot_ws/install/imu_complementary_filter' for CMake module files
[0.426s] Level 1:colcon.colcon_core.environment:checking '/home/sourav/ROS2-Self-Driving-Robot/control/bumperbot_ws/install/imu_complementary_filter' for CMake config files
[0.426s] Level 1:colcon.colcon_core.shell:create_environment_hook('imu_complementary_filter', 'cmake_prefix_path')
[0.427s] INFO:colcon.colcon_core.shell:Creating environment hook '/home/sourav/ROS2-Self-Driving-Robot/control/bumperbot_ws/install/imu_complementary_filter/share/imu_complementary_filter/hook/cmake_prefix_path.ps1'
[0.427s] INFO:colcon.colcon_core.shell:Creating environment descriptor '/home/sourav/ROS2-Self-Driving-Robot/control/bumperbot_ws/install/imu_complementary_filter/share/imu_complementary_filter/hook/cmake_prefix_path.dsv'
[0.427s] INFO:colcon.colcon_core.shell:Creating environment hook '/home/sourav/ROS2-Self-Driving-Robot/control/bumperbot_ws/install/imu_complementary_filter/share/imu_complementary_filter/hook/cmake_prefix_path.sh'
[0.428s] Level 1:colcon.colcon_core.environment:checking '/home/sourav/ROS2-Self-Driving-Robot/control/bumperbot_ws/install/imu_complementary_filter/lib'
[0.428s] Level 1:colcon.colcon_core.shell:create_environment_hook('imu_complementary_filter', 'ld_library_path_lib')
[0.428s] INFO:colcon.colcon_core.shell:Creating environment hook '/home/sourav/ROS2-Self-Driving-Robot/control/bumperbot_ws/install/imu_complementary_filter/share/imu_complementary_filter/hook/ld_library_path_lib.ps1'
[0.429s] INFO:colcon.colcon_core.shell:Creating environment descriptor '/home/sourav/ROS2-Self-Driving-Robot/control/bumperbot_ws/install/imu_complementary_filter/share/imu_complementary_filter/hook/ld_library_path_lib.dsv'
[0.429s] INFO:colcon.colcon_core.shell:Creating environment hook '/home/sourav/ROS2-Self-Driving-Robot/control/bumperbot_ws/install/imu_complementary_filter/share/imu_complementary_filter/hook/ld_library_path_lib.sh'
[0.430s] Level 1:colcon.colcon_core.environment:checking '/home/sourav/ROS2-Self-Driving-Robot/control/bumperbot_ws/install/imu_complementary_filter/bin'
[0.430s] Level 1:colcon.colcon_core.environment:checking '/home/sourav/ROS2-Self-Driving-Robot/control/bumperbot_ws/install/imu_complementary_filter/lib/pkgconfig/imu_complementary_filter.pc'
[0.430s] Level 1:colcon.colcon_core.environment:checking '/home/sourav/ROS2-Self-Driving-Robot/control/bumperbot_ws/install/imu_complementary_filter/lib/python3.10/site-packages'
[0.431s] Level 1:colcon.colcon_core.environment:checking '/home/sourav/ROS2-Self-Driving-Robot/control/bumperbot_ws/install/imu_complementary_filter/bin'
[0.431s] INFO:colcon.colcon_core.shell:Creating package script '/home/sourav/ROS2-Self-Driving-Robot/control/bumperbot_ws/install/imu_complementary_filter/share/imu_complementary_filter/package.ps1'
[0.431s] INFO:colcon.colcon_core.shell:Creating package descriptor '/home/sourav/ROS2-Self-Driving-Robot/control/bumperbot_ws/install/imu_complementary_filter/share/imu_complementary_filter/package.dsv'
[0.432s] INFO:colcon.colcon_core.shell:Creating package script '/home/sourav/ROS2-Self-Driving-Robot/control/bumperbot_ws/install/imu_complementary_filter/share/imu_complementary_filter/package.sh'
[0.433s] INFO:colcon.colcon_core.shell:Creating package script '/home/sourav/ROS2-Self-Driving-Robot/control/bumperbot_ws/install/imu_complementary_filter/share/imu_complementary_filter/package.bash'
[0.433s] INFO:colcon.colcon_core.shell:Creating package script '/home/sourav/ROS2-Self-Driving-Robot/control/bumperbot_ws/install/imu_complementary_filter/share/imu_complementary_filter/package.zsh'
[0.433s] Level 1:colcon.colcon_core.environment:create_file_with_runtime_dependencies(/home/sourav/ROS2-Self-Driving-Robot/control/bumperbot_ws/install/imu_complementary_filter/share/colcon-core/packages/imu_complementary_filter)
[0.434s] DEBUG:colcon.colcon_core.event_handler.log_command:Invoked command in '/home/sourav/ROS2-Self-Driving-Robot/control/bumperbot_ws/build/rviz_imu_plugin' returned '0': CMAKE_PREFIX_PATH=/opt/ros/humble /usr/bin/cmake --build /home/sourav/ROS2-Self-Driving-Robot/control/bumperbot_ws/build/rviz_imu_plugin -- -j16 -l16
[0.437s] DEBUG:colcon.colcon_core.event_handler.log_command:Invoking command in '/home/sourav/ROS2-Self-Driving-Robot/control/bumperbot_ws/build/rviz_imu_plugin': CMAKE_PREFIX_PATH=/opt/ros/humble /usr/bin/cmake --install /home/sourav/ROS2-Self-Driving-Robot/control/bumperbot_ws/build/rviz_imu_plugin
[0.450s] Level 1:colcon.colcon_core.environment:create_environment_scripts_only(rviz_imu_plugin)
[0.451s] Level 1:colcon.colcon_core.environment:checking '/home/sourav/ROS2-Self-Driving-Robot/control/bumperbot_ws/install/rviz_imu_plugin' for CMake module files
[0.452s] DEBUG:colcon.colcon_core.event_handler.log_command:Invoked command in '/home/sourav/ROS2-Self-Driving-Robot/control/bumperbot_ws/build/rviz_imu_plugin' returned '0': CMAKE_PREFIX_PATH=/opt/ros/humble /usr/bin/cmake --install /home/sourav/ROS2-Self-Driving-Robot/control/bumperbot_ws/build/rviz_imu_plugin
[0.452s] Level 1:colcon.colcon_core.environment:checking '/home/sourav/ROS2-Self-Driving-Robot/control/bumperbot_ws/install/rviz_imu_plugin' for CMake config files
[0.453s] Level 1:colcon.colcon_core.shell:create_environment_hook('rviz_imu_plugin', 'cmake_prefix_path')
[0.453s] INFO:colcon.colcon_core.shell:Creating environment hook '/home/sourav/ROS2-Self-Driving-Robot/control/bumperbot_ws/install/rviz_imu_plugin/share/rviz_imu_plugin/hook/cmake_prefix_path.ps1'
[0.454s] INFO:colcon.colcon_core.shell:Creating environment descriptor '/home/sourav/ROS2-Self-Driving-Robot/control/bumperbot_ws/install/rviz_imu_plugin/share/rviz_imu_plugin/hook/cmake_prefix_path.dsv'
[0.454s] INFO:colcon.colcon_core.shell:Creating environment hook '/home/sourav/ROS2-Self-Driving-Robot/control/bumperbot_ws/install/rviz_imu_plugin/share/rviz_imu_plugin/hook/cmake_prefix_path.sh'
[0.455s] Level 1:colcon.colcon_core.environment:checking '/home/sourav/ROS2-Self-Driving-Robot/control/bumperbot_ws/install/rviz_imu_plugin/lib'
[0.455s] Level 1:colcon.colcon_core.shell:create_environment_hook('rviz_imu_plugin', 'ld_library_path_lib')
[0.455s] INFO:colcon.colcon_core.shell:Creating environment hook '/home/sourav/ROS2-Self-Driving-Robot/control/bumperbot_ws/install/rviz_imu_plugin/share/rviz_imu_plugin/hook/ld_library_path_lib.ps1'
[0.455s] INFO:colcon.colcon_core.shell:Creating environment descriptor '/home/sourav/ROS2-Self-Driving-Robot/control/bumperbot_ws/install/rviz_imu_plugin/share/rviz_imu_plugin/hook/ld_library_path_lib.dsv'
[0.456s] INFO:colcon.colcon_core.shell:Creating environment hook '/home/sourav/ROS2-Self-Driving-Robot/control/bumperbot_ws/install/rviz_imu_plugin/share/rviz_imu_plugin/hook/ld_library_path_lib.sh'
[0.456s] Level 1:colcon.colcon_core.environment:checking '/home/sourav/ROS2-Self-Driving-Robot/control/bumperbot_ws/install/rviz_imu_plugin/bin'
[0.456s] Level 1:colcon.colcon_core.environment:checking '/home/sourav/ROS2-Self-Driving-Robot/control/bumperbot_ws/install/rviz_imu_plugin/lib/pkgconfig/rviz_imu_plugin.pc'
[0.457s] Level 1:colcon.colcon_core.environment:checking '/home/sourav/ROS2-Self-Driving-Robot/control/bumperbot_ws/install/rviz_imu_plugin/lib/python3.10/site-packages'
[0.457s] Level 1:colcon.colcon_core.environment:checking '/home/sourav/ROS2-Self-Driving-Robot/control/bumperbot_ws/install/rviz_imu_plugin/bin'
[0.457s] INFO:colcon.colcon_core.shell:Creating package script '/home/sourav/ROS2-Self-Driving-Robot/control/bumperbot_ws/install/rviz_imu_plugin/share/rviz_imu_plugin/package.ps1'
[0.458s] INFO:colcon.colcon_core.shell:Creating package descriptor '/home/sourav/ROS2-Self-Driving-Robot/control/bumperbot_ws/install/rviz_imu_plugin/share/rviz_imu_plugin/package.dsv'
[0.459s] INFO:colcon.colcon_core.shell:Creating package script '/home/sourav/ROS2-Self-Driving-Robot/control/bumperbot_ws/install/rviz_imu_plugin/share/rviz_imu_plugin/package.sh'
[0.459s] INFO:colcon.colcon_core.shell:Creating package script '/home/sourav/ROS2-Self-Driving-Robot/control/bumperbot_ws/install/rviz_imu_plugin/share/rviz_imu_plugin/package.bash'
[0.460s] INFO:colcon.colcon_core.shell:Creating package script '/home/sourav/ROS2-Self-Driving-Robot/control/bumperbot_ws/install/rviz_imu_plugin/share/rviz_imu_plugin/package.zsh'
[0.460s] Level 1:colcon.colcon_core.environment:create_file_with_runtime_dependencies(/home/sourav/ROS2-Self-Driving-Robot/control/bumperbot_ws/install/rviz_imu_plugin/share/colcon-core/packages/rviz_imu_plugin)
[0.461s] Level 1:colcon.colcon_core.environment:create_environment_scripts_only(rviz_imu_plugin)
[0.461s] Level 1:colcon.colcon_core.environment:checking '/home/sourav/ROS2-Self-Driving-Robot/control/bumperbot_ws/install/rviz_imu_plugin' for CMake module files
[0.462s] Level 1:colcon.colcon_core.environment:checking '/home/sourav/ROS2-Self-Driving-Robot/control/bumperbot_ws/install/rviz_imu_plugin' for CMake config files
[0.462s] Level 1:colcon.colcon_core.shell:create_environment_hook('rviz_imu_plugin', 'cmake_prefix_path')
[0.463s] INFO:colcon.colcon_core.shell:Creating environment hook '/home/sourav/ROS2-Self-Driving-Robot/control/bumperbot_ws/install/rviz_imu_plugin/share/rviz_imu_plugin/hook/cmake_prefix_path.ps1'
[0.463s] INFO:colcon.colcon_core.shell:Creating environment descriptor '/home/sourav/ROS2-Self-Driving-Robot/control/bumperbot_ws/install/rviz_imu_plugin/share/rviz_imu_plugin/hook/cmake_prefix_path.dsv'
[0.464s] INFO:colcon.colcon_core.shell:Creating environment hook '/home/sourav/ROS2-Self-Driving-Robot/control/bumperbot_ws/install/rviz_imu_plugin/share/rviz_imu_plugin/hook/cmake_prefix_path.sh'
[0.465s] Level 1:colcon.colcon_core.environment:checking '/home/sourav/ROS2-Self-Driving-Robot/control/bumperbot_ws/install/rviz_imu_plugin/lib'
[0.465s] Level 1:colcon.colcon_core.shell:create_environment_hook('rviz_imu_plugin', 'ld_library_path_lib')
[0.465s] INFO:colcon.colcon_core.shell:Creating environment hook '/home/sourav/ROS2-Self-Driving-Robot/control/bumperbot_ws/install/rviz_imu_plugin/share/rviz_imu_plugin/hook/ld_library_path_lib.ps1'
[0.465s] INFO:colcon.colcon_core.shell:Creating environment descriptor '/home/sourav/ROS2-Self-Driving-Robot/control/bumperbot_ws/install/rviz_imu_plugin/share/rviz_imu_plugin/hook/ld_library_path_lib.dsv'
[0.466s] INFO:colcon.colcon_core.shell:Creating environment hook '/home/sourav/ROS2-Self-Driving-Robot/control/bumperbot_ws/install/rviz_imu_plugin/share/rviz_imu_plugin/hook/ld_library_path_lib.sh'
[0.466s] Level 1:colcon.colcon_core.environment:checking '/home/sourav/ROS2-Self-Driving-Robot/control/bumperbot_ws/install/rviz_imu_plugin/bin'
[0.467s] Level 1:colcon.colcon_core.environment:checking '/home/sourav/ROS2-Self-Driving-Robot/control/bumperbot_ws/install/rviz_imu_plugin/lib/pkgconfig/rviz_imu_plugin.pc'
[0.467s] Level 1:colcon.colcon_core.environment:checking '/home/sourav/ROS2-Self-Driving-Robot/control/bumperbot_ws/install/rviz_imu_plugin/lib/python3.10/site-packages'
[0.467s] Level 1:colcon.colcon_core.environment:checking '/home/sourav/ROS2-Self-Driving-Robot/control/bumperbot_ws/install/rviz_imu_plugin/bin'
[0.468s] INFO:colcon.colcon_core.shell:Creating package script '/home/sourav/ROS2-Self-Driving-Robot/control/bumperbot_ws/install/rviz_imu_plugin/share/rviz_imu_plugin/package.ps1'
[0.468s] INFO:colcon.colcon_core.shell:Creating package descriptor '/home/sourav/ROS2-Self-Driving-Robot/control/bumperbot_ws/install/rviz_imu_plugin/share/rviz_imu_plugin/package.dsv'
[0.469s] INFO:colcon.colcon_core.shell:Creating package script '/home/sourav/ROS2-Self-Driving-Robot/control/bumperbot_ws/install/rviz_imu_plugin/share/rviz_imu_plugin/package.sh'
[0.470s] INFO:colcon.colcon_core.shell:Creating package script '/home/sourav/ROS2-Self-Driving-Robot/control/bumperbot_ws/install/rviz_imu_plugin/share/rviz_imu_plugin/package.bash'
[0.470s] INFO:colcon.colcon_core.shell:Creating package script '/home/sourav/ROS2-Self-Driving-Robot/control/bumperbot_ws/install/rviz_imu_plugin/share/rviz_imu_plugin/package.zsh'
[0.471s] Level 1:colcon.colcon_core.environment:create_file_with_runtime_dependencies(/home/sourav/ROS2-Self-Driving-Robot/control/bumperbot_ws/install/rviz_imu_plugin/share/colcon-core/packages/rviz_imu_plugin)
[0.471s] INFO:colcon.colcon_ros.task.ament_cmake.build:Building ROS package in '/home/sourav/ROS2-Self-Driving-Robot/control/bumperbot_ws/src/imu_tools/imu_tools' with build type 'ament_cmake'
[0.471s] INFO:colcon.colcon_cmake.task.cmake.build:Building CMake package in '/home/sourav/ROS2-Self-Driving-Robot/control/bumperbot_ws/src/imu_tools/imu_tools'
[0.472s] INFO:colcon.colcon_core.shell:Skip shell extension 'powershell' for command environment: Not usable outside of PowerShell
[0.472s] DEBUG:colcon.colcon_core.shell:Skip shell extension 'dsv' for command environment
[0.490s] DEBUG:colcon.colcon_core.event_handler.log_command:Invoking command in '/home/sourav/ROS2-Self-Driving-Robot/control/bumperbot_ws/build/imu_tools': AMENT_PREFIX_PATH=/home/sourav/ROS2-Self-Driving-Robot/control/bumperbot_ws/install/rviz_imu_plugin:/home/sourav/ROS2-Self-Driving-Robot/control/bumperbot_ws/install/imu_filter_madgwick:/home/sourav/ROS2-Self-Driving-Robot/control/bumperbot_ws/install/imu_complementary_filter:${AMENT_PREFIX_PATH} CMAKE_PREFIX_PATH=/home/sourav/ROS2-Self-Driving-Robot/control/bumperbot_ws/install/rviz_imu_plugin:/home/sourav/ROS2-Self-Driving-Robot/control/bumperbot_ws/install/imu_filter_madgwick:/home/sourav/ROS2-Self-Driving-Robot/control/bumperbot_ws/install/imu_complementary_filter:/opt/ros/humble LD_LIBRARY_PATH=/home/sourav/ROS2-Self-Driving-Robot/control/bumperbot_ws/install/rviz_imu_plugin/lib:/home/sourav/ROS2-Self-Driving-Robot/control/bumperbot_ws/install/imu_filter_madgwick/lib:/home/sourav/ROS2-Self-Driving-Robot/control/bumperbot_ws/install/imu_complementary_filter/lib:${LD_LIBRARY_PATH} /usr/bin/cmake --build /home/sourav/ROS2-Self-Driving-Robot/control/bumperbot_ws/build/imu_tools -- -j16 -l16
[0.524s] DEBUG:colcon.colcon_core.event_handler.log_command:Invoked command in '/home/sourav/ROS2-Self-Driving-Robot/control/bumperbot_ws/build/imu_tools' returned '0': AMENT_PREFIX_PATH=/home/sourav/ROS2-Self-Driving-Robot/control/bumperbot_ws/install/rviz_imu_plugin:/home/sourav/ROS2-Self-Driving-Robot/control/bumperbot_ws/install/imu_filter_madgwick:/home/sourav/ROS2-Self-Driving-Robot/control/bumperbot_ws/install/imu_complementary_filter:${AMENT_PREFIX_PATH} CMAKE_PREFIX_PATH=/home/sourav/ROS2-Self-Driving-Robot/control/bumperbot_ws/install/rviz_imu_plugin:/home/sourav/ROS2-Self-Driving-Robot/control/bumperbot_ws/install/imu_filter_madgwick:/home/sourav/ROS2-Self-Driving-Robot/control/bumperbot_ws/install/imu_complementary_filter:/opt/ros/humble LD_LIBRARY_PATH=/home/sourav/ROS2-Self-Driving-Robot/control/bumperbot_ws/install/rviz_imu_plugin/lib:/home/sourav/ROS2-Self-Driving-Robot/control/bumperbot_ws/install/imu_filter_madgwick/lib:/home/sourav/ROS2-Self-Driving-Robot/control/bumperbot_ws/install/imu_complementary_filter/lib:${LD_LIBRARY_PATH} /usr/bin/cmake --build /home/sourav/ROS2-Self-Driving-Robot/control/bumperbot_ws/build/imu_tools -- -j16 -l16
[0.526s] DEBUG:colcon.colcon_core.event_handler.log_command:Invoking command in '/home/sourav/ROS2-Self-Driving-Robot/control/bumperbot_ws/build/imu_tools': AMENT_PREFIX_PATH=/home/sourav/ROS2-Self-Driving-Robot/control/bumperbot_ws/install/rviz_imu_plugin:/home/sourav/ROS2-Self-Driving-Robot/control/bumperbot_ws/install/imu_filter_madgwick:/home/sourav/ROS2-Self-Driving-Robot/control/bumperbot_ws/install/imu_complementary_filter:${AMENT_PREFIX_PATH} CMAKE_PREFIX_PATH=/home/sourav/ROS2-Self-Driving-Robot/control/bumperbot_ws/install/rviz_imu_plugin:/home/sourav/ROS2-Self-Driving-Robot/control/bumperbot_ws/install/imu_filter_madgwick:/home/sourav/ROS2-Self-Driving-Robot/control/bumperbot_ws/install/imu_complementary_filter:/opt/ros/humble LD_LIBRARY_PATH=/home/sourav/ROS2-Self-Driving-Robot/control/bumperbot_ws/install/rviz_imu_plugin/lib:/home/sourav/ROS2-Self-Driving-Robot/control/bumperbot_ws/install/imu_filter_madgwick/lib:/home/sourav/ROS2-Self-Driving-Robot/control/bumperbot_ws/install/imu_complementary_filter/lib:${LD_LIBRARY_PATH} /usr/bin/cmake --install /home/sourav/ROS2-Self-Driving-Robot/control/bumperbot_ws/build/imu_tools
[0.534s] Level 1:colcon.colcon_core.environment:create_environment_scripts_only(imu_tools)
[0.535s] Level 1:colcon.colcon_core.environment:checking '/home/sourav/ROS2-Self-Driving-Robot/control/bumperbot_ws/install/imu_tools' for CMake module files
[0.535s] DEBUG:colcon.colcon_core.event_handler.log_command:Invoked command in '/home/sourav/ROS2-Self-Driving-Robot/control/bumperbot_ws/build/imu_tools' returned '0': AMENT_PREFIX_PATH=/home/sourav/ROS2-Self-Driving-Robot/control/bumperbot_ws/install/rviz_imu_plugin:/home/sourav/ROS2-Self-Driving-Robot/control/bumperbot_ws/install/imu_filter_madgwick:/home/sourav/ROS2-Self-Driving-Robot/control/bumperbot_ws/install/imu_complementary_filter:${AMENT_PREFIX_PATH} CMAKE_PREFIX_PATH=/home/sourav/ROS2-Self-Driving-Robot/control/bumperbot_ws/install/rviz_imu_plugin:/home/sourav/ROS2-Self-Driving-Robot/control/bumperbot_ws/install/imu_filter_madgwick:/home/sourav/ROS2-Self-Driving-Robot/control/bumperbot_ws/install/imu_complementary_filter:/opt/ros/humble LD_LIBRARY_PATH=/home/sourav/ROS2-Self-Driving-Robot/control/bumperbot_ws/install/rviz_imu_plugin/lib:/home/sourav/ROS2-Self-Driving-Robot/control/bumperbot_ws/install/imu_filter_madgwick/lib:/home/sourav/ROS2-Self-Driving-Robot/control/bumperbot_ws/install/imu_complementary_filter/lib:${LD_LIBRARY_PATH} /usr/bin/cmake --install /home/sourav/ROS2-Self-Driving-Robot/control/bumperbot_ws/build/imu_tools
[0.536s] Level 1:colcon.colcon_core.environment:checking '/home/sourav/ROS2-Self-Driving-Robot/control/bumperbot_ws/install/imu_tools' for CMake config files
[0.536s] Level 1:colcon.colcon_core.shell:create_environment_hook('imu_tools', 'cmake_prefix_path')
[0.537s] INFO:colcon.colcon_core.shell:Creating environment hook '/home/sourav/ROS2-Self-Driving-Robot/control/bumperbot_ws/install/imu_tools/share/imu_tools/hook/cmake_prefix_path.ps1'
[0.537s] INFO:colcon.colcon_core.shell:Creating environment descriptor '/home/sourav/ROS2-Self-Driving-Robot/control/bumperbot_ws/install/imu_tools/share/imu_tools/hook/cmake_prefix_path.dsv'
[0.538s] INFO:colcon.colcon_core.shell:Creating environment hook '/home/sourav/ROS2-Self-Driving-Robot/control/bumperbot_ws/install/imu_tools/share/imu_tools/hook/cmake_prefix_path.sh'
[0.538s] Level 1:colcon.colcon_core.environment:checking '/home/sourav/ROS2-Self-Driving-Robot/control/bumperbot_ws/install/imu_tools/bin'
[0.538s] Level 1:colcon.colcon_core.environment:checking '/home/sourav/ROS2-Self-Driving-Robot/control/bumperbot_ws/install/imu_tools/lib/pkgconfig/imu_tools.pc'
[0.539s] Level 1:colcon.colcon_core.environment:checking '/home/sourav/ROS2-Self-Driving-Robot/control/bumperbot_ws/install/imu_tools/lib/python3.10/site-packages'
[0.539s] Level 1:colcon.colcon_core.environment:checking '/home/sourav/ROS2-Self-Driving-Robot/control/bumperbot_ws/install/imu_tools/bin'
[0.539s] INFO:colcon.colcon_core.shell:Creating package script '/home/sourav/ROS2-Self-Driving-Robot/control/bumperbot_ws/install/imu_tools/share/imu_tools/package.ps1'
[0.540s] INFO:colcon.colcon_core.shell:Creating package descriptor '/home/sourav/ROS2-Self-Driving-Robot/control/bumperbot_ws/install/imu_tools/share/imu_tools/package.dsv'
[0.541s] INFO:colcon.colcon_core.shell:Creating package script '/home/sourav/ROS2-Self-Driving-Robot/control/bumperbot_ws/install/imu_tools/share/imu_tools/package.sh'
[0.541s] INFO:colcon.colcon_core.shell:Creating package script '/home/sourav/ROS2-Self-Driving-Robot/control/bumperbot_ws/install/imu_tools/share/imu_tools/package.bash'
[0.541s] INFO:colcon.colcon_core.shell:Creating package script '/home/sourav/ROS2-Self-Driving-Robot/control/bumperbot_ws/install/imu_tools/share/imu_tools/package.zsh'
[0.542s] Level 1:colcon.colcon_core.environment:create_file_with_runtime_dependencies(/home/sourav/ROS2-Self-Driving-Robot/control/bumperbot_ws/install/imu_tools/share/colcon-core/packages/imu_tools)
[0.543s] Level 1:colcon.colcon_core.environment:create_environment_scripts_only(imu_tools)
[0.543s] Level 1:colcon.colcon_core.environment:checking '/home/sourav/ROS2-Self-Driving-Robot/control/bumperbot_ws/install/imu_tools' for CMake module files
[0.543s] Level 1:colcon.colcon_core.environment:checking '/home/sourav/ROS2-Self-Driving-Robot/control/bumperbot_ws/install/imu_tools' for CMake config files
[0.543s] Level 1:colcon.colcon_core.shell:create_environment_hook('imu_tools', 'cmake_prefix_path')
[0.543s] INFO:colcon.colcon_core.shell:Creating environment hook '/home/sourav/ROS2-Self-Driving-Robot/control/bumperbot_ws/install/imu_tools/share/imu_tools/hook/cmake_prefix_path.ps1'
[0.544s] INFO:colcon.colcon_core.shell:Creating environment descriptor '/home/sourav/ROS2-Self-Driving-Robot/control/bumperbot_ws/install/imu_tools/share/imu_tools/hook/cmake_prefix_path.dsv'
[0.544s] INFO:colcon.colcon_core.shell:Creating environment hook '/home/sourav/ROS2-Self-Driving-Robot/control/bumperbot_ws/install/imu_tools/share/imu_tools/hook/cmake_prefix_path.sh'
[0.544s] Level 1:colcon.colcon_core.environment:checking '/home/sourav/ROS2-Self-Driving-Robot/control/bumperbot_ws/install/imu_tools/bin'
[0.544s] Level 1:colcon.colcon_core.environment:checking '/home/sourav/ROS2-Self-Driving-Robot/control/bumperbot_ws/install/imu_tools/lib/pkgconfig/imu_tools.pc'
[0.545s] Level 1:colcon.colcon_core.environment:checking '/home/sourav/ROS2-Self-Driving-Robot/control/bumperbot_ws/install/imu_tools/lib/python3.10/site-packages'
[0.545s] Level 1:colcon.colcon_core.environment:checking '/home/sourav/ROS2-Self-Driving-Robot/control/bumperbot_ws/install/imu_tools/bin'
[0.545s] INFO:colcon.colcon_core.shell:Creating package script '/home/sourav/ROS2-Self-Driving-Robot/control/bumperbot_ws/install/imu_tools/share/imu_tools/package.ps1'
[0.546s] INFO:colcon.colcon_core.shell:Creating package descriptor '/home/sourav/ROS2-Self-Driving-Robot/control/bumperbot_ws/install/imu_tools/share/imu_tools/package.dsv'
[0.547s] INFO:colcon.colcon_core.shell:Creating package script '/home/sourav/ROS2-Self-Driving-Robot/control/bumperbot_ws/install/imu_tools/share/imu_tools/package.sh'
[0.547s] INFO:colcon.colcon_core.shell:Creating package script '/home/sourav/ROS2-Self-Driving-Robot/control/bumperbot_ws/install/imu_tools/share/imu_tools/package.bash'
[0.548s] INFO:colcon.colcon_core.shell:Creating package script '/home/sourav/ROS2-Self-Driving-Robot/control/bumperbot_ws/install/imu_tools/share/imu_tools/package.zsh'
[0.548s] Level 1:colcon.colcon_core.environment:create_file_with_runtime_dependencies(/home/sourav/ROS2-Self-Driving-Robot/control/bumperbot_ws/install/imu_tools/share/colcon-core/packages/imu_tools)
[0.570s] DEBUG:colcon.colcon_core.event_handler.log_command:Invoked command in '/home/sourav/ROS2-Self-Driving-Robot/control/bumperbot_ws/build/bumperbot_msgs' returned '0': CMAKE_PREFIX_PATH=/opt/ros/humble /usr/bin/cmake --build /home/sourav/ROS2-Self-Driving-Robot/control/bumperbot_ws/build/bumperbot_msgs -- -j16 -l16
[0.573s] DEBUG:colcon.colcon_core.event_handler.log_command:Invoking command in '/home/sourav/ROS2-Self-Driving-Robot/control/bumperbot_ws/build/bumperbot_msgs': CMAKE_PREFIX_PATH=/opt/ros/humble /usr/bin/cmake --install /home/sourav/ROS2-Self-Driving-Robot/control/bumperbot_ws/build/bumperbot_msgs
[0.591s] DEBUG:colcon.colcon_core.event_handler.log_command:Invoked command in '/home/sourav/ROS2-Self-Driving-Robot/control/bumperbot_ws/build/bumperbot_firmware' returned '0': CMAKE_PREFIX_PATH=/opt/ros/humble /usr/bin/cmake --build /home/sourav/ROS2-Self-Driving-Robot/control/bumperbot_ws/build/bumperbot_firmware -- -j16 -l16
[0.594s] DEBUG:colcon.colcon_core.event_handler.log_command:Invoking command in '/home/sourav/ROS2-Self-Driving-Robot/control/bumperbot_ws/build/bumperbot_firmware': CMAKE_PREFIX_PATH=/opt/ros/humble /usr/bin/cmake --install /home/sourav/ROS2-Self-Driving-Robot/control/bumperbot_ws/build/bumperbot_firmware
[0.618s] Level 1:colcon.colcon_core.environment:create_environment_scripts_only(bumperbot_msgs)
[0.619s] Level 1:colcon.colcon_core.environment:checking '/home/sourav/ROS2-Self-Driving-Robot/control/bumperbot_ws/install/bumperbot_msgs' for CMake module files
[0.620s] DEBUG:colcon.colcon_core.event_handler.log_command:Invoked command in '/home/sourav/ROS2-Self-Driving-Robot/control/bumperbot_ws/build/bumperbot_msgs' returned '0': CMAKE_PREFIX_PATH=/opt/ros/humble /usr/bin/cmake --install /home/sourav/ROS2-Self-Driving-Robot/control/bumperbot_ws/build/bumperbot_msgs
[0.620s] Level 1:colcon.colcon_core.environment:checking '/home/sourav/ROS2-Self-Driving-Robot/control/bumperbot_ws/install/bumperbot_msgs' for CMake config files
[0.621s] Level 1:colcon.colcon_core.shell:create_environment_hook('bumperbot_msgs', 'cmake_prefix_path')
[0.622s] INFO:colcon.colcon_core.shell:Creating environment hook '/home/sourav/ROS2-Self-Driving-Robot/control/bumperbot_ws/install/bumperbot_msgs/share/bumperbot_msgs/hook/cmake_prefix_path.ps1'
[0.622s] INFO:colcon.colcon_core.shell:Creating environment descriptor '/home/sourav/ROS2-Self-Driving-Robot/control/bumperbot_ws/install/bumperbot_msgs/share/bumperbot_msgs/hook/cmake_prefix_path.dsv'
[0.623s] INFO:colcon.colcon_core.shell:Creating environment hook '/home/sourav/ROS2-Self-Driving-Robot/control/bumperbot_ws/install/bumperbot_msgs/share/bumperbot_msgs/hook/cmake_prefix_path.sh'
[0.623s] Level 1:colcon.colcon_core.environment:checking '/home/sourav/ROS2-Self-Driving-Robot/control/bumperbot_ws/install/bumperbot_msgs/lib'
[0.624s] Level 1:colcon.colcon_core.shell:create_environment_hook('bumperbot_msgs', 'ld_library_path_lib')
[0.624s] INFO:colcon.colcon_core.shell:Creating environment hook '/home/sourav/ROS2-Self-Driving-Robot/control/bumperbot_ws/install/bumperbot_msgs/share/bumperbot_msgs/hook/ld_library_path_lib.ps1'
[0.624s] INFO:colcon.colcon_core.shell:Creating environment descriptor '/home/sourav/ROS2-Self-Driving-Robot/control/bumperbot_ws/install/bumperbot_msgs/share/bumperbot_msgs/hook/ld_library_path_lib.dsv'
[0.625s] INFO:colcon.colcon_core.shell:Creating environment hook '/home/sourav/ROS2-Self-Driving-Robot/control/bumperbot_ws/install/bumperbot_msgs/share/bumperbot_msgs/hook/ld_library_path_lib.sh'
[0.625s] Level 1:colcon.colcon_core.environment:checking '/home/sourav/ROS2-Self-Driving-Robot/control/bumperbot_ws/install/bumperbot_msgs/bin'
[0.625s] Level 1:colcon.colcon_core.environment:checking '/home/sourav/ROS2-Self-Driving-Robot/control/bumperbot_ws/install/bumperbot_msgs/lib/pkgconfig/bumperbot_msgs.pc'
[0.626s] Level 1:colcon.colcon_core.environment:checking '/home/sourav/ROS2-Self-Driving-Robot/control/bumperbot_ws/install/bumperbot_msgs/lib/python3.10/site-packages'
[0.626s] Level 1:colcon.colcon_core.environment:checking '/home/sourav/ROS2-Self-Driving-Robot/control/bumperbot_ws/install/bumperbot_msgs/bin'
[0.626s] INFO:colcon.colcon_core.shell:Creating package script '/home/sourav/ROS2-Self-Driving-Robot/control/bumperbot_ws/install/bumperbot_msgs/share/bumperbot_msgs/package.ps1'
[0.627s] INFO:colcon.colcon_core.shell:Creating package descriptor '/home/sourav/ROS2-Self-Driving-Robot/control/bumperbot_ws/install/bumperbot_msgs/share/bumperbot_msgs/package.dsv'
[0.628s] INFO:colcon.colcon_core.shell:Creating package script '/home/sourav/ROS2-Self-Driving-Robot/control/bumperbot_ws/install/bumperbot_msgs/share/bumperbot_msgs/package.sh'
[0.629s] INFO:colcon.colcon_core.shell:Creating package script '/home/sourav/ROS2-Self-Driving-Robot/control/bumperbot_ws/install/bumperbot_msgs/share/bumperbot_msgs/package.bash'
[0.629s] INFO:colcon.colcon_core.shell:Creating package script '/home/sourav/ROS2-Self-Driving-Robot/control/bumperbot_ws/install/bumperbot_msgs/share/bumperbot_msgs/package.zsh'
[0.630s] Level 1:colcon.colcon_core.environment:create_file_with_runtime_dependencies(/home/sourav/ROS2-Self-Driving-Robot/control/bumperbot_ws/install/bumperbot_msgs/share/colcon-core/packages/bumperbot_msgs)
[0.630s] Level 1:colcon.colcon_core.environment:create_environment_scripts_only(bumperbot_msgs)
[0.631s] Level 1:colcon.colcon_core.environment:checking '/home/sourav/ROS2-Self-Driving-Robot/control/bumperbot_ws/install/bumperbot_msgs' for CMake module files
[0.632s] Level 1:colcon.colcon_core.environment:checking '/home/sourav/ROS2-Self-Driving-Robot/control/bumperbot_ws/install/bumperbot_msgs' for CMake config files
[0.633s] Level 1:colcon.colcon_core.shell:create_environment_hook('bumperbot_msgs', 'cmake_prefix_path')
[0.633s] INFO:colcon.colcon_core.shell:Creating environment hook '/home/sourav/ROS2-Self-Driving-Robot/control/bumperbot_ws/install/bumperbot_msgs/share/bumperbot_msgs/hook/cmake_prefix_path.ps1'
[0.633s] INFO:colcon.colcon_core.shell:Creating environment descriptor '/home/sourav/ROS2-Self-Driving-Robot/control/bumperbot_ws/install/bumperbot_msgs/share/bumperbot_msgs/hook/cmake_prefix_path.dsv'
[0.634s] INFO:colcon.colcon_core.shell:Creating environment hook '/home/sourav/ROS2-Self-Driving-Robot/control/bumperbot_ws/install/bumperbot_msgs/share/bumperbot_msgs/hook/cmake_prefix_path.sh'
[0.635s] Level 1:colcon.colcon_core.environment:checking '/home/sourav/ROS2-Self-Driving-Robot/control/bumperbot_ws/install/bumperbot_msgs/lib'
[0.635s] Level 1:colcon.colcon_core.shell:create_environment_hook('bumperbot_msgs', 'ld_library_path_lib')
[0.635s] INFO:colcon.colcon_core.shell:Creating environment hook '/home/sourav/ROS2-Self-Driving-Robot/control/bumperbot_ws/install/bumperbot_msgs/share/bumperbot_msgs/hook/ld_library_path_lib.ps1'
[0.636s] INFO:colcon.colcon_core.shell:Creating environment descriptor '/home/sourav/ROS2-Self-Driving-Robot/control/bumperbot_ws/install/bumperbot_msgs/share/bumperbot_msgs/hook/ld_library_path_lib.dsv'
[0.637s] INFO:colcon.colcon_core.shell:Creating environment hook '/home/sourav/ROS2-Self-Driving-Robot/control/bumperbot_ws/install/bumperbot_msgs/share/bumperbot_msgs/hook/ld_library_path_lib.sh'
[0.637s] Level 1:colcon.colcon_core.environment:checking '/home/sourav/ROS2-Self-Driving-Robot/control/bumperbot_ws/install/bumperbot_msgs/bin'
[0.637s] Level 1:colcon.colcon_core.environment:checking '/home/sourav/ROS2-Self-Driving-Robot/control/bumperbot_ws/install/bumperbot_msgs/lib/pkgconfig/bumperbot_msgs.pc'
[0.637s] Level 1:colcon.colcon_core.environment:checking '/home/sourav/ROS2-Self-Driving-Robot/control/bumperbot_ws/install/bumperbot_msgs/lib/python3.10/site-packages'
[0.637s] Level 1:colcon.colcon_core.environment:checking '/home/sourav/ROS2-Self-Driving-Robot/control/bumperbot_ws/install/bumperbot_msgs/bin'
[0.638s] INFO:colcon.colcon_core.shell:Creating package script '/home/sourav/ROS2-Self-Driving-Robot/control/bumperbot_ws/install/bumperbot_msgs/share/bumperbot_msgs/package.ps1'
[0.638s] INFO:colcon.colcon_core.shell:Creating package descriptor '/home/sourav/ROS2-Self-Driving-Robot/control/bumperbot_ws/install/bumperbot_msgs/share/bumperbot_msgs/package.dsv'
[0.638s] INFO:colcon.colcon_core.shell:Creating package script '/home/sourav/ROS2-Self-Driving-Robot/control/bumperbot_ws/install/bumperbot_msgs/share/bumperbot_msgs/package.sh'
[0.639s] INFO:colcon.colcon_core.shell:Creating package script '/home/sourav/ROS2-Self-Driving-Robot/control/bumperbot_ws/install/bumperbot_msgs/share/bumperbot_msgs/package.bash'
[0.639s] INFO:colcon.colcon_core.shell:Creating package script '/home/sourav/ROS2-Self-Driving-Robot/control/bumperbot_ws/install/bumperbot_msgs/share/bumperbot_msgs/package.zsh'
[0.639s] Level 1:colcon.colcon_core.environment:create_file_with_runtime_dependencies(/home/sourav/ROS2-Self-Driving-Robot/control/bumperbot_ws/install/bumperbot_msgs/share/colcon-core/packages/bumperbot_msgs)
[0.640s] INFO:colcon.colcon_ros.task.ament_cmake.build:Building ROS package in '/home/sourav/ROS2-Self-Driving-Robot/control/bumperbot_ws/src/bumperbot_cpp_examples' with build type 'ament_cmake'
[0.640s] INFO:colcon.colcon_cmake.task.cmake.build:Building CMake package in '/home/sourav/ROS2-Self-Driving-Robot/control/bumperbot_ws/src/bumperbot_cpp_examples'
[0.640s] INFO:colcon.colcon_core.shell:Skip shell extension 'powershell' for command environment: Not usable outside of PowerShell
[0.640s] DEBUG:colcon.colcon_core.shell:Skip shell extension 'dsv' for command environment
[0.643s] INFO:colcon.colcon_ros.task.ament_python.build:Building ROS package in '/home/sourav/ROS2-Self-Driving-Robot/control/bumperbot_ws/src/bumperbot_py_examples' with build type 'ament_python'
[0.643s] Level 1:colcon.colcon_core.shell:create_environment_hook('bumperbot_py_examples', 'ament_prefix_path')
[0.643s] INFO:colcon.colcon_core.shell:Creating environment hook '/home/sourav/ROS2-Self-Driving-Robot/control/bumperbot_ws/install/bumperbot_py_examples/share/bumperbot_py_examples/hook/ament_prefix_path.ps1'
[0.643s] INFO:colcon.colcon_core.shell:Creating environment descriptor '/home/sourav/ROS2-Self-Driving-Robot/control/bumperbot_ws/install/bumperbot_py_examples/share/bumperbot_py_examples/hook/ament_prefix_path.dsv'
[0.644s] INFO:colcon.colcon_core.shell:Creating environment hook '/home/sourav/ROS2-Self-Driving-Robot/control/bumperbot_ws/install/bumperbot_py_examples/share/bumperbot_py_examples/hook/ament_prefix_path.sh'
[0.644s] INFO:colcon.colcon_core.shell:Skip shell extension 'powershell' for command environment: Not usable outside of PowerShell
[0.644s] DEBUG:colcon.colcon_core.shell:Skip shell extension 'dsv' for command environment
[0.647s] Level 1:colcon.colcon_core.environment:create_environment_scripts_only(bumperbot_firmware)
[0.648s] Level 1:colcon.colcon_core.environment:checking '/home/sourav/ROS2-Self-Driving-Robot/control/bumperbot_ws/install/bumperbot_firmware' for CMake module files
[0.648s] DEBUG:colcon.colcon_core.event_handler.log_command:Invoked command in '/home/sourav/ROS2-Self-Driving-Robot/control/bumperbot_ws/build/bumperbot_firmware' returned '0': CMAKE_PREFIX_PATH=/opt/ros/humble /usr/bin/cmake --install /home/sourav/ROS2-Self-Driving-Robot/control/bumperbot_ws/build/bumperbot_firmware
[0.648s] Level 1:colcon.colcon_core.environment:checking '/home/sourav/ROS2-Self-Driving-Robot/control/bumperbot_ws/install/bumperbot_firmware' for CMake config files
[0.649s] Level 1:colcon.colcon_core.shell:create_environment_hook('bumperbot_firmware', 'cmake_prefix_path')
[0.649s] INFO:colcon.colcon_core.shell:Creating environment hook '/home/sourav/ROS2-Self-Driving-Robot/control/bumperbot_ws/install/bumperbot_firmware/share/bumperbot_firmware/hook/cmake_prefix_path.ps1'
[0.649s] INFO:colcon.colcon_core.shell:Creating environment descriptor '/home/sourav/ROS2-Self-Driving-Robot/control/bumperbot_ws/install/bumperbot_firmware/share/bumperbot_firmware/hook/cmake_prefix_path.dsv'
[0.650s] INFO:colcon.colcon_core.shell:Creating environment hook '/home/sourav/ROS2-Self-Driving-Robot/control/bumperbot_ws/install/bumperbot_firmware/share/bumperbot_firmware/hook/cmake_prefix_path.sh'
[0.650s] Level 1:colcon.colcon_core.environment:checking '/home/sourav/ROS2-Self-Driving-Robot/control/bumperbot_ws/install/bumperbot_firmware/lib'
[0.650s] Level 1:colcon.colcon_core.shell:create_environment_hook('bumperbot_firmware', 'ld_library_path_lib')
[0.650s] INFO:colcon.colcon_core.shell:Creating environment hook '/home/sourav/ROS2-Self-Driving-Robot/control/bumperbot_ws/install/bumperbot_firmware/share/bumperbot_firmware/hook/ld_library_path_lib.ps1'
[0.651s] INFO:colcon.colcon_core.shell:Creating environment descriptor '/home/sourav/ROS2-Self-Driving-Robot/control/bumperbot_ws/install/bumperbot_firmware/share/bumperbot_firmware/hook/ld_library_path_lib.dsv'
[0.651s] INFO:colcon.colcon_core.shell:Creating environment hook '/home/sourav/ROS2-Self-Driving-Robot/control/bumperbot_ws/install/bumperbot_firmware/share/bumperbot_firmware/hook/ld_library_path_lib.sh'
[0.651s] Level 1:colcon.colcon_core.environment:checking '/home/sourav/ROS2-Self-Driving-Robot/control/bumperbot_ws/install/bumperbot_firmware/bin'
[0.651s] Level 1:colcon.colcon_core.environment:checking '/home/sourav/ROS2-Self-Driving-Robot/control/bumperbot_ws/install/bumperbot_firmware/lib/pkgconfig/bumperbot_firmware.pc'
[0.651s] Level 1:colcon.colcon_core.environment:checking '/home/sourav/ROS2-Self-Driving-Robot/control/bumperbot_ws/install/bumperbot_firmware/lib/python3.10/site-packages'
[0.652s] Level 1:colcon.colcon_core.environment:checking '/home/sourav/ROS2-Self-Driving-Robot/control/bumperbot_ws/install/bumperbot_firmware/bin'
[0.652s] INFO:colcon.colcon_core.shell:Creating package script '/home/sourav/ROS2-Self-Driving-Robot/control/bumperbot_ws/install/bumperbot_firmware/share/bumperbot_firmware/package.ps1'
[0.652s] INFO:colcon.colcon_core.shell:Creating package descriptor '/home/sourav/ROS2-Self-Driving-Robot/control/bumperbot_ws/install/bumperbot_firmware/share/bumperbot_firmware/package.dsv'
[0.653s] INFO:colcon.colcon_core.shell:Creating package script '/home/sourav/ROS2-Self-Driving-Robot/control/bumperbot_ws/install/bumperbot_firmware/share/bumperbot_firmware/package.sh'
[0.653s] INFO:colcon.colcon_core.shell:Creating package script '/home/sourav/ROS2-Self-Driving-Robot/control/bumperbot_ws/install/bumperbot_firmware/share/bumperbot_firmware/package.bash'
[0.653s] INFO:colcon.colcon_core.shell:Creating package script '/home/sourav/ROS2-Self-Driving-Robot/control/bumperbot_ws/install/bumperbot_firmware/share/bumperbot_firmware/package.zsh'
[0.653s] Level 1:colcon.colcon_core.environment:create_file_with_runtime_dependencies(/home/sourav/ROS2-Self-Driving-Robot/control/bumperbot_ws/install/bumperbot_firmware/share/colcon-core/packages/bumperbot_firmware)
[0.654s] Level 1:colcon.colcon_core.environment:create_environment_scripts_only(bumperbot_firmware)
[0.654s] Level 1:colcon.colcon_core.environment:checking '/home/sourav/ROS2-Self-Driving-Robot/control/bumperbot_ws/install/bumperbot_firmware' for CMake module files
[0.654s] Level 1:colcon.colcon_core.environment:checking '/home/sourav/ROS2-Self-Driving-Robot/control/bumperbot_ws/install/bumperbot_firmware' for CMake config files
[0.654s] Level 1:colcon.colcon_core.shell:create_environment_hook('bumperbot_firmware', 'cmake_prefix_path')
[0.655s] INFO:colcon.colcon_core.shell:Creating environment hook '/home/sourav/ROS2-Self-Driving-Robot/control/bumperbot_ws/install/bumperbot_firmware/share/bumperbot_firmware/hook/cmake_prefix_path.ps1'
[0.655s] INFO:colcon.colcon_core.shell:Creating environment descriptor '/home/sourav/ROS2-Self-Driving-Robot/control/bumperbot_ws/install/bumperbot_firmware/share/bumperbot_firmware/hook/cmake_prefix_path.dsv'
[0.655s] INFO:colcon.colcon_core.shell:Creating environment hook '/home/sourav/ROS2-Self-Driving-Robot/control/bumperbot_ws/install/bumperbot_firmware/share/bumperbot_firmware/hook/cmake_prefix_path.sh'
[0.656s] Level 1:colcon.colcon_core.environment:checking '/home/sourav/ROS2-Self-Driving-Robot/control/bumperbot_ws/install/bumperbot_firmware/lib'
[0.656s] Level 1:colcon.colcon_core.shell:create_environment_hook('bumperbot_firmware', 'ld_library_path_lib')
[0.656s] INFO:colcon.colcon_core.shell:Creating environment hook '/home/sourav/ROS2-Self-Driving-Robot/control/bumperbot_ws/install/bumperbot_firmware/share/bumperbot_firmware/hook/ld_library_path_lib.ps1'
[0.656s] INFO:colcon.colcon_core.shell:Creating environment descriptor '/home/sourav/ROS2-Self-Driving-Robot/control/bumperbot_ws/install/bumperbot_firmware/share/bumperbot_firmware/hook/ld_library_path_lib.dsv'
[0.656s] INFO:colcon.colcon_core.shell:Creating environment hook '/home/sourav/ROS2-Self-Driving-Robot/control/bumperbot_ws/install/bumperbot_firmware/share/bumperbot_firmware/hook/ld_library_path_lib.sh'
[0.657s] Level 1:colcon.colcon_core.environment:checking '/home/sourav/ROS2-Self-Driving-Robot/control/bumperbot_ws/install/bumperbot_firmware/bin'
[0.657s] Level 1:colcon.colcon_core.environment:checking '/home/sourav/ROS2-Self-Driving-Robot/control/bumperbot_ws/install/bumperbot_firmware/lib/pkgconfig/bumperbot_firmware.pc'
[0.657s] Level 1:colcon.colcon_core.environment:checking '/home/sourav/ROS2-Self-Driving-Robot/control/bumperbot_ws/install/bumperbot_firmware/lib/python3.10/site-packages'
[0.657s] Level 1:colcon.colcon_core.environment:checking '/home/sourav/ROS2-Self-Driving-Robot/control/bumperbot_ws/install/bumperbot_firmware/bin'
[0.657s] INFO:colcon.colcon_core.shell:Creating package script '/home/sourav/ROS2-Self-Driving-Robot/control/bumperbot_ws/install/bumperbot_firmware/share/bumperbot_firmware/package.ps1'
[0.658s] INFO:colcon.colcon_core.shell:Creating package descriptor '/home/sourav/ROS2-Self-Driving-Robot/control/bumperbot_ws/install/bumperbot_firmware/share/bumperbot_firmware/package.dsv'
[0.658s] INFO:colcon.colcon_core.shell:Creating package script '/home/sourav/ROS2-Self-Driving-Robot/control/bumperbot_ws/install/bumperbot_firmware/share/bumperbot_firmware/package.sh'
[0.658s] INFO:colcon.colcon_core.shell:Creating package script '/home/sourav/ROS2-Self-Driving-Robot/control/bumperbot_ws/install/bumperbot_firmware/share/bumperbot_firmware/package.bash'
[0.659s] INFO:colcon.colcon_core.shell:Creating package script '/home/sourav/ROS2-Self-Driving-Robot/control/bumperbot_ws/install/bumperbot_firmware/share/bumperbot_firmware/package.zsh'
[0.659s] Level 1:colcon.colcon_core.environment:create_file_with_runtime_dependencies(/home/sourav/ROS2-Self-Driving-Robot/control/bumperbot_ws/install/bumperbot_firmware/share/colcon-core/packages/bumperbot_firmware)
[0.660s] DEBUG:colcon.colcon_core.event_handler.log_command:Invoked command in '/home/sourav/ROS2-Self-Driving-Robot/control/bumperbot_ws/build/bumperbot_utils' returned '0': CMAKE_PREFIX_PATH=/opt/ros/humble /usr/bin/cmake --build /home/sourav/ROS2-Self-Driving-Robot/control/bumperbot_ws/build/bumperbot_utils -- -j16 -l16
[0.662s] DEBUG:colcon.colcon_core.event_handler.log_command:Invoking command in '/home/sourav/ROS2-Self-Driving-Robot/control/bumperbot_ws/build/bumperbot_utils': CMAKE_PREFIX_PATH=/opt/ros/humble /usr/bin/cmake --install /home/sourav/ROS2-Self-Driving-Robot/control/bumperbot_ws/build/bumperbot_utils
[0.666s] DEBUG:colcon.colcon_core.event_handler.log_command:Invoking command in '/home/sourav/ROS2-Self-Driving-Robot/control/bumperbot_ws/build/bumperbot_cpp_examples': AMENT_PREFIX_PATH=/home/sourav/ROS2-Self-Driving-Robot/control/bumperbot_ws/install/bumperbot_msgs:${AMENT_PREFIX_PATH} CMAKE_PREFIX_PATH=/home/sourav/ROS2-Self-Driving-Robot/control/bumperbot_ws/install/bumperbot_msgs:/opt/ros/humble LD_LIBRARY_PATH=/home/sourav/ROS2-Self-Driving-Robot/control/bumperbot_ws/install/bumperbot_msgs/lib:${LD_LIBRARY_PATH} PYTHONPATH=/home/sourav/ROS2-Self-Driving-Robot/control/bumperbot_ws/install/bumperbot_msgs/local/lib/python3.10/dist-packages:${PYTHONPATH} /usr/bin/cmake --build /home/sourav/ROS2-Self-Driving-Robot/control/bumperbot_ws/build/bumperbot_cpp_examples -- -j16 -l16
[0.859s] INFO:colcon.colcon_core.task.python.build:Building Python package in '/home/sourav/ROS2-Self-Driving-Robot/control/bumperbot_ws/src/bumperbot_py_examples'
[0.860s] INFO:colcon.colcon_core.shell:Skip shell extension 'powershell' for command environment: Not usable outside of PowerShell
[0.860s] DEBUG:colcon.colcon_core.shell:Skip shell extension 'dsv' for command environment
[0.865s] DEBUG:colcon.colcon_core.event_handler.log_command:Invoked command in '/home/sourav/ROS2-Self-Driving-Robot/control/bumperbot_ws/build/bumperbot_cpp_examples' returned '0': AMENT_PREFIX_PATH=/home/sourav/ROS2-Self-Driving-Robot/control/bumperbot_ws/install/bumperbot_msgs:${AMENT_PREFIX_PATH} CMAKE_PREFIX_PATH=/home/sourav/ROS2-Self-Driving-Robot/control/bumperbot_ws/install/bumperbot_msgs:/opt/ros/humble LD_LIBRARY_PATH=/home/sourav/ROS2-Self-Driving-Robot/control/bumperbot_ws/install/bumperbot_msgs/lib:${LD_LIBRARY_PATH} PYTHONPATH=/home/sourav/ROS2-Self-Driving-Robot/control/bumperbot_ws/install/bumperbot_msgs/local/lib/python3.10/dist-packages:${PYTHONPATH} /usr/bin/cmake --build /home/sourav/ROS2-Self-Driving-Robot/control/bumperbot_ws/build/bumperbot_cpp_examples -- -j16 -l16
[0.867s] DEBUG:colcon.colcon_core.event_handler.log_command:Invoking command in '/home/sourav/ROS2-Self-Driving-Robot/control/bumperbot_ws/build/bumperbot_cpp_examples': AMENT_PREFIX_PATH=/home/sourav/ROS2-Self-Driving-Robot/control/bumperbot_ws/install/bumperbot_msgs:${AMENT_PREFIX_PATH} CMAKE_PREFIX_PATH=/home/sourav/ROS2-Self-Driving-Robot/control/bumperbot_ws/install/bumperbot_msgs:/opt/ros/humble LD_LIBRARY_PATH=/home/sourav/ROS2-Self-Driving-Robot/control/bumperbot_ws/install/bumperbot_msgs/lib:${LD_LIBRARY_PATH} PYTHONPATH=/home/sourav/ROS2-Self-Driving-Robot/control/bumperbot_ws/install/bumperbot_msgs/local/lib/python3.10/dist-packages:${PYTHONPATH} /usr/bin/cmake --install /home/sourav/ROS2-Self-Driving-Robot/control/bumperbot_ws/build/bumperbot_cpp_examples
[0.867s] Level 1:colcon.colcon_core.environment:create_environment_scripts_only(bumperbot_utils)
[0.867s] DEBUG:colcon.colcon_core.event_handler.log_command:Invoked command in '/home/sourav/ROS2-Self-Driving-Robot/control/bumperbot_ws/build/bumperbot_utils' returned '0': CMAKE_PREFIX_PATH=/opt/ros/humble /usr/bin/cmake --install /home/sourav/ROS2-Self-Driving-Robot/control/bumperbot_ws/build/bumperbot_utils
[0.867s] Level 1:colcon.colcon_core.environment:checking '/home/sourav/ROS2-Self-Driving-Robot/control/bumperbot_ws/install/bumperbot_utils' for CMake module files
[0.868s] Level 1:colcon.colcon_core.environment:checking '/home/sourav/ROS2-Self-Driving-Robot/control/bumperbot_ws/install/bumperbot_utils' for CMake config files
[0.869s] Level 1:colcon.colcon_core.shell:create_environment_hook('bumperbot_utils', 'cmake_prefix_path')
[0.869s] INFO:colcon.colcon_core.shell:Creating environment hook '/home/sourav/ROS2-Self-Driving-Robot/control/bumperbot_ws/install/bumperbot_utils/share/bumperbot_utils/hook/cmake_prefix_path.ps1'
[0.869s] INFO:colcon.colcon_core.shell:Creating environment descriptor '/home/sourav/ROS2-Self-Driving-Robot/control/bumperbot_ws/install/bumperbot_utils/share/bumperbot_utils/hook/cmake_prefix_path.dsv'
[0.870s] INFO:colcon.colcon_core.shell:Creating environment hook '/home/sourav/ROS2-Self-Driving-Robot/control/bumperbot_ws/install/bumperbot_utils/share/bumperbot_utils/hook/cmake_prefix_path.sh'
[0.870s] Level 1:colcon.colcon_core.environment:checking '/home/sourav/ROS2-Self-Driving-Robot/control/bumperbot_ws/install/bumperbot_utils/lib'
[0.870s] Level 1:colcon.colcon_core.environment:checking '/home/sourav/ROS2-Self-Driving-Robot/control/bumperbot_ws/install/bumperbot_utils/bin'
[0.871s] Level 1:colcon.colcon_core.environment:checking '/home/sourav/ROS2-Self-Driving-Robot/control/bumperbot_ws/install/bumperbot_utils/lib/pkgconfig/bumperbot_utils.pc'
[0.871s] Level 1:colcon.colcon_core.environment:checking '/home/sourav/ROS2-Self-Driving-Robot/control/bumperbot_ws/install/bumperbot_utils/lib/python3.10/site-packages'
[0.871s] Level 1:colcon.colcon_core.environment:checking '/home/sourav/ROS2-Self-Driving-Robot/control/bumperbot_ws/install/bumperbot_utils/bin'
[0.871s] INFO:colcon.colcon_core.shell:Creating package script '/home/sourav/ROS2-Self-Driving-Robot/control/bumperbot_ws/install/bumperbot_utils/share/bumperbot_utils/package.ps1'
[0.872s] INFO:colcon.colcon_core.shell:Creating package descriptor '/home/sourav/ROS2-Self-Driving-Robot/control/bumperbot_ws/install/bumperbot_utils/share/bumperbot_utils/package.dsv'
[0.872s] INFO:colcon.colcon_core.shell:Creating package script '/home/sourav/ROS2-Self-Driving-Robot/control/bumperbot_ws/install/bumperbot_utils/share/bumperbot_utils/package.sh'
[0.873s] INFO:colcon.colcon_core.shell:Creating package script '/home/sourav/ROS2-Self-Driving-Robot/control/bumperbot_ws/install/bumperbot_utils/share/bumperbot_utils/package.bash'
[0.873s] INFO:colcon.colcon_core.shell:Creating package script '/home/sourav/ROS2-Self-Driving-Robot/control/bumperbot_ws/install/bumperbot_utils/share/bumperbot_utils/package.zsh'
[0.874s] Level 1:colcon.colcon_core.environment:create_file_with_runtime_dependencies(/home/sourav/ROS2-Self-Driving-Robot/control/bumperbot_ws/install/bumperbot_utils/share/colcon-core/packages/bumperbot_utils)
[0.874s] Level 1:colcon.colcon_core.environment:create_environment_scripts_only(bumperbot_utils)
[0.874s] Level 1:colcon.colcon_core.environment:checking '/home/sourav/ROS2-Self-Driving-Robot/control/bumperbot_ws/install/bumperbot_utils' for CMake module files
[0.875s] Level 1:colcon.colcon_core.environment:checking '/home/sourav/ROS2-Self-Driving-Robot/control/bumperbot_ws/install/bumperbot_utils' for CMake config files
[0.875s] Level 1:colcon.colcon_core.shell:create_environment_hook('bumperbot_utils', 'cmake_prefix_path')
[0.876s] INFO:colcon.colcon_core.shell:Creating environment hook '/home/sourav/ROS2-Self-Driving-Robot/control/bumperbot_ws/install/bumperbot_utils/share/bumperbot_utils/hook/cmake_prefix_path.ps1'
[0.876s] INFO:colcon.colcon_core.shell:Creating environment descriptor '/home/sourav/ROS2-Self-Driving-Robot/control/bumperbot_ws/install/bumperbot_utils/share/bumperbot_utils/hook/cmake_prefix_path.dsv'
[0.876s] INFO:colcon.colcon_core.shell:Creating environment hook '/home/sourav/ROS2-Self-Driving-Robot/control/bumperbot_ws/install/bumperbot_utils/share/bumperbot_utils/hook/cmake_prefix_path.sh'
[0.877s] Level 1:colcon.colcon_core.environment:checking '/home/sourav/ROS2-Self-Driving-Robot/control/bumperbot_ws/install/bumperbot_utils/lib'
[0.877s] Level 1:colcon.colcon_core.environment:checking '/home/sourav/ROS2-Self-Driving-Robot/control/bumperbot_ws/install/bumperbot_utils/bin'
[0.877s] Level 1:colcon.colcon_core.environment:checking '/home/sourav/ROS2-Self-Driving-Robot/control/bumperbot_ws/install/bumperbot_utils/lib/pkgconfig/bumperbot_utils.pc'
[0.877s] Level 1:colcon.colcon_core.environment:checking '/home/sourav/ROS2-Self-Driving-Robot/control/bumperbot_ws/install/bumperbot_utils/lib/python3.10/site-packages'
[0.878s] Level 1:colcon.colcon_core.environment:checking '/home/sourav/ROS2-Self-Driving-Robot/control/bumperbot_ws/install/bumperbot_utils/bin'
[0.878s] INFO:colcon.colcon_core.shell:Creating package script '/home/sourav/ROS2-Self-Driving-Robot/control/bumperbot_ws/install/bumperbot_utils/share/bumperbot_utils/package.ps1'
[0.879s] INFO:colcon.colcon_core.shell:Creating package descriptor '/home/sourav/ROS2-Self-Driving-Robot/control/bumperbot_ws/install/bumperbot_utils/share/bumperbot_utils/package.dsv'
[0.879s] INFO:colcon.colcon_core.shell:Creating package script '/home/sourav/ROS2-Self-Driving-Robot/control/bumperbot_ws/install/bumperbot_utils/share/bumperbot_utils/package.sh'
[0.880s] INFO:colcon.colcon_core.shell:Creating package script '/home/sourav/ROS2-Self-Driving-Robot/control/bumperbot_ws/install/bumperbot_utils/share/bumperbot_utils/package.bash'
[0.880s] INFO:colcon.colcon_core.shell:Creating package script '/home/sourav/ROS2-Self-Driving-Robot/control/bumperbot_ws/install/bumperbot_utils/share/bumperbot_utils/package.zsh'
[0.880s] Level 1:colcon.colcon_core.environment:create_file_with_runtime_dependencies(/home/sourav/ROS2-Self-Driving-Robot/control/bumperbot_ws/install/bumperbot_utils/share/colcon-core/packages/bumperbot_utils)
[0.881s] DEBUG:colcon.colcon_core.event_handler.log_command:Invoked command in '/home/sourav/ROS2-Self-Driving-Robot/control/bumperbot_ws/build/bumperbot_localization' returned '0': CMAKE_PREFIX_PATH=/opt/ros/humble /usr/bin/cmake --build /home/sourav/ROS2-Self-Driving-Robot/control/bumperbot_ws/build/bumperbot_localization -- -j16 -l16
[0.882s] DEBUG:colcon.colcon_core.event_handler.log_command:Invoking command in '/home/sourav/ROS2-Self-Driving-Robot/control/bumperbot_ws/build/bumperbot_localization': CMAKE_PREFIX_PATH=/opt/ros/humble /usr/bin/cmake --install /home/sourav/ROS2-Self-Driving-Robot/control/bumperbot_ws/build/bumperbot_localization
[0.886s] Level 1:colcon.colcon_core.environment:create_environment_scripts_only(bumperbot_cpp_examples)
[0.886s] Level 1:colcon.colcon_core.environment:checking '/home/sourav/ROS2-Self-Driving-Robot/control/bumperbot_ws/install/bumperbot_cpp_examples' for CMake module files
[0.887s] Level 1:colcon.colcon_core.environment:checking '/home/sourav/ROS2-Self-Driving-Robot/control/bumperbot_ws/install/bumperbot_cpp_examples' for CMake config files
[0.889s] DEBUG:colcon.colcon_core.event_handler.log_command:Invoked command in '/home/sourav/ROS2-Self-Driving-Robot/control/bumperbot_ws/build/bumperbot_cpp_examples' returned '0': AMENT_PREFIX_PATH=/home/sourav/ROS2-Self-Driving-Robot/control/bumperbot_ws/install/bumperbot_msgs:${AMENT_PREFIX_PATH} CMAKE_PREFIX_PATH=/home/sourav/ROS2-Self-Driving-Robot/control/bumperbot_ws/install/bumperbot_msgs:/opt/ros/humble LD_LIBRARY_PATH=/home/sourav/ROS2-Self-Driving-Robot/control/bumperbot_ws/install/bumperbot_msgs/lib:${LD_LIBRARY_PATH} PYTHONPATH=/home/sourav/ROS2-Self-Driving-Robot/control/bumperbot_ws/install/bumperbot_msgs/local/lib/python3.10/dist-packages:${PYTHONPATH} /usr/bin/cmake --install /home/sourav/ROS2-Self-Driving-Robot/control/bumperbot_ws/build/bumperbot_cpp_examples
[0.889s] Level 1:colcon.colcon_core.shell:create_environment_hook('bumperbot_cpp_examples', 'cmake_prefix_path')
[0.889s] INFO:colcon.colcon_core.shell:Creating environment hook '/home/sourav/ROS2-Self-Driving-Robot/control/bumperbot_ws/install/bumperbot_cpp_examples/share/bumperbot_cpp_examples/hook/cmake_prefix_path.ps1'
[0.890s] INFO:colcon.colcon_core.shell:Creating environment descriptor '/home/sourav/ROS2-Self-Driving-Robot/control/bumperbot_ws/install/bumperbot_cpp_examples/share/bumperbot_cpp_examples/hook/cmake_prefix_path.dsv'
[0.891s] INFO:colcon.colcon_core.shell:Creating environment hook '/home/sourav/ROS2-Self-Driving-Robot/control/bumperbot_ws/install/bumperbot_cpp_examples/share/bumperbot_cpp_examples/hook/cmake_prefix_path.sh'
[0.892s] Level 1:colcon.colcon_core.environment:checking '/home/sourav/ROS2-Self-Driving-Robot/control/bumperbot_ws/install/bumperbot_cpp_examples/lib'
[0.892s] Level 1:colcon.colcon_core.environment:checking '/home/sourav/ROS2-Self-Driving-Robot/control/bumperbot_ws/install/bumperbot_cpp_examples/bin'
[0.892s] Level 1:colcon.colcon_core.environment:checking '/home/sourav/ROS2-Self-Driving-Robot/control/bumperbot_ws/install/bumperbot_cpp_examples/lib/pkgconfig/bumperbot_cpp_examples.pc'
[0.892s] Level 1:colcon.colcon_core.environment:checking '/home/sourav/ROS2-Self-Driving-Robot/control/bumperbot_ws/install/bumperbot_cpp_examples/lib/python3.10/site-packages'
[0.893s] Level 1:colcon.colcon_core.environment:checking '/home/sourav/ROS2-Self-Driving-Robot/control/bumperbot_ws/install/bumperbot_cpp_examples/bin'
[0.893s] INFO:colcon.colcon_core.shell:Creating package script '/home/sourav/ROS2-Self-Driving-Robot/control/bumperbot_ws/install/bumperbot_cpp_examples/share/bumperbot_cpp_examples/package.ps1'
[0.893s] INFO:colcon.colcon_core.shell:Creating package descriptor '/home/sourav/ROS2-Self-Driving-Robot/control/bumperbot_ws/install/bumperbot_cpp_examples/share/bumperbot_cpp_examples/package.dsv'
[0.894s] INFO:colcon.colcon_core.shell:Creating package script '/home/sourav/ROS2-Self-Driving-Robot/control/bumperbot_ws/install/bumperbot_cpp_examples/share/bumperbot_cpp_examples/package.sh'
[0.894s] INFO:colcon.colcon_core.shell:Creating package script '/home/sourav/ROS2-Self-Driving-Robot/control/bumperbot_ws/install/bumperbot_cpp_examples/share/bumperbot_cpp_examples/package.bash'
[0.895s] INFO:colcon.colcon_core.shell:Creating package script '/home/sourav/ROS2-Self-Driving-Robot/control/bumperbot_ws/install/bumperbot_cpp_examples/share/bumperbot_cpp_examples/package.zsh'
[0.895s] Level 1:colcon.colcon_core.environment:create_file_with_runtime_dependencies(/home/sourav/ROS2-Self-Driving-Robot/control/bumperbot_ws/install/bumperbot_cpp_examples/share/colcon-core/packages/bumperbot_cpp_examples)
[0.896s] Level 1:colcon.colcon_core.environment:create_environment_scripts_only(bumperbot_cpp_examples)
[0.896s] Level 1:colcon.colcon_core.environment:checking '/home/sourav/ROS2-Self-Driving-Robot/control/bumperbot_ws/install/bumperbot_cpp_examples' for CMake module files
[0.897s] Level 1:colcon.colcon_core.environment:checking '/home/sourav/ROS2-Self-Driving-Robot/control/bumperbot_ws/install/bumperbot_cpp_examples' for CMake config files
[0.897s] Level 1:colcon.colcon_core.shell:create_environment_hook('bumperbot_cpp_examples', 'cmake_prefix_path')
[0.897s] INFO:colcon.colcon_core.shell:Creating environment hook '/home/sourav/ROS2-Self-Driving-Robot/control/bumperbot_ws/install/bumperbot_cpp_examples/share/bumperbot_cpp_examples/hook/cmake_prefix_path.ps1'
[0.898s] INFO:colcon.colcon_core.shell:Creating environment descriptor '/home/sourav/ROS2-Self-Driving-Robot/control/bumperbot_ws/install/bumperbot_cpp_examples/share/bumperbot_cpp_examples/hook/cmake_prefix_path.dsv'
[0.898s] INFO:colcon.colcon_core.shell:Creating environment hook '/home/sourav/ROS2-Self-Driving-Robot/control/bumperbot_ws/install/bumperbot_cpp_examples/share/bumperbot_cpp_examples/hook/cmake_prefix_path.sh'
[0.899s] Level 1:colcon.colcon_core.environment:checking '/home/sourav/ROS2-Self-Driving-Robot/control/bumperbot_ws/install/bumperbot_cpp_examples/lib'
[0.899s] Level 1:colcon.colcon_core.environment:checking '/home/sourav/ROS2-Self-Driving-Robot/control/bumperbot_ws/install/bumperbot_cpp_examples/bin'
[0.899s] Level 1:colcon.colcon_core.environment:checking '/home/sourav/ROS2-Self-Driving-Robot/control/bumperbot_ws/install/bumperbot_cpp_examples/lib/pkgconfig/bumperbot_cpp_examples.pc'
[0.899s] Level 1:colcon.colcon_core.environment:checking '/home/sourav/ROS2-Self-Driving-Robot/control/bumperbot_ws/install/bumperbot_cpp_examples/lib/python3.10/site-packages'
[0.899s] Level 1:colcon.colcon_core.environment:checking '/home/sourav/ROS2-Self-Driving-Robot/control/bumperbot_ws/install/bumperbot_cpp_examples/bin'
[0.899s] INFO:colcon.colcon_core.shell:Creating package script '/home/sourav/ROS2-Self-Driving-Robot/control/bumperbot_ws/install/bumperbot_cpp_examples/share/bumperbot_cpp_examples/package.ps1'
[0.900s] INFO:colcon.colcon_core.shell:Creating package descriptor '/home/sourav/ROS2-Self-Driving-Robot/control/bumperbot_ws/install/bumperbot_cpp_examples/share/bumperbot_cpp_examples/package.dsv'
[0.901s] INFO:colcon.colcon_core.shell:Creating package script '/home/sourav/ROS2-Self-Driving-Robot/control/bumperbot_ws/install/bumperbot_cpp_examples/share/bumperbot_cpp_examples/package.sh'
[0.901s] INFO:colcon.colcon_core.shell:Creating package script '/home/sourav/ROS2-Self-Driving-Robot/control/bumperbot_ws/install/bumperbot_cpp_examples/share/bumperbot_cpp_examples/package.bash'
[0.901s] INFO:colcon.colcon_core.shell:Creating package script '/home/sourav/ROS2-Self-Driving-Robot/control/bumperbot_ws/install/bumperbot_cpp_examples/share/bumperbot_cpp_examples/package.zsh'
[0.902s] Level 1:colcon.colcon_core.environment:create_file_with_runtime_dependencies(/home/sourav/ROS2-Self-Driving-Robot/control/bumperbot_ws/install/bumperbot_cpp_examples/share/colcon-core/packages/bumperbot_cpp_examples)
[0.917s] Level 1:colcon.colcon_core.environment:create_environment_scripts_only(bumperbot_localization)
[0.918s] Level 1:colcon.colcon_core.environment:checking '/home/sourav/ROS2-Self-Driving-Robot/control/bumperbot_ws/install/bumperbot_localization' for CMake module files
[0.918s] DEBUG:colcon.colcon_core.event_handler.log_command:Invoked command in '/home/sourav/ROS2-Self-Driving-Robot/control/bumperbot_ws/build/bumperbot_localization' returned '0': CMAKE_PREFIX_PATH=/opt/ros/humble /usr/bin/cmake --install /home/sourav/ROS2-Self-Driving-Robot/control/bumperbot_ws/build/bumperbot_localization
[0.919s] Level 1:colcon.colcon_core.environment:checking '/home/sourav/ROS2-Self-Driving-Robot/control/bumperbot_ws/install/bumperbot_localization' for CMake config files
[0.919s] Level 1:colcon.colcon_core.shell:create_environment_hook('bumperbot_localization', 'cmake_prefix_path')
[0.920s] INFO:colcon.colcon_core.shell:Creating environment hook '/home/sourav/ROS2-Self-Driving-Robot/control/bumperbot_ws/install/bumperbot_localization/share/bumperbot_localization/hook/cmake_prefix_path.ps1'
[0.920s] INFO:colcon.colcon_core.shell:Creating environment descriptor '/home/sourav/ROS2-Self-Driving-Robot/control/bumperbot_ws/install/bumperbot_localization/share/bumperbot_localization/hook/cmake_prefix_path.dsv'
[0.921s] INFO:colcon.colcon_core.shell:Creating environment hook '/home/sourav/ROS2-Self-Driving-Robot/control/bumperbot_ws/install/bumperbot_localization/share/bumperbot_localization/hook/cmake_prefix_path.sh'
[0.921s] Level 1:colcon.colcon_core.environment:checking '/home/sourav/ROS2-Self-Driving-Robot/control/bumperbot_ws/install/bumperbot_localization/lib'
[0.921s] Level 1:colcon.colcon_core.environment:checking '/home/sourav/ROS2-Self-Driving-Robot/control/bumperbot_ws/install/bumperbot_localization/bin'
[0.922s] Level 1:colcon.colcon_core.environment:checking '/home/sourav/ROS2-Self-Driving-Robot/control/bumperbot_ws/install/bumperbot_localization/lib/pkgconfig/bumperbot_localization.pc'
[0.922s] Level 1:colcon.colcon_core.environment:checking '/home/sourav/ROS2-Self-Driving-Robot/control/bumperbot_ws/install/bumperbot_localization/lib/python3.10/site-packages'
[0.922s] Level 1:colcon.colcon_core.environment:checking '/home/sourav/ROS2-Self-Driving-Robot/control/bumperbot_ws/install/bumperbot_localization/bin'
[0.922s] INFO:colcon.colcon_core.shell:Creating package script '/home/sourav/ROS2-Self-Driving-Robot/control/bumperbot_ws/install/bumperbot_localization/share/bumperbot_localization/package.ps1'
[0.923s] INFO:colcon.colcon_core.shell:Creating package descriptor '/home/sourav/ROS2-Self-Driving-Robot/control/bumperbot_ws/install/bumperbot_localization/share/bumperbot_localization/package.dsv'
[0.923s] INFO:colcon.colcon_core.shell:Creating package script '/home/sourav/ROS2-Self-Driving-Robot/control/bumperbot_ws/install/bumperbot_localization/share/bumperbot_localization/package.sh'
[0.924s] INFO:colcon.colcon_core.shell:Creating package script '/home/sourav/ROS2-Self-Driving-Robot/control/bumperbot_ws/install/bumperbot_localization/share/bumperbot_localization/package.bash'
[0.924s] INFO:colcon.colcon_core.shell:Creating package script '/home/sourav/ROS2-Self-Driving-Robot/control/bumperbot_ws/install/bumperbot_localization/share/bumperbot_localization/package.zsh'
[0.925s] Level 1:colcon.colcon_core.environment:create_file_with_runtime_dependencies(/home/sourav/ROS2-Self-Driving-Robot/control/bumperbot_ws/install/bumperbot_localization/share/colcon-core/packages/bumperbot_localization)
[0.925s] Level 1:colcon.colcon_core.environment:create_environment_scripts_only(bumperbot_localization)
[0.926s] Level 1:colcon.colcon_core.environment:checking '/home/sourav/ROS2-Self-Driving-Robot/control/bumperbot_ws/install/bumperbot_localization' for CMake module files
[0.926s] Level 1:colcon.colcon_core.environment:checking '/home/sourav/ROS2-Self-Driving-Robot/control/bumperbot_ws/install/bumperbot_localization' for CMake config files
[0.927s] Level 1:colcon.colcon_core.shell:create_environment_hook('bumperbot_localization', 'cmake_prefix_path')
[0.927s] INFO:colcon.colcon_core.shell:Creating environment hook '/home/sourav/ROS2-Self-Driving-Robot/control/bumperbot_ws/install/bumperbot_localization/share/bumperbot_localization/hook/cmake_prefix_path.ps1'
[0.928s] INFO:colcon.colcon_core.shell:Creating environment descriptor '/home/sourav/ROS2-Self-Driving-Robot/control/bumperbot_ws/install/bumperbot_localization/share/bumperbot_localization/hook/cmake_prefix_path.dsv'
[0.928s] INFO:colcon.colcon_core.shell:Creating environment hook '/home/sourav/ROS2-Self-Driving-Robot/control/bumperbot_ws/install/bumperbot_localization/share/bumperbot_localization/hook/cmake_prefix_path.sh'
[0.929s] Level 1:colcon.colcon_core.environment:checking '/home/sourav/ROS2-Self-Driving-Robot/control/bumperbot_ws/install/bumperbot_localization/lib'
[0.929s] Level 1:colcon.colcon_core.environment:checking '/home/sourav/ROS2-Self-Driving-Robot/control/bumperbot_ws/install/bumperbot_localization/bin'
[0.929s] Level 1:colcon.colcon_core.environment:checking '/home/sourav/ROS2-Self-Driving-Robot/control/bumperbot_ws/install/bumperbot_localization/lib/pkgconfig/bumperbot_localization.pc'
[0.929s] Level 1:colcon.colcon_core.environment:checking '/home/sourav/ROS2-Self-Driving-Robot/control/bumperbot_ws/install/bumperbot_localization/lib/python3.10/site-packages'
[0.929s] Level 1:colcon.colcon_core.environment:checking '/home/sourav/ROS2-Self-Driving-Robot/control/bumperbot_ws/install/bumperbot_localization/bin'
[0.930s] INFO:colcon.colcon_core.shell:Creating package script '/home/sourav/ROS2-Self-Driving-Robot/control/bumperbot_ws/install/bumperbot_localization/share/bumperbot_localization/package.ps1'
[0.930s] INFO:colcon.colcon_core.shell:Creating package descriptor '/home/sourav/ROS2-Self-Driving-Robot/control/bumperbot_ws/install/bumperbot_localization/share/bumperbot_localization/package.dsv'
[0.931s] INFO:colcon.colcon_core.shell:Creating package script '/home/sourav/ROS2-Self-Driving-Robot/control/bumperbot_ws/install/bumperbot_localization/share/bumperbot_localization/package.sh'
[0.932s] INFO:colcon.colcon_core.shell:Creating package script '/home/sourav/ROS2-Self-Driving-Robot/control/bumperbot_ws/install/bumperbot_localization/share/bumperbot_localization/package.bash'
[0.932s] INFO:colcon.colcon_core.shell:Creating package script '/home/sourav/ROS2-Self-Driving-Robot/control/bumperbot_ws/install/bumperbot_localization/share/bumperbot_localization/package.zsh'
[0.932s] Level 1:colcon.colcon_core.environment:create_file_with_runtime_dependencies(/home/sourav/ROS2-Self-Driving-Robot/control/bumperbot_ws/install/bumperbot_localization/share/colcon-core/packages/bumperbot_localization)
[1.252s] DEBUG:colcon.colcon_core.event_handler.log_command:Invoking command in '/home/sourav/ROS2-Self-Driving-Robot/control/bumperbot_ws/src/bumperbot_py_examples': AMENT_PREFIX_PATH=/home/sourav/ROS2-Self-Driving-Robot/control/bumperbot_ws/install/bumperbot_msgs:${AMENT_PREFIX_PATH} CMAKE_PREFIX_PATH=/home/sourav/ROS2-Self-Driving-Robot/control/bumperbot_ws/install/bumperbot_msgs LD_LIBRARY_PATH=/home/sourav/ROS2-Self-Driving-Robot/control/bumperbot_ws/install/bumperbot_msgs/lib:${LD_LIBRARY_PATH} PYTHONPATH=/home/sourav/ROS2-Self-Driving-Robot/control/bumperbot_ws/build/bumperbot_py_examples/prefix_override:/usr/lib/python3/dist-packages/colcon_core/task/python/colcon_distutils_commands:/home/sourav/ROS2-Self-Driving-Robot/control/bumperbot_ws/install/bumperbot_py_examples/lib/python3.10/site-packages:/home/sourav/ROS2-Self-Driving-Robot/control/bumperbot_ws/install/bumperbot_msgs/local/lib/python3.10/dist-packages:${PYTHONPATH} /usr/bin/python3 -W ignore:setup.py install is deprecated -W ignore:easy_install command is deprecated setup.py egg_info --egg-base ../../build/bumperbot_py_examples build --build-base /home/sourav/ROS2-Self-Driving-Robot/control/bumperbot_ws/build/bumperbot_py_examples/build install --record /home/sourav/ROS2-Self-Driving-Robot/control/bumperbot_ws/build/bumperbot_py_examples/install.log --single-version-externally-managed install_data
[1.429s] Level 1:colcon.colcon_core.environment:checking '/home/sourav/ROS2-Self-Driving-Robot/control/bumperbot_ws/install/bumperbot_py_examples' for CMake module files
[1.430s] DEBUG:colcon.colcon_core.event_handler.log_command:Invoked command in '/home/sourav/ROS2-Self-Driving-Robot/control/bumperbot_ws/src/bumperbot_py_examples' returned '0': AMENT_PREFIX_PATH=/home/sourav/ROS2-Self-Driving-Robot/control/bumperbot_ws/install/bumperbot_msgs:${AMENT_PREFIX_PATH} CMAKE_PREFIX_PATH=/home/sourav/ROS2-Self-Driving-Robot/control/bumperbot_ws/install/bumperbot_msgs LD_LIBRARY_PATH=/home/sourav/ROS2-Self-Driving-Robot/control/bumperbot_ws/install/bumperbot_msgs/lib:${LD_LIBRARY_PATH} PYTHONPATH=/home/sourav/ROS2-Self-Driving-Robot/control/bumperbot_ws/build/bumperbot_py_examples/prefix_override:/usr/lib/python3/dist-packages/colcon_core/task/python/colcon_distutils_commands:/home/sourav/ROS2-Self-Driving-Robot/control/bumperbot_ws/install/bumperbot_py_examples/lib/python3.10/site-packages:/home/sourav/ROS2-Self-Driving-Robot/control/bumperbot_ws/install/bumperbot_msgs/local/lib/python3.10/dist-packages:${PYTHONPATH} /usr/bin/python3 -W ignore:setup.py install is deprecated -W ignore:easy_install command is deprecated setup.py egg_info --egg-base ../../build/bumperbot_py_examples build --build-base /home/sourav/ROS2-Self-Driving-Robot/control/bumperbot_ws/build/bumperbot_py_examples/build install --record /home/sourav/ROS2-Self-Driving-Robot/control/bumperbot_ws/build/bumperbot_py_examples/install.log --single-version-externally-managed install_data
[1.430s] Level 1:colcon.colcon_core.environment:checking '/home/sourav/ROS2-Self-Driving-Robot/control/bumperbot_ws/install/bumperbot_py_examples' for CMake config files
[1.431s] Level 1:colcon.colcon_core.environment:checking '/home/sourav/ROS2-Self-Driving-Robot/control/bumperbot_ws/install/bumperbot_py_examples/lib'
[1.431s] Level 1:colcon.colcon_core.environment:checking '/home/sourav/ROS2-Self-Driving-Robot/control/bumperbot_ws/install/bumperbot_py_examples/bin'
[1.431s] Level 1:colcon.colcon_core.environment:checking '/home/sourav/ROS2-Self-Driving-Robot/control/bumperbot_ws/install/bumperbot_py_examples/lib/pkgconfig/bumperbot_py_examples.pc'
[1.431s] Level 1:colcon.colcon_core.environment:checking '/home/sourav/ROS2-Self-Driving-Robot/control/bumperbot_ws/install/bumperbot_py_examples/lib/python3.10/site-packages'
[1.431s] Level 1:colcon.colcon_core.shell:create_environment_hook('bumperbot_py_examples', 'pythonpath')
[1.432s] INFO:colcon.colcon_core.shell:Creating environment hook '/home/sourav/ROS2-Self-Driving-Robot/control/bumperbot_ws/install/bumperbot_py_examples/share/bumperbot_py_examples/hook/pythonpath.ps1'
[1.432s] INFO:colcon.colcon_core.shell:Creating environment descriptor '/home/sourav/ROS2-Self-Driving-Robot/control/bumperbot_ws/install/bumperbot_py_examples/share/bumperbot_py_examples/hook/pythonpath.dsv'
[1.433s] INFO:colcon.colcon_core.shell:Creating environment hook '/home/sourav/ROS2-Self-Driving-Robot/control/bumperbot_ws/install/bumperbot_py_examples/share/bumperbot_py_examples/hook/pythonpath.sh'
[1.433s] Level 1:colcon.colcon_core.environment:checking '/home/sourav/ROS2-Self-Driving-Robot/control/bumperbot_ws/install/bumperbot_py_examples/bin'
[1.433s] Level 1:colcon.colcon_core.environment:create_environment_scripts_only(bumperbot_py_examples)
[1.433s] INFO:colcon.colcon_core.shell:Creating package script '/home/sourav/ROS2-Self-Driving-Robot/control/bumperbot_ws/install/bumperbot_py_examples/share/bumperbot_py_examples/package.ps1'
[1.434s] INFO:colcon.colcon_core.shell:Creating package descriptor '/home/sourav/ROS2-Self-Driving-Robot/control/bumperbot_ws/install/bumperbot_py_examples/share/bumperbot_py_examples/package.dsv'
[1.434s] INFO:colcon.colcon_core.shell:Creating package script '/home/sourav/ROS2-Self-Driving-Robot/control/bumperbot_ws/install/bumperbot_py_examples/share/bumperbot_py_examples/package.sh'
[1.435s] INFO:colcon.colcon_core.shell:Creating package script '/home/sourav/ROS2-Self-Driving-Robot/control/bumperbot_ws/install/bumperbot_py_examples/share/bumperbot_py_examples/package.bash'
[1.435s] INFO:colcon.colcon_core.shell:Creating package script '/home/sourav/ROS2-Self-Driving-Robot/control/bumperbot_ws/install/bumperbot_py_examples/share/bumperbot_py_examples/package.zsh'
[1.436s] Level 1:colcon.colcon_core.environment:create_file_with_runtime_dependencies(/home/sourav/ROS2-Self-Driving-Robot/control/bumperbot_ws/install/bumperbot_py_examples/share/colcon-core/packages/bumperbot_py_examples)
[8.185s] DEBUG:colcon.colcon_core.event_handler.log_command:Invoked command in '/home/sourav/ROS2-Self-Driving-Robot/control/bumperbot_ws/build/bumperbot_controller' returned '0': CMAKE_PREFIX_PATH=/opt/ros/humble /usr/bin/cmake --build /home/sourav/ROS2-Self-Driving-Robot/control/bumperbot_ws/build/bumperbot_controller -- -j16 -l16
[8.187s] DEBUG:colcon.colcon_core.event_handler.log_command:Invoking command in '/home/sourav/ROS2-Self-Driving-Robot/control/bumperbot_ws/build/bumperbot_controller': CMAKE_PREFIX_PATH=/opt/ros/humble /usr/bin/cmake --install /home/sourav/ROS2-Self-Driving-Robot/control/bumperbot_ws/build/bumperbot_controller
[8.221s] Level 1:colcon.colcon_core.environment:create_environment_scripts_only(bumperbot_controller)
[8.221s] Level 1:colcon.colcon_core.environment:checking '/home/sourav/ROS2-Self-Driving-Robot/control/bumperbot_ws/install/bumperbot_controller' for CMake module files
[8.222s] DEBUG:colcon.colcon_core.event_handler.log_command:Invoked command in '/home/sourav/ROS2-Self-Driving-Robot/control/bumperbot_ws/build/bumperbot_controller' returned '0': CMAKE_PREFIX_PATH=/opt/ros/humble /usr/bin/cmake --install /home/sourav/ROS2-Self-Driving-Robot/control/bumperbot_ws/build/bumperbot_controller
[8.222s] Level 1:colcon.colcon_core.environment:checking '/home/sourav/ROS2-Self-Driving-Robot/control/bumperbot_ws/install/bumperbot_controller' for CMake config files
[8.222s] Level 1:colcon.colcon_core.shell:create_environment_hook('bumperbot_controller', 'cmake_prefix_path')
[8.222s] INFO:colcon.colcon_core.shell:Creating environment hook '/home/sourav/ROS2-Self-Driving-Robot/control/bumperbot_ws/install/bumperbot_controller/share/bumperbot_controller/hook/cmake_prefix_path.ps1'
[8.222s] INFO:colcon.colcon_core.shell:Creating environment descriptor '/home/sourav/ROS2-Self-Driving-Robot/control/bumperbot_ws/install/bumperbot_controller/share/bumperbot_controller/hook/cmake_prefix_path.dsv'
[8.223s] INFO:colcon.colcon_core.shell:Creating environment hook '/home/sourav/ROS2-Self-Driving-Robot/control/bumperbot_ws/install/bumperbot_controller/share/bumperbot_controller/hook/cmake_prefix_path.sh'
[8.223s] Level 1:colcon.colcon_core.environment:checking '/home/sourav/ROS2-Self-Driving-Robot/control/bumperbot_ws/install/bumperbot_controller/lib'
[8.223s] Level 1:colcon.colcon_core.environment:checking '/home/sourav/ROS2-Self-Driving-Robot/control/bumperbot_ws/install/bumperbot_controller/bin'
[8.223s] Level 1:colcon.colcon_core.environment:checking '/home/sourav/ROS2-Self-Driving-Robot/control/bumperbot_ws/install/bumperbot_controller/lib/pkgconfig/bumperbot_controller.pc'
[8.223s] Level 1:colcon.colcon_core.environment:checking '/home/sourav/ROS2-Self-Driving-Robot/control/bumperbot_ws/install/bumperbot_controller/lib/python3.10/site-packages'
[8.223s] Level 1:colcon.colcon_core.environment:checking '/home/sourav/ROS2-Self-Driving-Robot/control/bumperbot_ws/install/bumperbot_controller/bin'
[8.223s] INFO:colcon.colcon_core.shell:Creating package script '/home/sourav/ROS2-Self-Driving-Robot/control/bumperbot_ws/install/bumperbot_controller/share/bumperbot_controller/package.ps1'
[8.224s] INFO:colcon.colcon_core.shell:Creating package descriptor '/home/sourav/ROS2-Self-Driving-Robot/control/bumperbot_ws/install/bumperbot_controller/share/bumperbot_controller/package.dsv'
[8.224s] INFO:colcon.colcon_core.shell:Creating package script '/home/sourav/ROS2-Self-Driving-Robot/control/bumperbot_ws/install/bumperbot_controller/share/bumperbot_controller/package.sh'
[8.224s] INFO:colcon.colcon_core.shell:Creating package script '/home/sourav/ROS2-Self-Driving-Robot/control/bumperbot_ws/install/bumperbot_controller/share/bumperbot_controller/package.bash'
[8.224s] INFO:colcon.colcon_core.shell:Creating package script '/home/sourav/ROS2-Self-Driving-Robot/control/bumperbot_ws/install/bumperbot_controller/share/bumperbot_controller/package.zsh'
[8.224s] Level 1:colcon.colcon_core.environment:create_file_with_runtime_dependencies(/home/sourav/ROS2-Self-Driving-Robot/control/bumperbot_ws/install/bumperbot_controller/share/colcon-core/packages/bumperbot_controller)
[8.225s] Level 1:colcon.colcon_core.environment:create_environment_scripts_only(bumperbot_controller)
[8.225s] Level 1:colcon.colcon_core.environment:checking '/home/sourav/ROS2-Self-Driving-Robot/control/bumperbot_ws/install/bumperbot_controller' for CMake module files
[8.225s] Level 1:colcon.colcon_core.environment:checking '/home/sourav/ROS2-Self-Driving-Robot/control/bumperbot_ws/install/bumperbot_controller' for CMake config files
[8.225s] Level 1:colcon.colcon_core.shell:create_environment_hook('bumperbot_controller', 'cmake_prefix_path')
[8.225s] INFO:colcon.colcon_core.shell:Creating environment hook '/home/sourav/ROS2-Self-Driving-Robot/control/bumperbot_ws/install/bumperbot_controller/share/bumperbot_controller/hook/cmake_prefix_path.ps1'
[8.226s] INFO:colcon.colcon_core.shell:Creating environment descriptor '/home/sourav/ROS2-Self-Driving-Robot/control/bumperbot_ws/install/bumperbot_controller/share/bumperbot_controller/hook/cmake_prefix_path.dsv'
[8.226s] INFO:colcon.colcon_core.shell:Creating environment hook '/home/sourav/ROS2-Self-Driving-Robot/control/bumperbot_ws/install/bumperbot_controller/share/bumperbot_controller/hook/cmake_prefix_path.sh'
[8.226s] Level 1:colcon.colcon_core.environment:checking '/home/sourav/ROS2-Self-Driving-Robot/control/bumperbot_ws/install/bumperbot_controller/lib'
[8.226s] Level 1:colcon.colcon_core.environment:checking '/home/sourav/ROS2-Self-Driving-Robot/control/bumperbot_ws/install/bumperbot_controller/bin'
[8.226s] Level 1:colcon.colcon_core.environment:checking '/home/sourav/ROS2-Self-Driving-Robot/control/bumperbot_ws/install/bumperbot_controller/lib/pkgconfig/bumperbot_controller.pc'
[8.226s] Level 1:colcon.colcon_core.environment:checking '/home/sourav/ROS2-Self-Driving-Robot/control/bumperbot_ws/install/bumperbot_controller/lib/python3.10/site-packages'
[8.226s] Level 1:colcon.colcon_core.environment:checking '/home/sourav/ROS2-Self-Driving-Robot/control/bumperbot_ws/install/bumperbot_controller/bin'
[8.227s] INFO:colcon.colcon_core.shell:Creating package script '/home/sourav/ROS2-Self-Driving-Robot/control/bumperbot_ws/install/bumperbot_controller/share/bumperbot_controller/package.ps1'
[8.227s] INFO:colcon.colcon_core.shell:Creating package descriptor '/home/sourav/ROS2-Self-Driving-Robot/control/bumperbot_ws/install/bumperbot_controller/share/bumperbot_controller/package.dsv'
[8.227s] INFO:colcon.colcon_core.shell:Creating package script '/home/sourav/ROS2-Self-Driving-Robot/control/bumperbot_ws/install/bumperbot_controller/share/bumperbot_controller/package.sh'
[8.227s] INFO:colcon.colcon_core.shell:Creating package script '/home/sourav/ROS2-Self-Driving-Robot/control/bumperbot_ws/install/bumperbot_controller/share/bumperbot_controller/package.bash'
[8.227s] INFO:colcon.colcon_core.shell:Creating package script '/home/sourav/ROS2-Self-Driving-Robot/control/bumperbot_ws/install/bumperbot_controller/share/bumperbot_controller/package.zsh'
[8.228s] Level 1:colcon.colcon_core.environment:create_file_with_runtime_dependencies(/home/sourav/ROS2-Self-Driving-Robot/control/bumperbot_ws/install/bumperbot_controller/share/colcon-core/packages/bumperbot_controller)
[8.228s] DEBUG:colcon.colcon_parallel_executor.executor.parallel:closing loop
[8.228s] DEBUG:colcon.colcon_parallel_executor.executor.parallel:loop closed
[8.228s] DEBUG:colcon.colcon_parallel_executor.executor.parallel:run_until_complete finished with '0'
[8.228s] DEBUG:colcon.colcon_core.event_reactor:joining thread
[8.232s] INFO:colcon.colcon_core.plugin_system:Skipping extension 'colcon_notification.desktop_notification.terminal_notifier': Not used on non-Darwin systems
[8.232s] INFO:colcon.colcon_core.plugin_system:Skipping extension 'colcon_notification.desktop_notification.win32': Not used on non-Windows systems
[8.232s] INFO:colcon.colcon_notification.desktop_notification:Sending desktop notification using 'notify2'
[8.244s] DEBUG:colcon.colcon_core.event_reactor:joined thread
[8.244s] INFO:colcon.colcon_core.shell:Creating prefix script '/home/sourav/ROS2-Self-Driving-Robot/control/bumperbot_ws/install/local_setup.ps1'
[8.245s] INFO:colcon.colcon_core.shell:Creating prefix util module '/home/sourav/ROS2-Self-Driving-Robot/control/bumperbot_ws/install/_local_setup_util_ps1.py'
[8.247s] INFO:colcon.colcon_core.shell:Creating prefix chain script '/home/sourav/ROS2-Self-Driving-Robot/control/bumperbot_ws/install/setup.ps1'
[8.247s] INFO:colcon.colcon_core.shell:Creating prefix script '/home/sourav/ROS2-Self-Driving-Robot/control/bumperbot_ws/install/local_setup.sh'
[8.248s] INFO:colcon.colcon_core.shell:Creating prefix util module '/home/sourav/ROS2-Self-Driving-Robot/control/bumperbot_ws/install/_local_setup_util_sh.py'
[8.248s] INFO:colcon.colcon_core.shell:Creating prefix chain script '/home/sourav/ROS2-Self-Driving-Robot/control/bumperbot_ws/install/setup.sh'
[8.249s] INFO:colcon.colcon_core.shell:Creating prefix script '/home/sourav/ROS2-Self-Driving-Robot/control/bumperbot_ws/install/local_setup.bash'
[8.250s] INFO:colcon.colcon_core.shell:Creating prefix chain script '/home/sourav/ROS2-Self-Driving-Robot/control/bumperbot_ws/install/setup.bash'
[8.251s] INFO:colcon.colcon_core.shell:Creating prefix script '/home/sourav/ROS2-Self-Driving-Robot/control/bumperbot_ws/install/local_setup.zsh'
[8.252s] INFO:colcon.colcon_core.shell:Creating prefix chain script '/home/sourav/ROS2-Self-Driving-Robot/control/bumperbot_ws/install/setup.zsh'
