[0.057s] DEBUG:colcon:Command line arguments: ['/usr/bin/colcon', 'build']
[0.057s] DEBUG:colcon:Parsed command line arguments: Namespace(log_base=None, log_level=None, verb_name='build', build_base='build', install_base='install', merge_install=False, symlink_install=False, test_result_base=None, continue_on_error=False, executor='parallel', parallel_workers=16, event_handlers=None, ignore_user_meta=False, metas=['./colcon.meta'], base_paths=['.'], packages_ignore=None, packages_ignore_regex=None, paths=None, packages_up_to=None, packages_up_to_regex=None, packages_above=None, packages_above_and_dependencies=None, packages_above_depth=None, packages_select_by_dep=None, packages_skip_by_dep=None, packages_skip_up_to=None, packages_select_build_failed=False, packages_skip_build_finished=False, packages_select_test_failures=False, packages_skip_test_passed=False, packages_select=None, packages_skip=None, packages_select_regex=None, packages_skip_regex=None, packages_start=None, packages_end=None, allow_overriding=[], cmake_args=None, cmake_target=None, cmake_target_skip_unavailable=False, cmake_clean_cache=False, cmake_clean_first=False, cmake_force_configure=False, ament_cmake_args=None, catkin_cmake_args=None, catkin_skip_building_tests=False, mixin_files=None, mixin=None, verb_parser=<colcon_mixin.mixin.mixin_argument.MixinArgumentDecorator object at 0x71d905943b20>, verb_extension=<colcon_core.verb.build.BuildVerb object at 0x71d9059435b0>, main=<bound method BuildVerb.main of <colcon_core.verb.build.BuildVerb object at 0x71d9059435b0>>, mixin_verb=('build',))
[0.143s] Level 1:colcon.colcon_core.package_discovery:discover_packages(colcon_meta) check parameters
[0.143s] Level 1:colcon.colcon_core.package_discovery:discover_packages(recursive) check parameters
[0.143s] Level 1:colcon.colcon_core.package_discovery:discover_packages(ignore) check parameters
[0.144s] Level 1:colcon.colcon_core.package_discovery:discover_packages(path) check parameters
[0.144s] Level 1:colcon.colcon_core.package_discovery:discover_packages(colcon_meta) discover
[0.144s] Level 1:colcon.colcon_core.package_discovery:discover_packages(recursive) discover
[0.144s] INFO:colcon.colcon_core.package_discovery:Crawling recursively for packages in '/home/sourav/ROS2-Self-Driving-Robot/control/bumperbot_ws'
[0.144s] Level 1:colcon.colcon_core.package_identification:_identify(.) by extensions ['ignore', 'ignore_ament_install']
[0.144s] Level 1:colcon.colcon_core.package_identification:_identify(.) by extension 'ignore'
[0.144s] Level 1:colcon.colcon_core.package_identification:_identify(.) by extension 'ignore_ament_install'
[0.144s] Level 1:colcon.colcon_core.package_identification:_identify(.) by extensions ['colcon_pkg']
[0.144s] Level 1:colcon.colcon_core.package_identification:_identify(.) by extension 'colcon_pkg'
[0.144s] Level 1:colcon.colcon_core.package_identification:_identify(.) by extensions ['colcon_meta']
[0.144s] Level 1:colcon.colcon_core.package_identification:_identify(.) by extension 'colcon_meta'
[0.144s] Level 1:colcon.colcon_core.package_identification:_identify(.) by extensions ['ros']
[0.144s] Level 1:colcon.colcon_core.package_identification:_identify(.) by extension 'ros'
[0.150s] Level 1:colcon.colcon_core.package_identification:_identify(.) by extensions ['cmake', 'python']
[0.150s] Level 1:colcon.colcon_core.package_identification:_identify(.) by extension 'cmake'
[0.150s] Level 1:colcon.colcon_core.package_identification:_identify(.) by extension 'python'
[0.150s] Level 1:colcon.colcon_core.package_identification:_identify(.) by extensions ['python_setup_py']
[0.150s] Level 1:colcon.colcon_core.package_identification:_identify(.) by extension 'python_setup_py'
[0.150s] Level 1:colcon.colcon_core.package_identification:_identify(build) by extensions ['ignore', 'ignore_ament_install']
[0.150s] Level 1:colcon.colcon_core.package_identification:_identify(build) by extension 'ignore'
[0.150s] Level 1:colcon.colcon_core.package_identification:_identify(build) ignored
[0.150s] Level 1:colcon.colcon_core.package_identification:_identify(install) by extensions ['ignore', 'ignore_ament_install']
[0.151s] Level 1:colcon.colcon_core.package_identification:_identify(install) by extension 'ignore'
[0.151s] Level 1:colcon.colcon_core.package_identification:_identify(install) ignored
[0.151s] Level 1:colcon.colcon_core.package_identification:_identify(log) by extensions ['ignore', 'ignore_ament_install']
[0.151s] Level 1:colcon.colcon_core.package_identification:_identify(log) by extension 'ignore'
[0.151s] Level 1:colcon.colcon_core.package_identification:_identify(log) ignored
[0.151s] Level 1:colcon.colcon_core.package_identification:_identify(src) by extensions ['ignore', 'ignore_ament_install']
[0.151s] Level 1:colcon.colcon_core.package_identification:_identify(src) by extension 'ignore'
[0.151s] Level 1:colcon.colcon_core.package_identification:_identify(src) by extension 'ignore_ament_install'
[0.151s] Level 1:colcon.colcon_core.package_identification:_identify(src) by extensions ['colcon_pkg']
[0.151s] Level 1:colcon.colcon_core.package_identification:_identify(src) by extension 'colcon_pkg'
[0.151s] Level 1:colcon.colcon_core.package_identification:_identify(src) by extensions ['colcon_meta']
[0.151s] Level 1:colcon.colcon_core.package_identification:_identify(src) by extension 'colcon_meta'
[0.151s] Level 1:colcon.colcon_core.package_identification:_identify(src) by extensions ['ros']
[0.151s] Level 1:colcon.colcon_core.package_identification:_identify(src) by extension 'ros'
[0.151s] Level 1:colcon.colcon_core.package_identification:_identify(src) by extensions ['cmake', 'python']
[0.151s] Level 1:colcon.colcon_core.package_identification:_identify(src) by extension 'cmake'
[0.151s] Level 1:colcon.colcon_core.package_identification:_identify(src) by extension 'python'
[0.151s] Level 1:colcon.colcon_core.package_identification:_identify(src) by extensions ['python_setup_py']
[0.151s] Level 1:colcon.colcon_core.package_identification:_identify(src) by extension 'python_setup_py'
[0.151s] Level 1:colcon.colcon_core.package_identification:_identify(src/bumperbot_bringup) by extensions ['ignore', 'ignore_ament_install']
[0.151s] Level 1:colcon.colcon_core.package_identification:_identify(src/bumperbot_bringup) by extension 'ignore'
[0.151s] Level 1:colcon.colcon_core.package_identification:_identify(src/bumperbot_bringup) by extension 'ignore_ament_install'
[0.151s] Level 1:colcon.colcon_core.package_identification:_identify(src/bumperbot_bringup) by extensions ['colcon_pkg']
[0.151s] Level 1:colcon.colcon_core.package_identification:_identify(src/bumperbot_bringup) by extension 'colcon_pkg'
[0.151s] Level 1:colcon.colcon_core.package_identification:_identify(src/bumperbot_bringup) by extensions ['colcon_meta']
[0.151s] Level 1:colcon.colcon_core.package_identification:_identify(src/bumperbot_bringup) by extension 'colcon_meta'
[0.151s] Level 1:colcon.colcon_core.package_identification:_identify(src/bumperbot_bringup) by extensions ['ros']
[0.151s] Level 1:colcon.colcon_core.package_identification:_identify(src/bumperbot_bringup) by extension 'ros'
[0.153s] DEBUG:colcon.colcon_core.package_identification:Package 'src/bumperbot_bringup' with type 'ros.ament_cmake' and name 'bumperbot_bringup'
[0.153s] Level 1:colcon.colcon_core.package_identification:_identify(src/bumperbot_controller) by extensions ['ignore', 'ignore_ament_install']
[0.153s] Level 1:colcon.colcon_core.package_identification:_identify(src/bumperbot_controller) by extension 'ignore'
[0.153s] Level 1:colcon.colcon_core.package_identification:_identify(src/bumperbot_controller) by extension 'ignore_ament_install'
[0.153s] Level 1:colcon.colcon_core.package_identification:_identify(src/bumperbot_controller) by extensions ['colcon_pkg']
[0.153s] Level 1:colcon.colcon_core.package_identification:_identify(src/bumperbot_controller) by extension 'colcon_pkg'
[0.153s] Level 1:colcon.colcon_core.package_identification:_identify(src/bumperbot_controller) by extensions ['colcon_meta']
[0.153s] Level 1:colcon.colcon_core.package_identification:_identify(src/bumperbot_controller) by extension 'colcon_meta'
[0.153s] Level 1:colcon.colcon_core.package_identification:_identify(src/bumperbot_controller) by extensions ['ros']
[0.153s] Level 1:colcon.colcon_core.package_identification:_identify(src/bumperbot_controller) by extension 'ros'
[0.154s] DEBUG:colcon.colcon_core.package_identification:Package 'src/bumperbot_controller' with type 'ros.ament_cmake' and name 'bumperbot_controller'
[0.154s] Level 1:colcon.colcon_core.package_identification:_identify(src/bumperbot_cpp_examples) by extensions ['ignore', 'ignore_ament_install']
[0.154s] Level 1:colcon.colcon_core.package_identification:_identify(src/bumperbot_cpp_examples) by extension 'ignore'
[0.154s] Level 1:colcon.colcon_core.package_identification:_identify(src/bumperbot_cpp_examples) by extension 'ignore_ament_install'
[0.154s] Level 1:colcon.colcon_core.package_identification:_identify(src/bumperbot_cpp_examples) by extensions ['colcon_pkg']
[0.154s] Level 1:colcon.colcon_core.package_identification:_identify(src/bumperbot_cpp_examples) by extension 'colcon_pkg'
[0.154s] Level 1:colcon.colcon_core.package_identification:_identify(src/bumperbot_cpp_examples) by extensions ['colcon_meta']
[0.154s] Level 1:colcon.colcon_core.package_identification:_identify(src/bumperbot_cpp_examples) by extension 'colcon_meta'
[0.154s] Level 1:colcon.colcon_core.package_identification:_identify(src/bumperbot_cpp_examples) by extensions ['ros']
[0.154s] Level 1:colcon.colcon_core.package_identification:_identify(src/bumperbot_cpp_examples) by extension 'ros'
[0.154s] DEBUG:colcon.colcon_core.package_identification:Package 'src/bumperbot_cpp_examples' with type 'ros.ament_cmake' and name 'bumperbot_cpp_examples'
[0.155s] Level 1:colcon.colcon_core.package_identification:_identify(src/bumperbot_description) by extensions ['ignore', 'ignore_ament_install']
[0.155s] Level 1:colcon.colcon_core.package_identification:_identify(src/bumperbot_description) by extension 'ignore'
[0.155s] Level 1:colcon.colcon_core.package_identification:_identify(src/bumperbot_description) by extension 'ignore_ament_install'
[0.155s] Level 1:colcon.colcon_core.package_identification:_identify(src/bumperbot_description) by extensions ['colcon_pkg']
[0.155s] Level 1:colcon.colcon_core.package_identification:_identify(src/bumperbot_description) by extension 'colcon_pkg'
[0.155s] Level 1:colcon.colcon_core.package_identification:_identify(src/bumperbot_description) by extensions ['colcon_meta']
[0.155s] Level 1:colcon.colcon_core.package_identification:_identify(src/bumperbot_description) by extension 'colcon_meta'
[0.155s] Level 1:colcon.colcon_core.package_identification:_identify(src/bumperbot_description) by extensions ['ros']
[0.155s] Level 1:colcon.colcon_core.package_identification:_identify(src/bumperbot_description) by extension 'ros'
[0.155s] DEBUG:colcon.colcon_core.package_identification:Package 'src/bumperbot_description' with type 'ros.ament_cmake' and name 'bumperbot_description'
[0.155s] Level 1:colcon.colcon_core.package_identification:_identify(src/bumperbot_firmware) by extensions ['ignore', 'ignore_ament_install']
[0.155s] Level 1:colcon.colcon_core.package_identification:_identify(src/bumperbot_firmware) by extension 'ignore'
[0.155s] Level 1:colcon.colcon_core.package_identification:_identify(src/bumperbot_firmware) by extension 'ignore_ament_install'
[0.155s] Level 1:colcon.colcon_core.package_identification:_identify(src/bumperbot_firmware) by extensions ['colcon_pkg']
[0.155s] Level 1:colcon.colcon_core.package_identification:_identify(src/bumperbot_firmware) by extension 'colcon_pkg'
[0.155s] Level 1:colcon.colcon_core.package_identification:_identify(src/bumperbot_firmware) by extensions ['colcon_meta']
[0.155s] Level 1:colcon.colcon_core.package_identification:_identify(src/bumperbot_firmware) by extension 'colcon_meta'
[0.155s] Level 1:colcon.colcon_core.package_identification:_identify(src/bumperbot_firmware) by extensions ['ros']
[0.155s] Level 1:colcon.colcon_core.package_identification:_identify(src/bumperbot_firmware) by extension 'ros'
[0.156s] DEBUG:colcon.colcon_core.package_identification:Package 'src/bumperbot_firmware' with type 'ros.ament_cmake' and name 'bumperbot_firmware'
[0.156s] Level 1:colcon.colcon_core.package_identification:_identify(src/bumperbot_localization) by extensions ['ignore', 'ignore_ament_install']
[0.156s] Level 1:colcon.colcon_core.package_identification:_identify(src/bumperbot_localization) by extension 'ignore'
[0.156s] Level 1:colcon.colcon_core.package_identification:_identify(src/bumperbot_localization) by extension 'ignore_ament_install'
[0.156s] Level 1:colcon.colcon_core.package_identification:_identify(src/bumperbot_localization) by extensions ['colcon_pkg']
[0.156s] Level 1:colcon.colcon_core.package_identification:_identify(src/bumperbot_localization) by extension 'colcon_pkg'
[0.156s] Level 1:colcon.colcon_core.package_identification:_identify(src/bumperbot_localization) by extensions ['colcon_meta']
[0.156s] Level 1:colcon.colcon_core.package_identification:_identify(src/bumperbot_localization) by extension 'colcon_meta'
[0.156s] Level 1:colcon.colcon_core.package_identification:_identify(src/bumperbot_localization) by extensions ['ros']
[0.156s] Level 1:colcon.colcon_core.package_identification:_identify(src/bumperbot_localization) by extension 'ros'
[0.156s] DEBUG:colcon.colcon_core.package_identification:Package 'src/bumperbot_localization' with type 'ros.ament_cmake' and name 'bumperbot_localization'
[0.156s] Level 1:colcon.colcon_core.package_identification:_identify(src/bumperbot_msgs) by extensions ['ignore', 'ignore_ament_install']
[0.156s] Level 1:colcon.colcon_core.package_identification:_identify(src/bumperbot_msgs) by extension 'ignore'
[0.156s] Level 1:colcon.colcon_core.package_identification:_identify(src/bumperbot_msgs) by extension 'ignore_ament_install'
[0.156s] Level 1:colcon.colcon_core.package_identification:_identify(src/bumperbot_msgs) by extensions ['colcon_pkg']
[0.156s] Level 1:colcon.colcon_core.package_identification:_identify(src/bumperbot_msgs) by extension 'colcon_pkg'
[0.156s] Level 1:colcon.colcon_core.package_identification:_identify(src/bumperbot_msgs) by extensions ['colcon_meta']
[0.156s] Level 1:colcon.colcon_core.package_identification:_identify(src/bumperbot_msgs) by extension 'colcon_meta'
[0.157s] Level 1:colcon.colcon_core.package_identification:_identify(src/bumperbot_msgs) by extensions ['ros']
[0.157s] Level 1:colcon.colcon_core.package_identification:_identify(src/bumperbot_msgs) by extension 'ros'
[0.157s] DEBUG:colcon.colcon_core.package_identification:Package 'src/bumperbot_msgs' with type 'ros.ament_cmake' and name 'bumperbot_msgs'
[0.157s] Level 1:colcon.colcon_core.package_identification:_identify(src/bumperbot_py_examples) by extensions ['ignore', 'ignore_ament_install']
[0.157s] Level 1:colcon.colcon_core.package_identification:_identify(src/bumperbot_py_examples) by extension 'ignore'
[0.157s] Level 1:colcon.colcon_core.package_identification:_identify(src/bumperbot_py_examples) by extension 'ignore_ament_install'
[0.157s] Level 1:colcon.colcon_core.package_identification:_identify(src/bumperbot_py_examples) by extensions ['colcon_pkg']
[0.157s] Level 1:colcon.colcon_core.package_identification:_identify(src/bumperbot_py_examples) by extension 'colcon_pkg'
[0.157s] Level 1:colcon.colcon_core.package_identification:_identify(src/bumperbot_py_examples) by extensions ['colcon_meta']
[0.157s] Level 1:colcon.colcon_core.package_identification:_identify(src/bumperbot_py_examples) by extension 'colcon_meta'
[0.157s] Level 1:colcon.colcon_core.package_identification:_identify(src/bumperbot_py_examples) by extensions ['ros']
[0.157s] Level 1:colcon.colcon_core.package_identification:_identify(src/bumperbot_py_examples) by extension 'ros'
[0.158s] DEBUG:colcon.colcon_core.package_identification:Package 'src/bumperbot_py_examples' with type 'ros.ament_python' and name 'bumperbot_py_examples'
[0.158s] Level 1:colcon.colcon_core.package_identification:_identify(src/bumperbot_utils) by extensions ['ignore', 'ignore_ament_install']
[0.158s] Level 1:colcon.colcon_core.package_identification:_identify(src/bumperbot_utils) by extension 'ignore'
[0.158s] Level 1:colcon.colcon_core.package_identification:_identify(src/bumperbot_utils) by extension 'ignore_ament_install'
[0.158s] Level 1:colcon.colcon_core.package_identification:_identify(src/bumperbot_utils) by extensions ['colcon_pkg']
[0.158s] Level 1:colcon.colcon_core.package_identification:_identify(src/bumperbot_utils) by extension 'colcon_pkg'
[0.158s] Level 1:colcon.colcon_core.package_identification:_identify(src/bumperbot_utils) by extensions ['colcon_meta']
[0.158s] Level 1:colcon.colcon_core.package_identification:_identify(src/bumperbot_utils) by extension 'colcon_meta'
[0.158s] Level 1:colcon.colcon_core.package_identification:_identify(src/bumperbot_utils) by extensions ['ros']
[0.158s] Level 1:colcon.colcon_core.package_identification:_identify(src/bumperbot_utils) by extension 'ros'
[0.158s] DEBUG:colcon.colcon_core.package_identification:Package 'src/bumperbot_utils' with type 'ros.ament_cmake' and name 'bumperbot_utils'
[0.158s] Level 1:colcon.colcon_core.package_identification:_identify(src/imu_tools) by extensions ['ignore', 'ignore_ament_install']
[0.158s] Level 1:colcon.colcon_core.package_identification:_identify(src/imu_tools) by extension 'ignore'
[0.158s] Level 1:colcon.colcon_core.package_identification:_identify(src/imu_tools) by extension 'ignore_ament_install'
[0.158s] Level 1:colcon.colcon_core.package_identification:_identify(src/imu_tools) by extensions ['colcon_pkg']
[0.158s] Level 1:colcon.colcon_core.package_identification:_identify(src/imu_tools) by extension 'colcon_pkg'
[0.158s] Level 1:colcon.colcon_core.package_identification:_identify(src/imu_tools) by extensions ['colcon_meta']
[0.158s] Level 1:colcon.colcon_core.package_identification:_identify(src/imu_tools) by extension 'colcon_meta'
[0.158s] Level 1:colcon.colcon_core.package_identification:_identify(src/imu_tools) by extensions ['ros']
[0.158s] Level 1:colcon.colcon_core.package_identification:_identify(src/imu_tools) by extension 'ros'
[0.158s] Level 1:colcon.colcon_core.package_identification:_identify(src/imu_tools) by extensions ['cmake', 'python']
[0.158s] Level 1:colcon.colcon_core.package_identification:_identify(src/imu_tools) by extension 'cmake'
[0.159s] Level 1:colcon.colcon_core.package_identification:_identify(src/imu_tools) by extension 'python'
[0.159s] Level 1:colcon.colcon_core.package_identification:_identify(src/imu_tools) by extensions ['python_setup_py']
[0.159s] Level 1:colcon.colcon_core.package_identification:_identify(src/imu_tools) by extension 'python_setup_py'
[0.159s] Level 1:colcon.colcon_core.package_identification:_identify(src/imu_tools/imu_complementary_filter) by extensions ['ignore', 'ignore_ament_install']
[0.159s] Level 1:colcon.colcon_core.package_identification:_identify(src/imu_tools/imu_complementary_filter) by extension 'ignore'
[0.159s] Level 1:colcon.colcon_core.package_identification:_identify(src/imu_tools/imu_complementary_filter) by extension 'ignore_ament_install'
[0.159s] Level 1:colcon.colcon_core.package_identification:_identify(src/imu_tools/imu_complementary_filter) by extensions ['colcon_pkg']
[0.159s] Level 1:colcon.colcon_core.package_identification:_identify(src/imu_tools/imu_complementary_filter) by extension 'colcon_pkg'
[0.159s] Level 1:colcon.colcon_core.package_identification:_identify(src/imu_tools/imu_complementary_filter) by extensions ['colcon_meta']
[0.159s] Level 1:colcon.colcon_core.package_identification:_identify(src/imu_tools/imu_complementary_filter) by extension 'colcon_meta'
[0.159s] Level 1:colcon.colcon_core.package_identification:_identify(src/imu_tools/imu_complementary_filter) by extensions ['ros']
[0.159s] Level 1:colcon.colcon_core.package_identification:_identify(src/imu_tools/imu_complementary_filter) by extension 'ros'
[0.159s] DEBUG:colcon.colcon_core.package_identification:Package 'src/imu_tools/imu_complementary_filter' with type 'ros.ament_cmake' and name 'imu_complementary_filter'
[0.159s] Level 1:colcon.colcon_core.package_identification:_identify(src/imu_tools/imu_filter_madgwick) by extensions ['ignore', 'ignore_ament_install']
[0.159s] Level 1:colcon.colcon_core.package_identification:_identify(src/imu_tools/imu_filter_madgwick) by extension 'ignore'
[0.159s] Level 1:colcon.colcon_core.package_identification:_identify(src/imu_tools/imu_filter_madgwick) by extension 'ignore_ament_install'
[0.159s] Level 1:colcon.colcon_core.package_identification:_identify(src/imu_tools/imu_filter_madgwick) by extensions ['colcon_pkg']
[0.159s] Level 1:colcon.colcon_core.package_identification:_identify(src/imu_tools/imu_filter_madgwick) by extension 'colcon_pkg'
[0.159s] Level 1:colcon.colcon_core.package_identification:_identify(src/imu_tools/imu_filter_madgwick) by extensions ['colcon_meta']
[0.159s] Level 1:colcon.colcon_core.package_identification:_identify(src/imu_tools/imu_filter_madgwick) by extension 'colcon_meta'
[0.159s] Level 1:colcon.colcon_core.package_identification:_identify(src/imu_tools/imu_filter_madgwick) by extensions ['ros']
[0.159s] Level 1:colcon.colcon_core.package_identification:_identify(src/imu_tools/imu_filter_madgwick) by extension 'ros'
[0.160s] DEBUG:colcon.colcon_core.package_identification:Package 'src/imu_tools/imu_filter_madgwick' with type 'ros.ament_cmake' and name 'imu_filter_madgwick'
[0.160s] Level 1:colcon.colcon_core.package_identification:_identify(src/imu_tools/imu_tools) by extensions ['ignore', 'ignore_ament_install']
[0.160s] Level 1:colcon.colcon_core.package_identification:_identify(src/imu_tools/imu_tools) by extension 'ignore'
[0.160s] Level 1:colcon.colcon_core.package_identification:_identify(src/imu_tools/imu_tools) by extension 'ignore_ament_install'
[0.160s] Level 1:colcon.colcon_core.package_identification:_identify(src/imu_tools/imu_tools) by extensions ['colcon_pkg']
[0.160s] Level 1:colcon.colcon_core.package_identification:_identify(src/imu_tools/imu_tools) by extension 'colcon_pkg'
[0.160s] Level 1:colcon.colcon_core.package_identification:_identify(src/imu_tools/imu_tools) by extensions ['colcon_meta']
[0.160s] Level 1:colcon.colcon_core.package_identification:_identify(src/imu_tools/imu_tools) by extension 'colcon_meta'
[0.160s] Level 1:colcon.colcon_core.package_identification:_identify(src/imu_tools/imu_tools) by extensions ['ros']
[0.160s] Level 1:colcon.colcon_core.package_identification:_identify(src/imu_tools/imu_tools) by extension 'ros'
[0.161s] DEBUG:colcon.colcon_core.package_identification:Package 'src/imu_tools/imu_tools' with type 'ros.ament_cmake' and name 'imu_tools'
[0.161s] Level 1:colcon.colcon_core.package_identification:_identify(src/imu_tools/rviz_imu_plugin) by extensions ['ignore', 'ignore_ament_install']
[0.161s] Level 1:colcon.colcon_core.package_identification:_identify(src/imu_tools/rviz_imu_plugin) by extension 'ignore'
[0.161s] Level 1:colcon.colcon_core.package_identification:_identify(src/imu_tools/rviz_imu_plugin) by extension 'ignore_ament_install'
[0.161s] Level 1:colcon.colcon_core.package_identification:_identify(src/imu_tools/rviz_imu_plugin) by extensions ['colcon_pkg']
[0.161s] Level 1:colcon.colcon_core.package_identification:_identify(src/imu_tools/rviz_imu_plugin) by extension 'colcon_pkg'
[0.161s] Level 1:colcon.colcon_core.package_identification:_identify(src/imu_tools/rviz_imu_plugin) by extensions ['colcon_meta']
[0.161s] Level 1:colcon.colcon_core.package_identification:_identify(src/imu_tools/rviz_imu_plugin) by extension 'colcon_meta'
[0.161s] Level 1:colcon.colcon_core.package_identification:_identify(src/imu_tools/rviz_imu_plugin) by extensions ['ros']
[0.161s] Level 1:colcon.colcon_core.package_identification:_identify(src/imu_tools/rviz_imu_plugin) by extension 'ros'
[0.161s] DEBUG:colcon.colcon_core.package_identification:Package 'src/imu_tools/rviz_imu_plugin' with type 'ros.ament_cmake' and name 'rviz_imu_plugin'
[0.162s] Level 1:colcon.colcon_core.package_discovery:discover_packages(recursive) using defaults
[0.162s] Level 1:colcon.colcon_core.package_discovery:discover_packages(ignore) discover
[0.162s] Level 1:colcon.colcon_core.package_discovery:discover_packages(ignore) using defaults
[0.162s] Level 1:colcon.colcon_core.package_discovery:discover_packages(path) discover
[0.162s] Level 1:colcon.colcon_core.package_discovery:discover_packages(path) using defaults
[0.180s] Level 1:colcon.colcon_core.package_discovery:discover_packages(prefix_path) check parameters
[0.180s] Level 1:colcon.colcon_core.package_discovery:discover_packages(prefix_path) discover
[0.181s] DEBUG:colcon.colcon_installed_package_information.package_discovery:Found 363 installed packages in /opt/ros/humble
[0.182s] Level 1:colcon.colcon_core.package_discovery:discover_packages(prefix_path) using defaults
[0.204s] Level 5:colcon.colcon_core.verb:set package 'bumperbot_bringup' build argument 'cmake_args' from command line to 'None'
[0.204s] Level 5:colcon.colcon_core.verb:set package 'bumperbot_bringup' build argument 'cmake_target' from command line to 'None'
[0.204s] Level 5:colcon.colcon_core.verb:set package 'bumperbot_bringup' build argument 'cmake_target_skip_unavailable' from command line to 'False'
[0.204s] Level 5:colcon.colcon_core.verb:set package 'bumperbot_bringup' build argument 'cmake_clean_cache' from command line to 'False'
[0.204s] Level 5:colcon.colcon_core.verb:set package 'bumperbot_bringup' build argument 'cmake_clean_first' from command line to 'False'
[0.204s] Level 5:colcon.colcon_core.verb:set package 'bumperbot_bringup' build argument 'cmake_force_configure' from command line to 'False'
[0.204s] Level 5:colcon.colcon_core.verb:set package 'bumperbot_bringup' build argument 'ament_cmake_args' from command line to 'None'
[0.204s] Level 5:colcon.colcon_core.verb:set package 'bumperbot_bringup' build argument 'catkin_cmake_args' from command line to 'None'
[0.204s] Level 5:colcon.colcon_core.verb:set package 'bumperbot_bringup' build argument 'catkin_skip_building_tests' from command line to 'False'
[0.204s] DEBUG:colcon.colcon_core.verb:Building package 'bumperbot_bringup' with the following arguments: {'ament_cmake_args': None, 'build_base': '/home/sourav/ROS2-Self-Driving-Robot/control/bumperbot_ws/build/bumperbot_bringup', 'catkin_cmake_args': None, 'catkin_skip_building_tests': False, 'cmake_args': None, 'cmake_clean_cache': False, 'cmake_clean_first': False, 'cmake_force_configure': False, 'cmake_target': None, 'cmake_target_skip_unavailable': False, 'install_base': '/home/sourav/ROS2-Self-Driving-Robot/control/bumperbot_ws/install/bumperbot_bringup', 'merge_install': False, 'path': '/home/sourav/ROS2-Self-Driving-Robot/control/bumperbot_ws/src/bumperbot_bringup', 'symlink_install': False, 'test_result_base': None}
[0.204s] Level 5:colcon.colcon_core.verb:set package 'bumperbot_controller' build argument 'cmake_args' from command line to 'None'
[0.204s] Level 5:colcon.colcon_core.verb:set package 'bumperbot_controller' build argument 'cmake_target' from command line to 'None'
[0.204s] Level 5:colcon.colcon_core.verb:set package 'bumperbot_controller' build argument 'cmake_target_skip_unavailable' from command line to 'False'
[0.204s] Level 5:colcon.colcon_core.verb:set package 'bumperbot_controller' build argument 'cmake_clean_cache' from command line to 'False'
[0.204s] Level 5:colcon.colcon_core.verb:set package 'bumperbot_controller' build argument 'cmake_clean_first' from command line to 'False'
[0.204s] Level 5:colcon.colcon_core.verb:set package 'bumperbot_controller' build argument 'cmake_force_configure' from command line to 'False'
[0.204s] Level 5:colcon.colcon_core.verb:set package 'bumperbot_controller' build argument 'ament_cmake_args' from command line to 'None'
[0.204s] Level 5:colcon.colcon_core.verb:set package 'bumperbot_controller' build argument 'catkin_cmake_args' from command line to 'None'
[0.204s] Level 5:colcon.colcon_core.verb:set package 'bumperbot_controller' build argument 'catkin_skip_building_tests' from command line to 'False'
[0.204s] DEBUG:colcon.colcon_core.verb:Building package 'bumperbot_controller' with the following arguments: {'ament_cmake_args': None, 'build_base': '/home/sourav/ROS2-Self-Driving-Robot/control/bumperbot_ws/build/bumperbot_controller', 'catkin_cmake_args': None, 'catkin_skip_building_tests': False, 'cmake_args': None, 'cmake_clean_cache': False, 'cmake_clean_first': False, 'cmake_force_configure': False, 'cmake_target': None, 'cmake_target_skip_unavailable': False, 'install_base': '/home/sourav/ROS2-Self-Driving-Robot/control/bumperbot_ws/install/bumperbot_controller', 'merge_install': False, 'path': '/home/sourav/ROS2-Self-Driving-Robot/control/bumperbot_ws/src/bumperbot_controller', 'symlink_install': False, 'test_result_base': None}
[0.204s] Level 5:colcon.colcon_core.verb:set package 'bumperbot_description' build argument 'cmake_args' from command line to 'None'
[0.204s] Level 5:colcon.colcon_core.verb:set package 'bumperbot_description' build argument 'cmake_target' from command line to 'None'
[0.204s] Level 5:colcon.colcon_core.verb:set package 'bumperbot_description' build argument 'cmake_target_skip_unavailable' from command line to 'False'
[0.204s] Level 5:colcon.colcon_core.verb:set package 'bumperbot_description' build argument 'cmake_clean_cache' from command line to 'False'
[0.204s] Level 5:colcon.colcon_core.verb:set package 'bumperbot_description' build argument 'cmake_clean_first' from command line to 'False'
[0.204s] Level 5:colcon.colcon_core.verb:set package 'bumperbot_description' build argument 'cmake_force_configure' from command line to 'False'
[0.204s] Level 5:colcon.colcon_core.verb:set package 'bumperbot_description' build argument 'ament_cmake_args' from command line to 'None'
[0.204s] Level 5:colcon.colcon_core.verb:set package 'bumperbot_description' build argument 'catkin_cmake_args' from command line to 'None'
[0.205s] Level 5:colcon.colcon_core.verb:set package 'bumperbot_description' build argument 'catkin_skip_building_tests' from command line to 'False'
[0.205s] DEBUG:colcon.colcon_core.verb:Building package 'bumperbot_description' with the following arguments: {'ament_cmake_args': None, 'build_base': '/home/sourav/ROS2-Self-Driving-Robot/control/bumperbot_ws/build/bumperbot_description', 'catkin_cmake_args': None, 'catkin_skip_building_tests': False, 'cmake_args': None, 'cmake_clean_cache': False, 'cmake_clean_first': False, 'cmake_force_configure': False, 'cmake_target': None, 'cmake_target_skip_unavailable': False, 'install_base': '/home/sourav/ROS2-Self-Driving-Robot/control/bumperbot_ws/install/bumperbot_description', 'merge_install': False, 'path': '/home/sourav/ROS2-Self-Driving-Robot/control/bumperbot_ws/src/bumperbot_description', 'symlink_install': False, 'test_result_base': None}
[0.205s] Level 5:colcon.colcon_core.verb:set package 'bumperbot_firmware' build argument 'cmake_args' from command line to 'None'
[0.205s] Level 5:colcon.colcon_core.verb:set package 'bumperbot_firmware' build argument 'cmake_target' from command line to 'None'
[0.205s] Level 5:colcon.colcon_core.verb:set package 'bumperbot_firmware' build argument 'cmake_target_skip_unavailable' from command line to 'False'
[0.205s] Level 5:colcon.colcon_core.verb:set package 'bumperbot_firmware' build argument 'cmake_clean_cache' from command line to 'False'
[0.205s] Level 5:colcon.colcon_core.verb:set package 'bumperbot_firmware' build argument 'cmake_clean_first' from command line to 'False'
[0.205s] Level 5:colcon.colcon_core.verb:set package 'bumperbot_firmware' build argument 'cmake_force_configure' from command line to 'False'
[0.205s] Level 5:colcon.colcon_core.verb:set package 'bumperbot_firmware' build argument 'ament_cmake_args' from command line to 'None'
[0.205s] Level 5:colcon.colcon_core.verb:set package 'bumperbot_firmware' build argument 'catkin_cmake_args' from command line to 'None'
[0.205s] Level 5:colcon.colcon_core.verb:set package 'bumperbot_firmware' build argument 'catkin_skip_building_tests' from command line to 'False'
[0.205s] DEBUG:colcon.colcon_core.verb:Building package 'bumperbot_firmware' with the following arguments: {'ament_cmake_args': None, 'build_base': '/home/sourav/ROS2-Self-Driving-Robot/control/bumperbot_ws/build/bumperbot_firmware', 'catkin_cmake_args': None, 'catkin_skip_building_tests': False, 'cmake_args': None, 'cmake_clean_cache': False, 'cmake_clean_first': False, 'cmake_force_configure': False, 'cmake_target': None, 'cmake_target_skip_unavailable': False, 'install_base': '/home/sourav/ROS2-Self-Driving-Robot/control/bumperbot_ws/install/bumperbot_firmware', 'merge_install': False, 'path': '/home/sourav/ROS2-Self-Driving-Robot/control/bumperbot_ws/src/bumperbot_firmware', 'symlink_install': False, 'test_result_base': None}
[0.205s] Level 5:colcon.colcon_core.verb:set package 'bumperbot_localization' build argument 'cmake_args' from command line to 'None'
[0.205s] Level 5:colcon.colcon_core.verb:set package 'bumperbot_localization' build argument 'cmake_target' from command line to 'None'
[0.205s] Level 5:colcon.colcon_core.verb:set package 'bumperbot_localization' build argument 'cmake_target_skip_unavailable' from command line to 'False'
[0.205s] Level 5:colcon.colcon_core.verb:set package 'bumperbot_localization' build argument 'cmake_clean_cache' from command line to 'False'
[0.205s] Level 5:colcon.colcon_core.verb:set package 'bumperbot_localization' build argument 'cmake_clean_first' from command line to 'False'
[0.205s] Level 5:colcon.colcon_core.verb:set package 'bumperbot_localization' build argument 'cmake_force_configure' from command line to 'False'
[0.205s] Level 5:colcon.colcon_core.verb:set package 'bumperbot_localization' build argument 'ament_cmake_args' from command line to 'None'
[0.205s] Level 5:colcon.colcon_core.verb:set package 'bumperbot_localization' build argument 'catkin_cmake_args' from command line to 'None'
[0.205s] Level 5:colcon.colcon_core.verb:set package 'bumperbot_localization' build argument 'catkin_skip_building_tests' from command line to 'False'
[0.205s] DEBUG:colcon.colcon_core.verb:Building package 'bumperbot_localization' with the following arguments: {'ament_cmake_args': None, 'build_base': '/home/sourav/ROS2-Self-Driving-Robot/control/bumperbot_ws/build/bumperbot_localization', 'catkin_cmake_args': None, 'catkin_skip_building_tests': False, 'cmake_args': None, 'cmake_clean_cache': False, 'cmake_clean_first': False, 'cmake_force_configure': False, 'cmake_target': None, 'cmake_target_skip_unavailable': False, 'install_base': '/home/sourav/ROS2-Self-Driving-Robot/control/bumperbot_ws/install/bumperbot_localization', 'merge_install': False, 'path': '/home/sourav/ROS2-Self-Driving-Robot/control/bumperbot_ws/src/bumperbot_localization', 'symlink_install': False, 'test_result_base': None}
[0.205s] Level 5:colcon.colcon_core.verb:set package 'bumperbot_msgs' build argument 'cmake_args' from command line to 'None'
[0.205s] Level 5:colcon.colcon_core.verb:set package 'bumperbot_msgs' build argument 'cmake_target' from command line to 'None'
[0.205s] Level 5:colcon.colcon_core.verb:set package 'bumperbot_msgs' build argument 'cmake_target_skip_unavailable' from command line to 'False'
[0.205s] Level 5:colcon.colcon_core.verb:set package 'bumperbot_msgs' build argument 'cmake_clean_cache' from command line to 'False'
[0.205s] Level 5:colcon.colcon_core.verb:set package 'bumperbot_msgs' build argument 'cmake_clean_first' from command line to 'False'
[0.205s] Level 5:colcon.colcon_core.verb:set package 'bumperbot_msgs' build argument 'cmake_force_configure' from command line to 'False'
[0.205s] Level 5:colcon.colcon_core.verb:set package 'bumperbot_msgs' build argument 'ament_cmake_args' from command line to 'None'
[0.205s] Level 5:colcon.colcon_core.verb:set package 'bumperbot_msgs' build argument 'catkin_cmake_args' from command line to 'None'
[0.205s] Level 5:colcon.colcon_core.verb:set package 'bumperbot_msgs' build argument 'catkin_skip_building_tests' from command line to 'False'
[0.205s] DEBUG:colcon.colcon_core.verb:Building package 'bumperbot_msgs' with the following arguments: {'ament_cmake_args': None, 'build_base': '/home/sourav/ROS2-Self-Driving-Robot/control/bumperbot_ws/build/bumperbot_msgs', 'catkin_cmake_args': None, 'catkin_skip_building_tests': False, 'cmake_args': None, 'cmake_clean_cache': False, 'cmake_clean_first': False, 'cmake_force_configure': False, 'cmake_target': None, 'cmake_target_skip_unavailable': False, 'install_base': '/home/sourav/ROS2-Self-Driving-Robot/control/bumperbot_ws/install/bumperbot_msgs', 'merge_install': False, 'path': '/home/sourav/ROS2-Self-Driving-Robot/control/bumperbot_ws/src/bumperbot_msgs', 'symlink_install': False, 'test_result_base': None}
[0.206s] Level 5:colcon.colcon_core.verb:set package 'bumperbot_utils' build argument 'cmake_args' from command line to 'None'
[0.206s] Level 5:colcon.colcon_core.verb:set package 'bumperbot_utils' build argument 'cmake_target' from command line to 'None'
[0.206s] Level 5:colcon.colcon_core.verb:set package 'bumperbot_utils' build argument 'cmake_target_skip_unavailable' from command line to 'False'
[0.206s] Level 5:colcon.colcon_core.verb:set package 'bumperbot_utils' build argument 'cmake_clean_cache' from command line to 'False'
[0.206s] Level 5:colcon.colcon_core.verb:set package 'bumperbot_utils' build argument 'cmake_clean_first' from command line to 'False'
[0.206s] Level 5:colcon.colcon_core.verb:set package 'bumperbot_utils' build argument 'cmake_force_configure' from command line to 'False'
[0.206s] Level 5:colcon.colcon_core.verb:set package 'bumperbot_utils' build argument 'ament_cmake_args' from command line to 'None'
[0.206s] Level 5:colcon.colcon_core.verb:set package 'bumperbot_utils' build argument 'catkin_cmake_args' from command line to 'None'
[0.206s] Level 5:colcon.colcon_core.verb:set package 'bumperbot_utils' build argument 'catkin_skip_building_tests' from command line to 'False'
[0.206s] DEBUG:colcon.colcon_core.verb:Building package 'bumperbot_utils' with the following arguments: {'ament_cmake_args': None, 'build_base': '/home/sourav/ROS2-Self-Driving-Robot/control/bumperbot_ws/build/bumperbot_utils', 'catkin_cmake_args': None, 'catkin_skip_building_tests': False, 'cmake_args': None, 'cmake_clean_cache': False, 'cmake_clean_first': False, 'cmake_force_configure': False, 'cmake_target': None, 'cmake_target_skip_unavailable': False, 'install_base': '/home/sourav/ROS2-Self-Driving-Robot/control/bumperbot_ws/install/bumperbot_utils', 'merge_install': False, 'path': '/home/sourav/ROS2-Self-Driving-Robot/control/bumperbot_ws/src/bumperbot_utils', 'symlink_install': False, 'test_result_base': None}
[0.206s] Level 5:colcon.colcon_core.verb:set package 'imu_complementary_filter' build argument 'cmake_args' from command line to 'None'
[0.206s] Level 5:colcon.colcon_core.verb:set package 'imu_complementary_filter' build argument 'cmake_target' from command line to 'None'
[0.206s] Level 5:colcon.colcon_core.verb:set package 'imu_complementary_filter' build argument 'cmake_target_skip_unavailable' from command line to 'False'
[0.206s] Level 5:colcon.colcon_core.verb:set package 'imu_complementary_filter' build argument 'cmake_clean_cache' from command line to 'False'
[0.206s] Level 5:colcon.colcon_core.verb:set package 'imu_complementary_filter' build argument 'cmake_clean_first' from command line to 'False'
[0.206s] Level 5:colcon.colcon_core.verb:set package 'imu_complementary_filter' build argument 'cmake_force_configure' from command line to 'False'
[0.206s] Level 5:colcon.colcon_core.verb:set package 'imu_complementary_filter' build argument 'ament_cmake_args' from command line to 'None'
[0.206s] Level 5:colcon.colcon_core.verb:set package 'imu_complementary_filter' build argument 'catkin_cmake_args' from command line to 'None'
[0.206s] Level 5:colcon.colcon_core.verb:set package 'imu_complementary_filter' build argument 'catkin_skip_building_tests' from command line to 'False'
[0.206s] DEBUG:colcon.colcon_core.verb:Building package 'imu_complementary_filter' with the following arguments: {'ament_cmake_args': None, 'build_base': '/home/sourav/ROS2-Self-Driving-Robot/control/bumperbot_ws/build/imu_complementary_filter', 'catkin_cmake_args': None, 'catkin_skip_building_tests': False, 'cmake_args': None, 'cmake_clean_cache': False, 'cmake_clean_first': False, 'cmake_force_configure': False, 'cmake_target': None, 'cmake_target_skip_unavailable': False, 'install_base': '/home/sourav/ROS2-Self-Driving-Robot/control/bumperbot_ws/install/imu_complementary_filter', 'merge_install': False, 'path': '/home/sourav/ROS2-Self-Driving-Robot/control/bumperbot_ws/src/imu_tools/imu_complementary_filter', 'symlink_install': False, 'test_result_base': None}
[0.206s] Level 5:colcon.colcon_core.verb:set package 'imu_filter_madgwick' build argument 'cmake_args' from command line to 'None'
[0.206s] Level 5:colcon.colcon_core.verb:set package 'imu_filter_madgwick' build argument 'cmake_target' from command line to 'None'
[0.206s] Level 5:colcon.colcon_core.verb:set package 'imu_filter_madgwick' build argument 'cmake_target_skip_unavailable' from command line to 'False'
[0.206s] Level 5:colcon.colcon_core.verb:set package 'imu_filter_madgwick' build argument 'cmake_clean_cache' from command line to 'False'
[0.206s] Level 5:colcon.colcon_core.verb:set package 'imu_filter_madgwick' build argument 'cmake_clean_first' from command line to 'False'
[0.206s] Level 5:colcon.colcon_core.verb:set package 'imu_filter_madgwick' build argument 'cmake_force_configure' from command line to 'False'
[0.206s] Level 5:colcon.colcon_core.verb:set package 'imu_filter_madgwick' build argument 'ament_cmake_args' from command line to 'None'
[0.206s] Level 5:colcon.colcon_core.verb:set package 'imu_filter_madgwick' build argument 'catkin_cmake_args' from command line to 'None'
[0.206s] Level 5:colcon.colcon_core.verb:set package 'imu_filter_madgwick' build argument 'catkin_skip_building_tests' from command line to 'False'
[0.206s] DEBUG:colcon.colcon_core.verb:Building package 'imu_filter_madgwick' with the following arguments: {'ament_cmake_args': None, 'build_base': '/home/sourav/ROS2-Self-Driving-Robot/control/bumperbot_ws/build/imu_filter_madgwick', 'catkin_cmake_args': None, 'catkin_skip_building_tests': False, 'cmake_args': None, 'cmake_clean_cache': False, 'cmake_clean_first': False, 'cmake_force_configure': False, 'cmake_target': None, 'cmake_target_skip_unavailable': False, 'install_base': '/home/sourav/ROS2-Self-Driving-Robot/control/bumperbot_ws/install/imu_filter_madgwick', 'merge_install': False, 'path': '/home/sourav/ROS2-Self-Driving-Robot/control/bumperbot_ws/src/imu_tools/imu_filter_madgwick', 'symlink_install': False, 'test_result_base': None}
[0.206s] Level 5:colcon.colcon_core.verb:set package 'rviz_imu_plugin' build argument 'cmake_args' from command line to 'None'
[0.206s] Level 5:colcon.colcon_core.verb:set package 'rviz_imu_plugin' build argument 'cmake_target' from command line to 'None'
[0.206s] Level 5:colcon.colcon_core.verb:set package 'rviz_imu_plugin' build argument 'cmake_target_skip_unavailable' from command line to 'False'
[0.206s] Level 5:colcon.colcon_core.verb:set package 'rviz_imu_plugin' build argument 'cmake_clean_cache' from command line to 'False'
[0.206s] Level 5:colcon.colcon_core.verb:set package 'rviz_imu_plugin' build argument 'cmake_clean_first' from command line to 'False'
[0.206s] Level 5:colcon.colcon_core.verb:set package 'rviz_imu_plugin' build argument 'cmake_force_configure' from command line to 'False'
[0.206s] Level 5:colcon.colcon_core.verb:set package 'rviz_imu_plugin' build argument 'ament_cmake_args' from command line to 'None'
[0.206s] Level 5:colcon.colcon_core.verb:set package 'rviz_imu_plugin' build argument 'catkin_cmake_args' from command line to 'None'
[0.206s] Level 5:colcon.colcon_core.verb:set package 'rviz_imu_plugin' build argument 'catkin_skip_building_tests' from command line to 'False'
[0.206s] DEBUG:colcon.colcon_core.verb:Building package 'rviz_imu_plugin' with the following arguments: {'ament_cmake_args': None, 'build_base': '/home/sourav/ROS2-Self-Driving-Robot/control/bumperbot_ws/build/rviz_imu_plugin', 'catkin_cmake_args': None, 'catkin_skip_building_tests': False, 'cmake_args': None, 'cmake_clean_cache': False, 'cmake_clean_first': False, 'cmake_force_configure': False, 'cmake_target': None, 'cmake_target_skip_unavailable': False, 'install_base': '/home/sourav/ROS2-Self-Driving-Robot/control/bumperbot_ws/install/rviz_imu_plugin', 'merge_install': False, 'path': '/home/sourav/ROS2-Self-Driving-Robot/control/bumperbot_ws/src/imu_tools/rviz_imu_plugin', 'symlink_install': False, 'test_result_base': None}
[0.207s] Level 5:colcon.colcon_core.verb:set package 'bumperbot_cpp_examples' build argument 'cmake_args' from command line to 'None'
[0.207s] Level 5:colcon.colcon_core.verb:set package 'bumperbot_cpp_examples' build argument 'cmake_target' from command line to 'None'
[0.207s] Level 5:colcon.colcon_core.verb:set package 'bumperbot_cpp_examples' build argument 'cmake_target_skip_unavailable' from command line to 'False'
[0.207s] Level 5:colcon.colcon_core.verb:set package 'bumperbot_cpp_examples' build argument 'cmake_clean_cache' from command line to 'False'
[0.207s] Level 5:colcon.colcon_core.verb:set package 'bumperbot_cpp_examples' build argument 'cmake_clean_first' from command line to 'False'
[0.207s] Level 5:colcon.colcon_core.verb:set package 'bumperbot_cpp_examples' build argument 'cmake_force_configure' from command line to 'False'
[0.207s] Level 5:colcon.colcon_core.verb:set package 'bumperbot_cpp_examples' build argument 'ament_cmake_args' from command line to 'None'
[0.207s] Level 5:colcon.colcon_core.verb:set package 'bumperbot_cpp_examples' build argument 'catkin_cmake_args' from command line to 'None'
[0.207s] Level 5:colcon.colcon_core.verb:set package 'bumperbot_cpp_examples' build argument 'catkin_skip_building_tests' from command line to 'False'
[0.207s] DEBUG:colcon.colcon_core.verb:Building package 'bumperbot_cpp_examples' with the following arguments: {'ament_cmake_args': None, 'build_base': '/home/sourav/ROS2-Self-Driving-Robot/control/bumperbot_ws/build/bumperbot_cpp_examples', 'catkin_cmake_args': None, 'catkin_skip_building_tests': False, 'cmake_args': None, 'cmake_clean_cache': False, 'cmake_clean_first': False, 'cmake_force_configure': False, 'cmake_target': None, 'cmake_target_skip_unavailable': False, 'install_base': '/home/sourav/ROS2-Self-Driving-Robot/control/bumperbot_ws/install/bumperbot_cpp_examples', 'merge_install': False, 'path': '/home/sourav/ROS2-Self-Driving-Robot/control/bumperbot_ws/src/bumperbot_cpp_examples', 'symlink_install': False, 'test_result_base': None}
[0.207s] Level 5:colcon.colcon_core.verb:set package 'bumperbot_py_examples' build argument 'cmake_args' from command line to 'None'
[0.207s] Level 5:colcon.colcon_core.verb:set package 'bumperbot_py_examples' build argument 'cmake_target' from command line to 'None'
[0.207s] Level 5:colcon.colcon_core.verb:set package 'bumperbot_py_examples' build argument 'cmake_target_skip_unavailable' from command line to 'False'
[0.207s] Level 5:colcon.colcon_core.verb:set package 'bumperbot_py_examples' build argument 'cmake_clean_cache' from command line to 'False'
[0.207s] Level 5:colcon.colcon_core.verb:set package 'bumperbot_py_examples' build argument 'cmake_clean_first' from command line to 'False'
[0.207s] Level 5:colcon.colcon_core.verb:set package 'bumperbot_py_examples' build argument 'cmake_force_configure' from command line to 'False'
[0.207s] Level 5:colcon.colcon_core.verb:set package 'bumperbot_py_examples' build argument 'ament_cmake_args' from command line to 'None'
[0.207s] Level 5:colcon.colcon_core.verb:set package 'bumperbot_py_examples' build argument 'catkin_cmake_args' from command line to 'None'
[0.207s] Level 5:colcon.colcon_core.verb:set package 'bumperbot_py_examples' build argument 'catkin_skip_building_tests' from command line to 'False'
[0.207s] DEBUG:colcon.colcon_core.verb:Building package 'bumperbot_py_examples' with the following arguments: {'ament_cmake_args': None, 'build_base': '/home/sourav/ROS2-Self-Driving-Robot/control/bumperbot_ws/build/bumperbot_py_examples', 'catkin_cmake_args': None, 'catkin_skip_building_tests': False, 'cmake_args': None, 'cmake_clean_cache': False, 'cmake_clean_first': False, 'cmake_force_configure': False, 'cmake_target': None, 'cmake_target_skip_unavailable': False, 'install_base': '/home/sourav/ROS2-Self-Driving-Robot/control/bumperbot_ws/install/bumperbot_py_examples', 'merge_install': False, 'path': '/home/sourav/ROS2-Self-Driving-Robot/control/bumperbot_ws/src/bumperbot_py_examples', 'symlink_install': False, 'test_result_base': None}
[0.207s] Level 5:colcon.colcon_core.verb:set package 'imu_tools' build argument 'cmake_args' from command line to 'None'
[0.207s] Level 5:colcon.colcon_core.verb:set package 'imu_tools' build argument 'cmake_target' from command line to 'None'
[0.207s] Level 5:colcon.colcon_core.verb:set package 'imu_tools' build argument 'cmake_target_skip_unavailable' from command line to 'False'
[0.207s] Level 5:colcon.colcon_core.verb:set package 'imu_tools' build argument 'cmake_clean_cache' from command line to 'False'
[0.207s] Level 5:colcon.colcon_core.verb:set package 'imu_tools' build argument 'cmake_clean_first' from command line to 'False'
[0.207s] Level 5:colcon.colcon_core.verb:set package 'imu_tools' build argument 'cmake_force_configure' from command line to 'False'
[0.207s] Level 5:colcon.colcon_core.verb:set package 'imu_tools' build argument 'ament_cmake_args' from command line to 'None'
[0.207s] Level 5:colcon.colcon_core.verb:set package 'imu_tools' build argument 'catkin_cmake_args' from command line to 'None'
[0.207s] Level 5:colcon.colcon_core.verb:set package 'imu_tools' build argument 'catkin_skip_building_tests' from command line to 'False'
[0.207s] DEBUG:colcon.colcon_core.verb:Building package 'imu_tools' with the following arguments: {'ament_cmake_args': None, 'build_base': '/home/sourav/ROS2-Self-Driving-Robot/control/bumperbot_ws/build/imu_tools', 'catkin_cmake_args': None, 'catkin_skip_building_tests': False, 'cmake_args': None, 'cmake_clean_cache': False, 'cmake_clean_first': False, 'cmake_force_configure': False, 'cmake_target': None, 'cmake_target_skip_unavailable': False, 'install_base': '/home/sourav/ROS2-Self-Driving-Robot/control/bumperbot_ws/install/imu_tools', 'merge_install': False, 'path': '/home/sourav/ROS2-Self-Driving-Robot/control/bumperbot_ws/src/imu_tools/imu_tools', 'symlink_install': False, 'test_result_base': None}
[0.207s] INFO:colcon.colcon_core.executor:Executing jobs using 'parallel' executor
[0.208s] DEBUG:colcon.colcon_parallel_executor.executor.parallel:run_until_complete
[0.208s] INFO:colcon.colcon_ros.task.ament_cmake.build:Building ROS package in '/home/sourav/ROS2-Self-Driving-Robot/control/bumperbot_ws/src/bumperbot_msgs' with build type 'ament_cmake'
[0.208s] INFO:colcon.colcon_cmake.task.cmake.build:Building CMake package in '/home/sourav/ROS2-Self-Driving-Robot/control/bumperbot_ws/src/bumperbot_msgs'
[0.210s] INFO:colcon.colcon_core.plugin_system:Skipping extension 'colcon_core.shell.bat': Not used on non-Windows systems
[0.210s] INFO:colcon.colcon_core.shell:Skip shell extension 'powershell' for command environment: Not usable outside of PowerShell
[0.210s] DEBUG:colcon.colcon_core.shell:Skip shell extension 'dsv' for command environment
[0.211s] INFO:colcon.colcon_ros.task.ament_cmake.build:Building ROS package in '/home/sourav/ROS2-Self-Driving-Robot/control/bumperbot_ws/src/imu_tools/imu_complementary_filter' with build type 'ament_cmake'
[0.212s] INFO:colcon.colcon_cmake.task.cmake.build:Building CMake package in '/home/sourav/ROS2-Self-Driving-Robot/control/bumperbot_ws/src/imu_tools/imu_complementary_filter'
[0.212s] INFO:colcon.colcon_core.shell:Skip shell extension 'powershell' for command environment: Not usable outside of PowerShell
[0.212s] DEBUG:colcon.colcon_core.shell:Skip shell extension 'dsv' for command environment
[0.213s] INFO:colcon.colcon_ros.task.ament_cmake.build:Building ROS package in '/home/sourav/ROS2-Self-Driving-Robot/control/bumperbot_ws/src/imu_tools/imu_filter_madgwick' with build type 'ament_cmake'
[0.213s] INFO:colcon.colcon_cmake.task.cmake.build:Building CMake package in '/home/sourav/ROS2-Self-Driving-Robot/control/bumperbot_ws/src/imu_tools/imu_filter_madgwick'
[0.213s] INFO:colcon.colcon_core.shell:Skip shell extension 'powershell' for command environment: Not usable outside of PowerShell
[0.213s] DEBUG:colcon.colcon_core.shell:Skip shell extension 'dsv' for command environment
[0.215s] INFO:colcon.colcon_ros.task.ament_cmake.build:Building ROS package in '/home/sourav/ROS2-Self-Driving-Robot/control/bumperbot_ws/src/imu_tools/rviz_imu_plugin' with build type 'ament_cmake'
[0.215s] INFO:colcon.colcon_cmake.task.cmake.build:Building CMake package in '/home/sourav/ROS2-Self-Driving-Robot/control/bumperbot_ws/src/imu_tools/rviz_imu_plugin'
[0.215s] INFO:colcon.colcon_core.shell:Skip shell extension 'powershell' for command environment: Not usable outside of PowerShell
[0.215s] DEBUG:colcon.colcon_core.shell:Skip shell extension 'dsv' for command environment
[0.216s] INFO:colcon.colcon_ros.task.ament_cmake.build:Building ROS package in '/home/sourav/ROS2-Self-Driving-Robot/control/bumperbot_ws/src/bumperbot_bringup' with build type 'ament_cmake'
[0.216s] INFO:colcon.colcon_cmake.task.cmake.build:Building CMake package in '/home/sourav/ROS2-Self-Driving-Robot/control/bumperbot_ws/src/bumperbot_bringup'
[0.216s] INFO:colcon.colcon_core.shell:Skip shell extension 'powershell' for command environment: Not usable outside of PowerShell
[0.216s] DEBUG:colcon.colcon_core.shell:Skip shell extension 'dsv' for command environment
[0.218s] INFO:colcon.colcon_ros.task.ament_cmake.build:Building ROS package in '/home/sourav/ROS2-Self-Driving-Robot/control/bumperbot_ws/src/bumperbot_controller' with build type 'ament_cmake'
[0.218s] INFO:colcon.colcon_cmake.task.cmake.build:Building CMake package in '/home/sourav/ROS2-Self-Driving-Robot/control/bumperbot_ws/src/bumperbot_controller'
[0.218s] INFO:colcon.colcon_core.shell:Skip shell extension 'powershell' for command environment: Not usable outside of PowerShell
[0.218s] DEBUG:colcon.colcon_core.shell:Skip shell extension 'dsv' for command environment
[0.219s] INFO:colcon.colcon_ros.task.ament_cmake.build:Building ROS package in '/home/sourav/ROS2-Self-Driving-Robot/control/bumperbot_ws/src/bumperbot_description' with build type 'ament_cmake'
[0.219s] INFO:colcon.colcon_cmake.task.cmake.build:Building CMake package in '/home/sourav/ROS2-Self-Driving-Robot/control/bumperbot_ws/src/bumperbot_description'
[0.220s] INFO:colcon.colcon_core.shell:Skip shell extension 'powershell' for command environment: Not usable outside of PowerShell
[0.220s] DEBUG:colcon.colcon_core.shell:Skip shell extension 'dsv' for command environment
[0.221s] INFO:colcon.colcon_ros.task.ament_cmake.build:Building ROS package in '/home/sourav/ROS2-Self-Driving-Robot/control/bumperbot_ws/src/bumperbot_firmware' with build type 'ament_cmake'
[0.221s] INFO:colcon.colcon_cmake.task.cmake.build:Building CMake package in '/home/sourav/ROS2-Self-Driving-Robot/control/bumperbot_ws/src/bumperbot_firmware'
[0.221s] INFO:colcon.colcon_core.shell:Skip shell extension 'powershell' for command environment: Not usable outside of PowerShell
[0.221s] DEBUG:colcon.colcon_core.shell:Skip shell extension 'dsv' for command environment
[0.223s] INFO:colcon.colcon_ros.task.ament_cmake.build:Building ROS package in '/home/sourav/ROS2-Self-Driving-Robot/control/bumperbot_ws/src/bumperbot_localization' with build type 'ament_cmake'
[0.223s] INFO:colcon.colcon_cmake.task.cmake.build:Building CMake package in '/home/sourav/ROS2-Self-Driving-Robot/control/bumperbot_ws/src/bumperbot_localization'
[0.223s] INFO:colcon.colcon_core.shell:Skip shell extension 'powershell' for command environment: Not usable outside of PowerShell
[0.223s] DEBUG:colcon.colcon_core.shell:Skip shell extension 'dsv' for command environment
[0.225s] INFO:colcon.colcon_ros.task.ament_cmake.build:Building ROS package in '/home/sourav/ROS2-Self-Driving-Robot/control/bumperbot_ws/src/bumperbot_utils' with build type 'ament_cmake'
[0.225s] INFO:colcon.colcon_cmake.task.cmake.build:Building CMake package in '/home/sourav/ROS2-Self-Driving-Robot/control/bumperbot_ws/src/bumperbot_utils'
[0.225s] INFO:colcon.colcon_core.shell:Skip shell extension 'powershell' for command environment: Not usable outside of PowerShell
[0.225s] DEBUG:colcon.colcon_core.shell:Skip shell extension 'dsv' for command environment
[0.231s] DEBUG:colcon.colcon_core.event_handler.log_command:Invoking command in '/home/sourav/ROS2-Self-Driving-Robot/control/bumperbot_ws/build/bumperbot_msgs': CMAKE_PREFIX_PATH=/opt/ros/humble /usr/bin/cmake --build /home/sourav/ROS2-Self-Driving-Robot/control/bumperbot_ws/build/bumperbot_msgs -- -j16 -l16
[0.232s] DEBUG:colcon.colcon_core.event_handler.log_command:Invoking command in '/home/sourav/ROS2-Self-Driving-Robot/control/bumperbot_ws/build/imu_complementary_filter': CMAKE_PREFIX_PATH=/opt/ros/humble /usr/bin/cmake --build /home/sourav/ROS2-Self-Driving-Robot/control/bumperbot_ws/build/imu_complementary_filter -- -j16 -l16
[0.234s] DEBUG:colcon.colcon_core.event_handler.log_command:Invoking command in '/home/sourav/ROS2-Self-Driving-Robot/control/bumperbot_ws/build/imu_filter_madgwick': CMAKE_PREFIX_PATH=/opt/ros/humble /usr/bin/cmake --build /home/sourav/ROS2-Self-Driving-Robot/control/bumperbot_ws/build/imu_filter_madgwick -- -j16 -l16
[0.237s] DEBUG:colcon.colcon_core.event_handler.log_command:Invoking command in '/home/sourav/ROS2-Self-Driving-Robot/control/bumperbot_ws/build/rviz_imu_plugin': CMAKE_PREFIX_PATH=/opt/ros/humble /usr/bin/cmake --build /home/sourav/ROS2-Self-Driving-Robot/control/bumperbot_ws/build/rviz_imu_plugin -- -j16 -l16
[0.238s] DEBUG:colcon.colcon_core.event_handler.log_command:Invoking command in '/home/sourav/ROS2-Self-Driving-Robot/control/bumperbot_ws/build/bumperbot_bringup': CMAKE_PREFIX_PATH=/opt/ros/humble /usr/bin/cmake --build /home/sourav/ROS2-Self-Driving-Robot/control/bumperbot_ws/build/bumperbot_bringup -- -j16 -l16
[0.240s] DEBUG:colcon.colcon_core.event_handler.log_command:Invoking command in '/home/sourav/ROS2-Self-Driving-Robot/control/bumperbot_ws/build/bumperbot_controller': CMAKE_PREFIX_PATH=/opt/ros/humble /usr/bin/cmake --build /home/sourav/ROS2-Self-Driving-Robot/control/bumperbot_ws/build/bumperbot_controller -- -j16 -l16
[0.241s] DEBUG:colcon.colcon_core.event_handler.log_command:Invoking command in '/home/sourav/ROS2-Self-Driving-Robot/control/bumperbot_ws/build/bumperbot_description': CMAKE_PREFIX_PATH=/opt/ros/humble /usr/bin/cmake --build /home/sourav/ROS2-Self-Driving-Robot/control/bumperbot_ws/build/bumperbot_description -- -j16 -l16
[0.245s] DEBUG:colcon.colcon_core.event_handler.log_command:Invoking command in '/home/sourav/ROS2-Self-Driving-Robot/control/bumperbot_ws/build/bumperbot_firmware': CMAKE_PREFIX_PATH=/opt/ros/humble /usr/bin/cmake --build /home/sourav/ROS2-Self-Driving-Robot/control/bumperbot_ws/build/bumperbot_firmware -- -j16 -l16
[0.248s] DEBUG:colcon.colcon_core.event_handler.log_command:Invoking command in '/home/sourav/ROS2-Self-Driving-Robot/control/bumperbot_ws/build/bumperbot_localization': CMAKE_PREFIX_PATH=/opt/ros/humble /usr/bin/cmake --build /home/sourav/ROS2-Self-Driving-Robot/control/bumperbot_ws/build/bumperbot_localization -- -j16 -l16
[0.255s] DEBUG:colcon.colcon_core.event_handler.log_command:Invoking command in '/home/sourav/ROS2-Self-Driving-Robot/control/bumperbot_ws/build/bumperbot_utils': CMAKE_PREFIX_PATH=/opt/ros/humble /usr/bin/cmake --build /home/sourav/ROS2-Self-Driving-Robot/control/bumperbot_ws/build/bumperbot_utils -- -j16 -l16
[0.268s] DEBUG:colcon.colcon_core.event_handler.log_command:Invoked command in '/home/sourav/ROS2-Self-Driving-Robot/control/bumperbot_ws/build/bumperbot_description' returned '0': CMAKE_PREFIX_PATH=/opt/ros/humble /usr/bin/cmake --build /home/sourav/ROS2-Self-Driving-Robot/control/bumperbot_ws/build/bumperbot_description -- -j16 -l16
[0.282s] DEBUG:colcon.colcon_core.event_handler.log_command:Invoking command in '/home/sourav/ROS2-Self-Driving-Robot/control/bumperbot_ws/build/bumperbot_description': CMAKE_PREFIX_PATH=/opt/ros/humble /usr/bin/cmake --install /home/sourav/ROS2-Self-Driving-Robot/control/bumperbot_ws/build/bumperbot_description
[0.288s] DEBUG:colcon.colcon_core.event_handler.log_command:Invoked command in '/home/sourav/ROS2-Self-Driving-Robot/control/bumperbot_ws/build/bumperbot_bringup' returned '0': CMAKE_PREFIX_PATH=/opt/ros/humble /usr/bin/cmake --build /home/sourav/ROS2-Self-Driving-Robot/control/bumperbot_ws/build/bumperbot_bringup -- -j16 -l16
[0.297s] DEBUG:colcon.colcon_core.event_handler.log_command:Invoking command in '/home/sourav/ROS2-Self-Driving-Robot/control/bumperbot_ws/build/bumperbot_bringup': CMAKE_PREFIX_PATH=/opt/ros/humble /usr/bin/cmake --install /home/sourav/ROS2-Self-Driving-Robot/control/bumperbot_ws/build/bumperbot_bringup
[0.308s] Level 1:colcon.colcon_core.environment:create_environment_scripts_only(bumperbot_description)
[0.311s] Level 1:colcon.colcon_core.environment:checking '/home/sourav/ROS2-Self-Driving-Robot/control/bumperbot_ws/install/bumperbot_description' for CMake module files
[0.314s] Level 1:colcon.colcon_core.environment:checking '/home/sourav/ROS2-Self-Driving-Robot/control/bumperbot_ws/install/bumperbot_description' for CMake config files
[0.316s] Level 1:colcon.colcon_core.shell:create_environment_hook('bumperbot_description', 'cmake_prefix_path')
[0.316s] INFO:colcon.colcon_core.shell:Creating environment hook '/home/sourav/ROS2-Self-Driving-Robot/control/bumperbot_ws/install/bumperbot_description/share/bumperbot_description/hook/cmake_prefix_path.ps1'
[0.319s] INFO:colcon.colcon_core.shell:Creating environment descriptor '/home/sourav/ROS2-Self-Driving-Robot/control/bumperbot_ws/install/bumperbot_description/share/bumperbot_description/hook/cmake_prefix_path.dsv'
[0.320s] INFO:colcon.colcon_core.shell:Creating environment hook '/home/sourav/ROS2-Self-Driving-Robot/control/bumperbot_ws/install/bumperbot_description/share/bumperbot_description/hook/cmake_prefix_path.sh'
[0.324s] Level 1:colcon.colcon_core.environment:checking '/home/sourav/ROS2-Self-Driving-Robot/control/bumperbot_ws/install/bumperbot_description/bin'
[0.325s] Level 1:colcon.colcon_core.environment:checking '/home/sourav/ROS2-Self-Driving-Robot/control/bumperbot_ws/install/bumperbot_description/lib/pkgconfig/bumperbot_description.pc'
[0.325s] Level 1:colcon.colcon_core.environment:checking '/home/sourav/ROS2-Self-Driving-Robot/control/bumperbot_ws/install/bumperbot_description/lib/python3.10/site-packages'
[0.326s] Level 1:colcon.colcon_core.environment:checking '/home/sourav/ROS2-Self-Driving-Robot/control/bumperbot_ws/install/bumperbot_description/bin'
[0.327s] INFO:colcon.colcon_core.shell:Creating package script '/home/sourav/ROS2-Self-Driving-Robot/control/bumperbot_ws/install/bumperbot_description/share/bumperbot_description/package.ps1'
[0.329s] DEBUG:colcon.colcon_core.event_handler.log_command:Invoked command in '/home/sourav/ROS2-Self-Driving-Robot/control/bumperbot_ws/build/bumperbot_description' returned '0': CMAKE_PREFIX_PATH=/opt/ros/humble /usr/bin/cmake --install /home/sourav/ROS2-Self-Driving-Robot/control/bumperbot_ws/build/bumperbot_description
[0.330s] INFO:colcon.colcon_core.shell:Creating package descriptor '/home/sourav/ROS2-Self-Driving-Robot/control/bumperbot_ws/install/bumperbot_description/share/bumperbot_description/package.dsv'
[0.331s] INFO:colcon.colcon_core.shell:Creating package script '/home/sourav/ROS2-Self-Driving-Robot/control/bumperbot_ws/install/bumperbot_description/share/bumperbot_description/package.sh'
[0.333s] INFO:colcon.colcon_core.shell:Creating package script '/home/sourav/ROS2-Self-Driving-Robot/control/bumperbot_ws/install/bumperbot_description/share/bumperbot_description/package.bash'
[0.335s] INFO:colcon.colcon_core.shell:Creating package script '/home/sourav/ROS2-Self-Driving-Robot/control/bumperbot_ws/install/bumperbot_description/share/bumperbot_description/package.zsh'
[0.337s] Level 1:colcon.colcon_core.environment:create_file_with_runtime_dependencies(/home/sourav/ROS2-Self-Driving-Robot/control/bumperbot_ws/install/bumperbot_description/share/colcon-core/packages/bumperbot_description)
[0.338s] Level 1:colcon.colcon_core.environment:create_environment_scripts_only(bumperbot_description)
[0.338s] Level 1:colcon.colcon_core.environment:checking '/home/sourav/ROS2-Self-Driving-Robot/control/bumperbot_ws/install/bumperbot_description' for CMake module files
[0.339s] Level 1:colcon.colcon_core.environment:checking '/home/sourav/ROS2-Self-Driving-Robot/control/bumperbot_ws/install/bumperbot_description' for CMake config files
[0.339s] Level 1:colcon.colcon_core.shell:create_environment_hook('bumperbot_description', 'cmake_prefix_path')
[0.340s] INFO:colcon.colcon_core.shell:Creating environment hook '/home/sourav/ROS2-Self-Driving-Robot/control/bumperbot_ws/install/bumperbot_description/share/bumperbot_description/hook/cmake_prefix_path.ps1'
[0.340s] INFO:colcon.colcon_core.shell:Creating environment descriptor '/home/sourav/ROS2-Self-Driving-Robot/control/bumperbot_ws/install/bumperbot_description/share/bumperbot_description/hook/cmake_prefix_path.dsv'
[0.341s] INFO:colcon.colcon_core.shell:Creating environment hook '/home/sourav/ROS2-Self-Driving-Robot/control/bumperbot_ws/install/bumperbot_description/share/bumperbot_description/hook/cmake_prefix_path.sh'
[0.342s] Level 1:colcon.colcon_core.environment:checking '/home/sourav/ROS2-Self-Driving-Robot/control/bumperbot_ws/install/bumperbot_description/bin'
[0.342s] Level 1:colcon.colcon_core.environment:checking '/home/sourav/ROS2-Self-Driving-Robot/control/bumperbot_ws/install/bumperbot_description/lib/pkgconfig/bumperbot_description.pc'
[0.342s] Level 1:colcon.colcon_core.environment:checking '/home/sourav/ROS2-Self-Driving-Robot/control/bumperbot_ws/install/bumperbot_description/lib/python3.10/site-packages'
[0.343s] Level 1:colcon.colcon_core.environment:checking '/home/sourav/ROS2-Self-Driving-Robot/control/bumperbot_ws/install/bumperbot_description/bin'
[0.343s] INFO:colcon.colcon_core.shell:Creating package script '/home/sourav/ROS2-Self-Driving-Robot/control/bumperbot_ws/install/bumperbot_description/share/bumperbot_description/package.ps1'
[0.344s] INFO:colcon.colcon_core.shell:Creating package descriptor '/home/sourav/ROS2-Self-Driving-Robot/control/bumperbot_ws/install/bumperbot_description/share/bumperbot_description/package.dsv'
[0.344s] INFO:colcon.colcon_core.shell:Creating package script '/home/sourav/ROS2-Self-Driving-Robot/control/bumperbot_ws/install/bumperbot_description/share/bumperbot_description/package.sh'
[0.345s] INFO:colcon.colcon_core.shell:Creating package script '/home/sourav/ROS2-Self-Driving-Robot/control/bumperbot_ws/install/bumperbot_description/share/bumperbot_description/package.bash'
[0.346s] INFO:colcon.colcon_core.shell:Creating package script '/home/sourav/ROS2-Self-Driving-Robot/control/bumperbot_ws/install/bumperbot_description/share/bumperbot_description/package.zsh'
[0.346s] Level 1:colcon.colcon_core.environment:create_file_with_runtime_dependencies(/home/sourav/ROS2-Self-Driving-Robot/control/bumperbot_ws/install/bumperbot_description/share/colcon-core/packages/bumperbot_description)
[0.347s] Level 1:colcon.colcon_core.environment:create_environment_scripts_only(bumperbot_bringup)
[0.347s] Level 1:colcon.colcon_core.environment:checking '/home/sourav/ROS2-Self-Driving-Robot/control/bumperbot_ws/install/bumperbot_bringup' for CMake module files
[0.348s] Level 1:colcon.colcon_core.environment:checking '/home/sourav/ROS2-Self-Driving-Robot/control/bumperbot_ws/install/bumperbot_bringup' for CMake config files
[0.348s] DEBUG:colcon.colcon_core.event_handler.log_command:Invoked command in '/home/sourav/ROS2-Self-Driving-Robot/control/bumperbot_ws/build/bumperbot_bringup' returned '0': CMAKE_PREFIX_PATH=/opt/ros/humble /usr/bin/cmake --install /home/sourav/ROS2-Self-Driving-Robot/control/bumperbot_ws/build/bumperbot_bringup
[0.349s] Level 1:colcon.colcon_core.shell:create_environment_hook('bumperbot_bringup', 'cmake_prefix_path')
[0.349s] INFO:colcon.colcon_core.shell:Creating environment hook '/home/sourav/ROS2-Self-Driving-Robot/control/bumperbot_ws/install/bumperbot_bringup/share/bumperbot_bringup/hook/cmake_prefix_path.ps1'
[0.350s] INFO:colcon.colcon_core.shell:Creating environment descriptor '/home/sourav/ROS2-Self-Driving-Robot/control/bumperbot_ws/install/bumperbot_bringup/share/bumperbot_bringup/hook/cmake_prefix_path.dsv'
[0.350s] INFO:colcon.colcon_core.shell:Creating environment hook '/home/sourav/ROS2-Self-Driving-Robot/control/bumperbot_ws/install/bumperbot_bringup/share/bumperbot_bringup/hook/cmake_prefix_path.sh'
[0.351s] Level 1:colcon.colcon_core.environment:checking '/home/sourav/ROS2-Self-Driving-Robot/control/bumperbot_ws/install/bumperbot_bringup/bin'
[0.351s] Level 1:colcon.colcon_core.environment:checking '/home/sourav/ROS2-Self-Driving-Robot/control/bumperbot_ws/install/bumperbot_bringup/lib/pkgconfig/bumperbot_bringup.pc'
[0.351s] Level 1:colcon.colcon_core.environment:checking '/home/sourav/ROS2-Self-Driving-Robot/control/bumperbot_ws/install/bumperbot_bringup/lib/python3.10/site-packages'
[0.352s] Level 1:colcon.colcon_core.environment:checking '/home/sourav/ROS2-Self-Driving-Robot/control/bumperbot_ws/install/bumperbot_bringup/bin'
[0.352s] INFO:colcon.colcon_core.shell:Creating package script '/home/sourav/ROS2-Self-Driving-Robot/control/bumperbot_ws/install/bumperbot_bringup/share/bumperbot_bringup/package.ps1'
[0.353s] INFO:colcon.colcon_core.shell:Creating package descriptor '/home/sourav/ROS2-Self-Driving-Robot/control/bumperbot_ws/install/bumperbot_bringup/share/bumperbot_bringup/package.dsv'
[0.353s] INFO:colcon.colcon_core.shell:Creating package script '/home/sourav/ROS2-Self-Driving-Robot/control/bumperbot_ws/install/bumperbot_bringup/share/bumperbot_bringup/package.sh'
[0.354s] INFO:colcon.colcon_core.shell:Creating package script '/home/sourav/ROS2-Self-Driving-Robot/control/bumperbot_ws/install/bumperbot_bringup/share/bumperbot_bringup/package.bash'
[0.354s] INFO:colcon.colcon_core.shell:Creating package script '/home/sourav/ROS2-Self-Driving-Robot/control/bumperbot_ws/install/bumperbot_bringup/share/bumperbot_bringup/package.zsh'
[0.355s] Level 1:colcon.colcon_core.environment:create_file_with_runtime_dependencies(/home/sourav/ROS2-Self-Driving-Robot/control/bumperbot_ws/install/bumperbot_bringup/share/colcon-core/packages/bumperbot_bringup)
[0.355s] Level 1:colcon.colcon_core.environment:create_environment_scripts_only(bumperbot_bringup)
[0.356s] Level 1:colcon.colcon_core.environment:checking '/home/sourav/ROS2-Self-Driving-Robot/control/bumperbot_ws/install/bumperbot_bringup' for CMake module files
[0.356s] Level 1:colcon.colcon_core.environment:checking '/home/sourav/ROS2-Self-Driving-Robot/control/bumperbot_ws/install/bumperbot_bringup' for CMake config files
[0.356s] Level 1:colcon.colcon_core.shell:create_environment_hook('bumperbot_bringup', 'cmake_prefix_path')
[0.357s] INFO:colcon.colcon_core.shell:Creating environment hook '/home/sourav/ROS2-Self-Driving-Robot/control/bumperbot_ws/install/bumperbot_bringup/share/bumperbot_bringup/hook/cmake_prefix_path.ps1'
[0.357s] INFO:colcon.colcon_core.shell:Creating environment descriptor '/home/sourav/ROS2-Self-Driving-Robot/control/bumperbot_ws/install/bumperbot_bringup/share/bumperbot_bringup/hook/cmake_prefix_path.dsv'
[0.358s] INFO:colcon.colcon_core.shell:Creating environment hook '/home/sourav/ROS2-Self-Driving-Robot/control/bumperbot_ws/install/bumperbot_bringup/share/bumperbot_bringup/hook/cmake_prefix_path.sh'
[0.358s] Level 1:colcon.colcon_core.environment:checking '/home/sourav/ROS2-Self-Driving-Robot/control/bumperbot_ws/install/bumperbot_bringup/bin'
[0.358s] Level 1:colcon.colcon_core.environment:checking '/home/sourav/ROS2-Self-Driving-Robot/control/bumperbot_ws/install/bumperbot_bringup/lib/pkgconfig/bumperbot_bringup.pc'
[0.359s] Level 1:colcon.colcon_core.environment:checking '/home/sourav/ROS2-Self-Driving-Robot/control/bumperbot_ws/install/bumperbot_bringup/lib/python3.10/site-packages'
[0.359s] Level 1:colcon.colcon_core.environment:checking '/home/sourav/ROS2-Self-Driving-Robot/control/bumperbot_ws/install/bumperbot_bringup/bin'
[0.359s] INFO:colcon.colcon_core.shell:Creating package script '/home/sourav/ROS2-Self-Driving-Robot/control/bumperbot_ws/install/bumperbot_bringup/share/bumperbot_bringup/package.ps1'
[0.360s] INFO:colcon.colcon_core.shell:Creating package descriptor '/home/sourav/ROS2-Self-Driving-Robot/control/bumperbot_ws/install/bumperbot_bringup/share/bumperbot_bringup/package.dsv'
[0.361s] INFO:colcon.colcon_core.shell:Creating package script '/home/sourav/ROS2-Self-Driving-Robot/control/bumperbot_ws/install/bumperbot_bringup/share/bumperbot_bringup/package.sh'
[0.361s] INFO:colcon.colcon_core.shell:Creating package script '/home/sourav/ROS2-Self-Driving-Robot/control/bumperbot_ws/install/bumperbot_bringup/share/bumperbot_bringup/package.bash'
[0.362s] INFO:colcon.colcon_core.shell:Creating package script '/home/sourav/ROS2-Self-Driving-Robot/control/bumperbot_ws/install/bumperbot_bringup/share/bumperbot_bringup/package.zsh'
[0.362s] Level 1:colcon.colcon_core.environment:create_file_with_runtime_dependencies(/home/sourav/ROS2-Self-Driving-Robot/control/bumperbot_ws/install/bumperbot_bringup/share/colcon-core/packages/bumperbot_bringup)
[0.365s] DEBUG:colcon.colcon_core.event_handler.log_command:Invoked command in '/home/sourav/ROS2-Self-Driving-Robot/control/bumperbot_ws/build/imu_filter_madgwick' returned '0': CMAKE_PREFIX_PATH=/opt/ros/humble /usr/bin/cmake --build /home/sourav/ROS2-Self-Driving-Robot/control/bumperbot_ws/build/imu_filter_madgwick -- -j16 -l16
[0.366s] DEBUG:colcon.colcon_core.event_handler.log_command:Invoking command in '/home/sourav/ROS2-Self-Driving-Robot/control/bumperbot_ws/build/imu_filter_madgwick': CMAKE_PREFIX_PATH=/opt/ros/humble /usr/bin/cmake --install /home/sourav/ROS2-Self-Driving-Robot/control/bumperbot_ws/build/imu_filter_madgwick
[0.367s] DEBUG:colcon.colcon_core.event_handler.log_command:Invoked command in '/home/sourav/ROS2-Self-Driving-Robot/control/bumperbot_ws/build/imu_complementary_filter' returned '0': CMAKE_PREFIX_PATH=/opt/ros/humble /usr/bin/cmake --build /home/sourav/ROS2-Self-Driving-Robot/control/bumperbot_ws/build/imu_complementary_filter -- -j16 -l16
[0.369s] DEBUG:colcon.colcon_core.event_handler.log_command:Invoking command in '/home/sourav/ROS2-Self-Driving-Robot/control/bumperbot_ws/build/imu_complementary_filter': CMAKE_PREFIX_PATH=/opt/ros/humble /usr/bin/cmake --install /home/sourav/ROS2-Self-Driving-Robot/control/bumperbot_ws/build/imu_complementary_filter
[0.371s] DEBUG:colcon.colcon_core.event_handler.log_command:Invoked command in '/home/sourav/ROS2-Self-Driving-Robot/control/bumperbot_ws/build/rviz_imu_plugin' returned '0': CMAKE_PREFIX_PATH=/opt/ros/humble /usr/bin/cmake --build /home/sourav/ROS2-Self-Driving-Robot/control/bumperbot_ws/build/rviz_imu_plugin -- -j16 -l16
[0.373s] DEBUG:colcon.colcon_core.event_handler.log_command:Invoking command in '/home/sourav/ROS2-Self-Driving-Robot/control/bumperbot_ws/build/rviz_imu_plugin': CMAKE_PREFIX_PATH=/opt/ros/humble /usr/bin/cmake --install /home/sourav/ROS2-Self-Driving-Robot/control/bumperbot_ws/build/rviz_imu_plugin
[0.381s] Level 1:colcon.colcon_core.environment:create_environment_scripts_only(imu_filter_madgwick)
[0.381s] Level 1:colcon.colcon_core.environment:checking '/home/sourav/ROS2-Self-Driving-Robot/control/bumperbot_ws/install/imu_filter_madgwick' for CMake module files
[0.384s] Level 1:colcon.colcon_core.environment:checking '/home/sourav/ROS2-Self-Driving-Robot/control/bumperbot_ws/install/imu_filter_madgwick' for CMake config files
[0.386s] Level 1:colcon.colcon_core.shell:create_environment_hook('imu_filter_madgwick', 'cmake_prefix_path')
[0.387s] INFO:colcon.colcon_core.shell:Creating environment hook '/home/sourav/ROS2-Self-Driving-Robot/control/bumperbot_ws/install/imu_filter_madgwick/share/imu_filter_madgwick/hook/cmake_prefix_path.ps1'
[0.388s] DEBUG:colcon.colcon_core.event_handler.log_command:Invoked command in '/home/sourav/ROS2-Self-Driving-Robot/control/bumperbot_ws/build/imu_filter_madgwick' returned '0': CMAKE_PREFIX_PATH=/opt/ros/humble /usr/bin/cmake --install /home/sourav/ROS2-Self-Driving-Robot/control/bumperbot_ws/build/imu_filter_madgwick
[0.388s] INFO:colcon.colcon_core.shell:Creating environment descriptor '/home/sourav/ROS2-Self-Driving-Robot/control/bumperbot_ws/install/imu_filter_madgwick/share/imu_filter_madgwick/hook/cmake_prefix_path.dsv'
[0.389s] INFO:colcon.colcon_core.shell:Creating environment hook '/home/sourav/ROS2-Self-Driving-Robot/control/bumperbot_ws/install/imu_filter_madgwick/share/imu_filter_madgwick/hook/cmake_prefix_path.sh'
[0.390s] Level 1:colcon.colcon_core.environment:checking '/home/sourav/ROS2-Self-Driving-Robot/control/bumperbot_ws/install/imu_filter_madgwick/lib'
[0.391s] Level 1:colcon.colcon_core.shell:create_environment_hook('imu_filter_madgwick', 'ld_library_path_lib')
[0.391s] INFO:colcon.colcon_core.shell:Creating environment hook '/home/sourav/ROS2-Self-Driving-Robot/control/bumperbot_ws/install/imu_filter_madgwick/share/imu_filter_madgwick/hook/ld_library_path_lib.ps1'
[0.392s] INFO:colcon.colcon_core.shell:Creating environment descriptor '/home/sourav/ROS2-Self-Driving-Robot/control/bumperbot_ws/install/imu_filter_madgwick/share/imu_filter_madgwick/hook/ld_library_path_lib.dsv'
[0.393s] INFO:colcon.colcon_core.shell:Creating environment hook '/home/sourav/ROS2-Self-Driving-Robot/control/bumperbot_ws/install/imu_filter_madgwick/share/imu_filter_madgwick/hook/ld_library_path_lib.sh'
[0.394s] Level 1:colcon.colcon_core.environment:checking '/home/sourav/ROS2-Self-Driving-Robot/control/bumperbot_ws/install/imu_filter_madgwick/bin'
[0.394s] Level 1:colcon.colcon_core.environment:checking '/home/sourav/ROS2-Self-Driving-Robot/control/bumperbot_ws/install/imu_filter_madgwick/lib/pkgconfig/imu_filter_madgwick.pc'
[0.394s] Level 1:colcon.colcon_core.environment:checking '/home/sourav/ROS2-Self-Driving-Robot/control/bumperbot_ws/install/imu_filter_madgwick/lib/python3.10/site-packages'
[0.394s] Level 1:colcon.colcon_core.environment:checking '/home/sourav/ROS2-Self-Driving-Robot/control/bumperbot_ws/install/imu_filter_madgwick/bin'
[0.395s] INFO:colcon.colcon_core.shell:Creating package script '/home/sourav/ROS2-Self-Driving-Robot/control/bumperbot_ws/install/imu_filter_madgwick/share/imu_filter_madgwick/package.ps1'
[0.395s] INFO:colcon.colcon_core.shell:Creating package descriptor '/home/sourav/ROS2-Self-Driving-Robot/control/bumperbot_ws/install/imu_filter_madgwick/share/imu_filter_madgwick/package.dsv'
[0.396s] INFO:colcon.colcon_core.shell:Creating package script '/home/sourav/ROS2-Self-Driving-Robot/control/bumperbot_ws/install/imu_filter_madgwick/share/imu_filter_madgwick/package.sh'
[0.397s] INFO:colcon.colcon_core.shell:Creating package script '/home/sourav/ROS2-Self-Driving-Robot/control/bumperbot_ws/install/imu_filter_madgwick/share/imu_filter_madgwick/package.bash'
[0.397s] INFO:colcon.colcon_core.shell:Creating package script '/home/sourav/ROS2-Self-Driving-Robot/control/bumperbot_ws/install/imu_filter_madgwick/share/imu_filter_madgwick/package.zsh'
[0.398s] Level 1:colcon.colcon_core.environment:create_file_with_runtime_dependencies(/home/sourav/ROS2-Self-Driving-Robot/control/bumperbot_ws/install/imu_filter_madgwick/share/colcon-core/packages/imu_filter_madgwick)
[0.398s] Level 1:colcon.colcon_core.environment:create_environment_scripts_only(imu_filter_madgwick)
[0.399s] Level 1:colcon.colcon_core.environment:checking '/home/sourav/ROS2-Self-Driving-Robot/control/bumperbot_ws/install/imu_filter_madgwick' for CMake module files
[0.399s] Level 1:colcon.colcon_core.environment:checking '/home/sourav/ROS2-Self-Driving-Robot/control/bumperbot_ws/install/imu_filter_madgwick' for CMake config files
[0.400s] Level 1:colcon.colcon_core.shell:create_environment_hook('imu_filter_madgwick', 'cmake_prefix_path')
[0.400s] INFO:colcon.colcon_core.shell:Creating environment hook '/home/sourav/ROS2-Self-Driving-Robot/control/bumperbot_ws/install/imu_filter_madgwick/share/imu_filter_madgwick/hook/cmake_prefix_path.ps1'
[0.401s] INFO:colcon.colcon_core.shell:Creating environment descriptor '/home/sourav/ROS2-Self-Driving-Robot/control/bumperbot_ws/install/imu_filter_madgwick/share/imu_filter_madgwick/hook/cmake_prefix_path.dsv'
[0.401s] INFO:colcon.colcon_core.shell:Creating environment hook '/home/sourav/ROS2-Self-Driving-Robot/control/bumperbot_ws/install/imu_filter_madgwick/share/imu_filter_madgwick/hook/cmake_prefix_path.sh'
[0.402s] Level 1:colcon.colcon_core.environment:checking '/home/sourav/ROS2-Self-Driving-Robot/control/bumperbot_ws/install/imu_filter_madgwick/lib'
[0.402s] Level 1:colcon.colcon_core.shell:create_environment_hook('imu_filter_madgwick', 'ld_library_path_lib')
[0.402s] INFO:colcon.colcon_core.shell:Creating environment hook '/home/sourav/ROS2-Self-Driving-Robot/control/bumperbot_ws/install/imu_filter_madgwick/share/imu_filter_madgwick/hook/ld_library_path_lib.ps1'
[0.403s] INFO:colcon.colcon_core.shell:Creating environment descriptor '/home/sourav/ROS2-Self-Driving-Robot/control/bumperbot_ws/install/imu_filter_madgwick/share/imu_filter_madgwick/hook/ld_library_path_lib.dsv'
[0.403s] INFO:colcon.colcon_core.shell:Creating environment hook '/home/sourav/ROS2-Self-Driving-Robot/control/bumperbot_ws/install/imu_filter_madgwick/share/imu_filter_madgwick/hook/ld_library_path_lib.sh'
[0.404s] Level 1:colcon.colcon_core.environment:checking '/home/sourav/ROS2-Self-Driving-Robot/control/bumperbot_ws/install/imu_filter_madgwick/bin'
[0.404s] Level 1:colcon.colcon_core.environment:checking '/home/sourav/ROS2-Self-Driving-Robot/control/bumperbot_ws/install/imu_filter_madgwick/lib/pkgconfig/imu_filter_madgwick.pc'
[0.404s] Level 1:colcon.colcon_core.environment:checking '/home/sourav/ROS2-Self-Driving-Robot/control/bumperbot_ws/install/imu_filter_madgwick/lib/python3.10/site-packages'
[0.404s] Level 1:colcon.colcon_core.environment:checking '/home/sourav/ROS2-Self-Driving-Robot/control/bumperbot_ws/install/imu_filter_madgwick/bin'
[0.405s] INFO:colcon.colcon_core.shell:Creating package script '/home/sourav/ROS2-Self-Driving-Robot/control/bumperbot_ws/install/imu_filter_madgwick/share/imu_filter_madgwick/package.ps1'
[0.406s] INFO:colcon.colcon_core.shell:Creating package descriptor '/home/sourav/ROS2-Self-Driving-Robot/control/bumperbot_ws/install/imu_filter_madgwick/share/imu_filter_madgwick/package.dsv'
[0.407s] INFO:colcon.colcon_core.shell:Creating package script '/home/sourav/ROS2-Self-Driving-Robot/control/bumperbot_ws/install/imu_filter_madgwick/share/imu_filter_madgwick/package.sh'
[0.407s] INFO:colcon.colcon_core.shell:Creating package script '/home/sourav/ROS2-Self-Driving-Robot/control/bumperbot_ws/install/imu_filter_madgwick/share/imu_filter_madgwick/package.bash'
[0.408s] INFO:colcon.colcon_core.shell:Creating package script '/home/sourav/ROS2-Self-Driving-Robot/control/bumperbot_ws/install/imu_filter_madgwick/share/imu_filter_madgwick/package.zsh'
[0.408s] Level 1:colcon.colcon_core.environment:create_file_with_runtime_dependencies(/home/sourav/ROS2-Self-Driving-Robot/control/bumperbot_ws/install/imu_filter_madgwick/share/colcon-core/packages/imu_filter_madgwick)
[0.410s] Level 1:colcon.colcon_core.environment:create_environment_scripts_only(imu_complementary_filter)
[0.410s] Level 1:colcon.colcon_core.environment:checking '/home/sourav/ROS2-Self-Driving-Robot/control/bumperbot_ws/install/imu_complementary_filter' for CMake module files
[0.411s] DEBUG:colcon.colcon_core.event_handler.log_command:Invoked command in '/home/sourav/ROS2-Self-Driving-Robot/control/bumperbot_ws/build/imu_complementary_filter' returned '0': CMAKE_PREFIX_PATH=/opt/ros/humble /usr/bin/cmake --install /home/sourav/ROS2-Self-Driving-Robot/control/bumperbot_ws/build/imu_complementary_filter
[0.412s] Level 1:colcon.colcon_core.environment:checking '/home/sourav/ROS2-Self-Driving-Robot/control/bumperbot_ws/install/imu_complementary_filter' for CMake config files
[0.412s] Level 1:colcon.colcon_core.shell:create_environment_hook('imu_complementary_filter', 'cmake_prefix_path')
[0.413s] INFO:colcon.colcon_core.shell:Creating environment hook '/home/sourav/ROS2-Self-Driving-Robot/control/bumperbot_ws/install/imu_complementary_filter/share/imu_complementary_filter/hook/cmake_prefix_path.ps1'
[0.413s] INFO:colcon.colcon_core.shell:Creating environment descriptor '/home/sourav/ROS2-Self-Driving-Robot/control/bumperbot_ws/install/imu_complementary_filter/share/imu_complementary_filter/hook/cmake_prefix_path.dsv'
[0.414s] INFO:colcon.colcon_core.shell:Creating environment hook '/home/sourav/ROS2-Self-Driving-Robot/control/bumperbot_ws/install/imu_complementary_filter/share/imu_complementary_filter/hook/cmake_prefix_path.sh'
[0.415s] Level 1:colcon.colcon_core.environment:checking '/home/sourav/ROS2-Self-Driving-Robot/control/bumperbot_ws/install/imu_complementary_filter/lib'
[0.415s] Level 1:colcon.colcon_core.shell:create_environment_hook('imu_complementary_filter', 'ld_library_path_lib')
[0.416s] INFO:colcon.colcon_core.shell:Creating environment hook '/home/sourav/ROS2-Self-Driving-Robot/control/bumperbot_ws/install/imu_complementary_filter/share/imu_complementary_filter/hook/ld_library_path_lib.ps1'
[0.416s] INFO:colcon.colcon_core.shell:Creating environment descriptor '/home/sourav/ROS2-Self-Driving-Robot/control/bumperbot_ws/install/imu_complementary_filter/share/imu_complementary_filter/hook/ld_library_path_lib.dsv'
[0.417s] INFO:colcon.colcon_core.shell:Creating environment hook '/home/sourav/ROS2-Self-Driving-Robot/control/bumperbot_ws/install/imu_complementary_filter/share/imu_complementary_filter/hook/ld_library_path_lib.sh'
[0.418s] Level 1:colcon.colcon_core.environment:checking '/home/sourav/ROS2-Self-Driving-Robot/control/bumperbot_ws/install/imu_complementary_filter/bin'
[0.418s] Level 1:colcon.colcon_core.environment:checking '/home/sourav/ROS2-Self-Driving-Robot/control/bumperbot_ws/install/imu_complementary_filter/lib/pkgconfig/imu_complementary_filter.pc'
[0.418s] Level 1:colcon.colcon_core.environment:checking '/home/sourav/ROS2-Self-Driving-Robot/control/bumperbot_ws/install/imu_complementary_filter/lib/python3.10/site-packages'
[0.418s] Level 1:colcon.colcon_core.environment:checking '/home/sourav/ROS2-Self-Driving-Robot/control/bumperbot_ws/install/imu_complementary_filter/bin'
[0.419s] INFO:colcon.colcon_core.shell:Creating package script '/home/sourav/ROS2-Self-Driving-Robot/control/bumperbot_ws/install/imu_complementary_filter/share/imu_complementary_filter/package.ps1'
[0.420s] INFO:colcon.colcon_core.shell:Creating package descriptor '/home/sourav/ROS2-Self-Driving-Robot/control/bumperbot_ws/install/imu_complementary_filter/share/imu_complementary_filter/package.dsv'
[0.421s] INFO:colcon.colcon_core.shell:Creating package script '/home/sourav/ROS2-Self-Driving-Robot/control/bumperbot_ws/install/imu_complementary_filter/share/imu_complementary_filter/package.sh'
[0.421s] INFO:colcon.colcon_core.shell:Creating package script '/home/sourav/ROS2-Self-Driving-Robot/control/bumperbot_ws/install/imu_complementary_filter/share/imu_complementary_filter/package.bash'
[0.422s] INFO:colcon.colcon_core.shell:Creating package script '/home/sourav/ROS2-Self-Driving-Robot/control/bumperbot_ws/install/imu_complementary_filter/share/imu_complementary_filter/package.zsh'
[0.422s] Level 1:colcon.colcon_core.environment:create_file_with_runtime_dependencies(/home/sourav/ROS2-Self-Driving-Robot/control/bumperbot_ws/install/imu_complementary_filter/share/colcon-core/packages/imu_complementary_filter)
[0.423s] Level 1:colcon.colcon_core.environment:create_environment_scripts_only(imu_complementary_filter)
[0.424s] Level 1:colcon.colcon_core.environment:checking '/home/sourav/ROS2-Self-Driving-Robot/control/bumperbot_ws/install/imu_complementary_filter' for CMake module files
[0.425s] Level 1:colcon.colcon_core.environment:checking '/home/sourav/ROS2-Self-Driving-Robot/control/bumperbot_ws/install/imu_complementary_filter' for CMake config files
[0.425s] Level 1:colcon.colcon_core.shell:create_environment_hook('imu_complementary_filter', 'cmake_prefix_path')
[0.425s] INFO:colcon.colcon_core.shell:Creating environment hook '/home/sourav/ROS2-Self-Driving-Robot/control/bumperbot_ws/install/imu_complementary_filter/share/imu_complementary_filter/hook/cmake_prefix_path.ps1'
[0.426s] INFO:colcon.colcon_core.shell:Creating environment descriptor '/home/sourav/ROS2-Self-Driving-Robot/control/bumperbot_ws/install/imu_complementary_filter/share/imu_complementary_filter/hook/cmake_prefix_path.dsv'
[0.427s] INFO:colcon.colcon_core.shell:Creating environment hook '/home/sourav/ROS2-Self-Driving-Robot/control/bumperbot_ws/install/imu_complementary_filter/share/imu_complementary_filter/hook/cmake_prefix_path.sh'
[0.427s] Level 1:colcon.colcon_core.environment:checking '/home/sourav/ROS2-Self-Driving-Robot/control/bumperbot_ws/install/imu_complementary_filter/lib'
[0.428s] Level 1:colcon.colcon_core.shell:create_environment_hook('imu_complementary_filter', 'ld_library_path_lib')
[0.428s] INFO:colcon.colcon_core.shell:Creating environment hook '/home/sourav/ROS2-Self-Driving-Robot/control/bumperbot_ws/install/imu_complementary_filter/share/imu_complementary_filter/hook/ld_library_path_lib.ps1'
[0.428s] INFO:colcon.colcon_core.shell:Creating environment descriptor '/home/sourav/ROS2-Self-Driving-Robot/control/bumperbot_ws/install/imu_complementary_filter/share/imu_complementary_filter/hook/ld_library_path_lib.dsv'
[0.429s] INFO:colcon.colcon_core.shell:Creating environment hook '/home/sourav/ROS2-Self-Driving-Robot/control/bumperbot_ws/install/imu_complementary_filter/share/imu_complementary_filter/hook/ld_library_path_lib.sh'
[0.429s] Level 1:colcon.colcon_core.environment:checking '/home/sourav/ROS2-Self-Driving-Robot/control/bumperbot_ws/install/imu_complementary_filter/bin'
[0.429s] Level 1:colcon.colcon_core.environment:checking '/home/sourav/ROS2-Self-Driving-Robot/control/bumperbot_ws/install/imu_complementary_filter/lib/pkgconfig/imu_complementary_filter.pc'
[0.429s] Level 1:colcon.colcon_core.environment:checking '/home/sourav/ROS2-Self-Driving-Robot/control/bumperbot_ws/install/imu_complementary_filter/lib/python3.10/site-packages'
[0.429s] Level 1:colcon.colcon_core.environment:checking '/home/sourav/ROS2-Self-Driving-Robot/control/bumperbot_ws/install/imu_complementary_filter/bin'
[0.430s] INFO:colcon.colcon_core.shell:Creating package script '/home/sourav/ROS2-Self-Driving-Robot/control/bumperbot_ws/install/imu_complementary_filter/share/imu_complementary_filter/package.ps1'
[0.430s] INFO:colcon.colcon_core.shell:Creating package descriptor '/home/sourav/ROS2-Self-Driving-Robot/control/bumperbot_ws/install/imu_complementary_filter/share/imu_complementary_filter/package.dsv'
[0.430s] INFO:colcon.colcon_core.shell:Creating package script '/home/sourav/ROS2-Self-Driving-Robot/control/bumperbot_ws/install/imu_complementary_filter/share/imu_complementary_filter/package.sh'
[0.431s] INFO:colcon.colcon_core.shell:Creating package script '/home/sourav/ROS2-Self-Driving-Robot/control/bumperbot_ws/install/imu_complementary_filter/share/imu_complementary_filter/package.bash'
[0.431s] INFO:colcon.colcon_core.shell:Creating package script '/home/sourav/ROS2-Self-Driving-Robot/control/bumperbot_ws/install/imu_complementary_filter/share/imu_complementary_filter/package.zsh'
[0.431s] Level 1:colcon.colcon_core.environment:create_file_with_runtime_dependencies(/home/sourav/ROS2-Self-Driving-Robot/control/bumperbot_ws/install/imu_complementary_filter/share/colcon-core/packages/imu_complementary_filter)
[0.431s] Level 1:colcon.colcon_core.environment:create_environment_scripts_only(rviz_imu_plugin)
[0.431s] Level 1:colcon.colcon_core.environment:checking '/home/sourav/ROS2-Self-Driving-Robot/control/bumperbot_ws/install/rviz_imu_plugin' for CMake module files
[0.432s] Level 1:colcon.colcon_core.environment:checking '/home/sourav/ROS2-Self-Driving-Robot/control/bumperbot_ws/install/rviz_imu_plugin' for CMake config files
[0.433s] DEBUG:colcon.colcon_core.event_handler.log_command:Invoked command in '/home/sourav/ROS2-Self-Driving-Robot/control/bumperbot_ws/build/rviz_imu_plugin' returned '0': CMAKE_PREFIX_PATH=/opt/ros/humble /usr/bin/cmake --install /home/sourav/ROS2-Self-Driving-Robot/control/bumperbot_ws/build/rviz_imu_plugin
[0.433s] Level 1:colcon.colcon_core.shell:create_environment_hook('rviz_imu_plugin', 'cmake_prefix_path')
[0.433s] INFO:colcon.colcon_core.shell:Creating environment hook '/home/sourav/ROS2-Self-Driving-Robot/control/bumperbot_ws/install/rviz_imu_plugin/share/rviz_imu_plugin/hook/cmake_prefix_path.ps1'
[0.433s] INFO:colcon.colcon_core.shell:Creating environment descriptor '/home/sourav/ROS2-Self-Driving-Robot/control/bumperbot_ws/install/rviz_imu_plugin/share/rviz_imu_plugin/hook/cmake_prefix_path.dsv'
[0.434s] INFO:colcon.colcon_core.shell:Creating environment hook '/home/sourav/ROS2-Self-Driving-Robot/control/bumperbot_ws/install/rviz_imu_plugin/share/rviz_imu_plugin/hook/cmake_prefix_path.sh'
[0.434s] Level 1:colcon.colcon_core.environment:checking '/home/sourav/ROS2-Self-Driving-Robot/control/bumperbot_ws/install/rviz_imu_plugin/lib'
[0.434s] Level 1:colcon.colcon_core.shell:create_environment_hook('rviz_imu_plugin', 'ld_library_path_lib')
[0.434s] INFO:colcon.colcon_core.shell:Creating environment hook '/home/sourav/ROS2-Self-Driving-Robot/control/bumperbot_ws/install/rviz_imu_plugin/share/rviz_imu_plugin/hook/ld_library_path_lib.ps1'
[0.434s] INFO:colcon.colcon_core.shell:Creating environment descriptor '/home/sourav/ROS2-Self-Driving-Robot/control/bumperbot_ws/install/rviz_imu_plugin/share/rviz_imu_plugin/hook/ld_library_path_lib.dsv'
[0.435s] INFO:colcon.colcon_core.shell:Creating environment hook '/home/sourav/ROS2-Self-Driving-Robot/control/bumperbot_ws/install/rviz_imu_plugin/share/rviz_imu_plugin/hook/ld_library_path_lib.sh'
[0.435s] Level 1:colcon.colcon_core.environment:checking '/home/sourav/ROS2-Self-Driving-Robot/control/bumperbot_ws/install/rviz_imu_plugin/bin'
[0.435s] Level 1:colcon.colcon_core.environment:checking '/home/sourav/ROS2-Self-Driving-Robot/control/bumperbot_ws/install/rviz_imu_plugin/lib/pkgconfig/rviz_imu_plugin.pc'
[0.435s] Level 1:colcon.colcon_core.environment:checking '/home/sourav/ROS2-Self-Driving-Robot/control/bumperbot_ws/install/rviz_imu_plugin/lib/python3.10/site-packages'
[0.435s] Level 1:colcon.colcon_core.environment:checking '/home/sourav/ROS2-Self-Driving-Robot/control/bumperbot_ws/install/rviz_imu_plugin/bin'
[0.436s] INFO:colcon.colcon_core.shell:Creating package script '/home/sourav/ROS2-Self-Driving-Robot/control/bumperbot_ws/install/rviz_imu_plugin/share/rviz_imu_plugin/package.ps1'
[0.436s] INFO:colcon.colcon_core.shell:Creating package descriptor '/home/sourav/ROS2-Self-Driving-Robot/control/bumperbot_ws/install/rviz_imu_plugin/share/rviz_imu_plugin/package.dsv'
[0.436s] INFO:colcon.colcon_core.shell:Creating package script '/home/sourav/ROS2-Self-Driving-Robot/control/bumperbot_ws/install/rviz_imu_plugin/share/rviz_imu_plugin/package.sh'
[0.436s] INFO:colcon.colcon_core.shell:Creating package script '/home/sourav/ROS2-Self-Driving-Robot/control/bumperbot_ws/install/rviz_imu_plugin/share/rviz_imu_plugin/package.bash'
[0.437s] INFO:colcon.colcon_core.shell:Creating package script '/home/sourav/ROS2-Self-Driving-Robot/control/bumperbot_ws/install/rviz_imu_plugin/share/rviz_imu_plugin/package.zsh'
[0.437s] Level 1:colcon.colcon_core.environment:create_file_with_runtime_dependencies(/home/sourav/ROS2-Self-Driving-Robot/control/bumperbot_ws/install/rviz_imu_plugin/share/colcon-core/packages/rviz_imu_plugin)
[0.437s] Level 1:colcon.colcon_core.environment:create_environment_scripts_only(rviz_imu_plugin)
[0.437s] Level 1:colcon.colcon_core.environment:checking '/home/sourav/ROS2-Self-Driving-Robot/control/bumperbot_ws/install/rviz_imu_plugin' for CMake module files
[0.438s] Level 1:colcon.colcon_core.environment:checking '/home/sourav/ROS2-Self-Driving-Robot/control/bumperbot_ws/install/rviz_imu_plugin' for CMake config files
[0.438s] Level 1:colcon.colcon_core.shell:create_environment_hook('rviz_imu_plugin', 'cmake_prefix_path')
[0.438s] INFO:colcon.colcon_core.shell:Creating environment hook '/home/sourav/ROS2-Self-Driving-Robot/control/bumperbot_ws/install/rviz_imu_plugin/share/rviz_imu_plugin/hook/cmake_prefix_path.ps1'
[0.438s] INFO:colcon.colcon_core.shell:Creating environment descriptor '/home/sourav/ROS2-Self-Driving-Robot/control/bumperbot_ws/install/rviz_imu_plugin/share/rviz_imu_plugin/hook/cmake_prefix_path.dsv'
[0.439s] INFO:colcon.colcon_core.shell:Creating environment hook '/home/sourav/ROS2-Self-Driving-Robot/control/bumperbot_ws/install/rviz_imu_plugin/share/rviz_imu_plugin/hook/cmake_prefix_path.sh'
[0.439s] Level 1:colcon.colcon_core.environment:checking '/home/sourav/ROS2-Self-Driving-Robot/control/bumperbot_ws/install/rviz_imu_plugin/lib'
[0.439s] Level 1:colcon.colcon_core.shell:create_environment_hook('rviz_imu_plugin', 'ld_library_path_lib')
[0.439s] INFO:colcon.colcon_core.shell:Creating environment hook '/home/sourav/ROS2-Self-Driving-Robot/control/bumperbot_ws/install/rviz_imu_plugin/share/rviz_imu_plugin/hook/ld_library_path_lib.ps1'
[0.439s] INFO:colcon.colcon_core.shell:Creating environment descriptor '/home/sourav/ROS2-Self-Driving-Robot/control/bumperbot_ws/install/rviz_imu_plugin/share/rviz_imu_plugin/hook/ld_library_path_lib.dsv'
[0.440s] INFO:colcon.colcon_core.shell:Creating environment hook '/home/sourav/ROS2-Self-Driving-Robot/control/bumperbot_ws/install/rviz_imu_plugin/share/rviz_imu_plugin/hook/ld_library_path_lib.sh'
[0.440s] Level 1:colcon.colcon_core.environment:checking '/home/sourav/ROS2-Self-Driving-Robot/control/bumperbot_ws/install/rviz_imu_plugin/bin'
[0.440s] Level 1:colcon.colcon_core.environment:checking '/home/sourav/ROS2-Self-Driving-Robot/control/bumperbot_ws/install/rviz_imu_plugin/lib/pkgconfig/rviz_imu_plugin.pc'
[0.440s] Level 1:colcon.colcon_core.environment:checking '/home/sourav/ROS2-Self-Driving-Robot/control/bumperbot_ws/install/rviz_imu_plugin/lib/python3.10/site-packages'
[0.440s] Level 1:colcon.colcon_core.environment:checking '/home/sourav/ROS2-Self-Driving-Robot/control/bumperbot_ws/install/rviz_imu_plugin/bin'
[0.440s] INFO:colcon.colcon_core.shell:Creating package script '/home/sourav/ROS2-Self-Driving-Robot/control/bumperbot_ws/install/rviz_imu_plugin/share/rviz_imu_plugin/package.ps1'
[0.441s] INFO:colcon.colcon_core.shell:Creating package descriptor '/home/sourav/ROS2-Self-Driving-Robot/control/bumperbot_ws/install/rviz_imu_plugin/share/rviz_imu_plugin/package.dsv'
[0.441s] INFO:colcon.colcon_core.shell:Creating package script '/home/sourav/ROS2-Self-Driving-Robot/control/bumperbot_ws/install/rviz_imu_plugin/share/rviz_imu_plugin/package.sh'
[0.441s] INFO:colcon.colcon_core.shell:Creating package script '/home/sourav/ROS2-Self-Driving-Robot/control/bumperbot_ws/install/rviz_imu_plugin/share/rviz_imu_plugin/package.bash'
[0.442s] INFO:colcon.colcon_core.shell:Creating package script '/home/sourav/ROS2-Self-Driving-Robot/control/bumperbot_ws/install/rviz_imu_plugin/share/rviz_imu_plugin/package.zsh'
[0.442s] Level 1:colcon.colcon_core.environment:create_file_with_runtime_dependencies(/home/sourav/ROS2-Self-Driving-Robot/control/bumperbot_ws/install/rviz_imu_plugin/share/colcon-core/packages/rviz_imu_plugin)
[0.442s] INFO:colcon.colcon_ros.task.ament_cmake.build:Building ROS package in '/home/sourav/ROS2-Self-Driving-Robot/control/bumperbot_ws/src/imu_tools/imu_tools' with build type 'ament_cmake'
[0.442s] INFO:colcon.colcon_cmake.task.cmake.build:Building CMake package in '/home/sourav/ROS2-Self-Driving-Robot/control/bumperbot_ws/src/imu_tools/imu_tools'
[0.443s] INFO:colcon.colcon_core.shell:Skip shell extension 'powershell' for command environment: Not usable outside of PowerShell
[0.443s] DEBUG:colcon.colcon_core.shell:Skip shell extension 'dsv' for command environment
[0.457s] DEBUG:colcon.colcon_core.event_handler.log_command:Invoking command in '/home/sourav/ROS2-Self-Driving-Robot/control/bumperbot_ws/build/imu_tools': AMENT_PREFIX_PATH=/home/sourav/ROS2-Self-Driving-Robot/control/bumperbot_ws/install/rviz_imu_plugin:/home/sourav/ROS2-Self-Driving-Robot/control/bumperbot_ws/install/imu_filter_madgwick:/home/sourav/ROS2-Self-Driving-Robot/control/bumperbot_ws/install/imu_complementary_filter:${AMENT_PREFIX_PATH} CMAKE_PREFIX_PATH=/home/sourav/ROS2-Self-Driving-Robot/control/bumperbot_ws/install/rviz_imu_plugin:/home/sourav/ROS2-Self-Driving-Robot/control/bumperbot_ws/install/imu_filter_madgwick:/home/sourav/ROS2-Self-Driving-Robot/control/bumperbot_ws/install/imu_complementary_filter:/opt/ros/humble LD_LIBRARY_PATH=/home/sourav/ROS2-Self-Driving-Robot/control/bumperbot_ws/install/rviz_imu_plugin/lib:/home/sourav/ROS2-Self-Driving-Robot/control/bumperbot_ws/install/imu_filter_madgwick/lib:/home/sourav/ROS2-Self-Driving-Robot/control/bumperbot_ws/install/imu_complementary_filter/lib:${LD_LIBRARY_PATH} /usr/bin/cmake --build /home/sourav/ROS2-Self-Driving-Robot/control/bumperbot_ws/build/imu_tools -- -j16 -l16
[0.493s] DEBUG:colcon.colcon_core.event_handler.log_command:Invoked command in '/home/sourav/ROS2-Self-Driving-Robot/control/bumperbot_ws/build/imu_tools' returned '0': AMENT_PREFIX_PATH=/home/sourav/ROS2-Self-Driving-Robot/control/bumperbot_ws/install/rviz_imu_plugin:/home/sourav/ROS2-Self-Driving-Robot/control/bumperbot_ws/install/imu_filter_madgwick:/home/sourav/ROS2-Self-Driving-Robot/control/bumperbot_ws/install/imu_complementary_filter:${AMENT_PREFIX_PATH} CMAKE_PREFIX_PATH=/home/sourav/ROS2-Self-Driving-Robot/control/bumperbot_ws/install/rviz_imu_plugin:/home/sourav/ROS2-Self-Driving-Robot/control/bumperbot_ws/install/imu_filter_madgwick:/home/sourav/ROS2-Self-Driving-Robot/control/bumperbot_ws/install/imu_complementary_filter:/opt/ros/humble LD_LIBRARY_PATH=/home/sourav/ROS2-Self-Driving-Robot/control/bumperbot_ws/install/rviz_imu_plugin/lib:/home/sourav/ROS2-Self-Driving-Robot/control/bumperbot_ws/install/imu_filter_madgwick/lib:/home/sourav/ROS2-Self-Driving-Robot/control/bumperbot_ws/install/imu_complementary_filter/lib:${LD_LIBRARY_PATH} /usr/bin/cmake --build /home/sourav/ROS2-Self-Driving-Robot/control/bumperbot_ws/build/imu_tools -- -j16 -l16
[0.494s] DEBUG:colcon.colcon_core.event_handler.log_command:Invoking command in '/home/sourav/ROS2-Self-Driving-Robot/control/bumperbot_ws/build/imu_tools': AMENT_PREFIX_PATH=/home/sourav/ROS2-Self-Driving-Robot/control/bumperbot_ws/install/rviz_imu_plugin:/home/sourav/ROS2-Self-Driving-Robot/control/bumperbot_ws/install/imu_filter_madgwick:/home/sourav/ROS2-Self-Driving-Robot/control/bumperbot_ws/install/imu_complementary_filter:${AMENT_PREFIX_PATH} CMAKE_PREFIX_PATH=/home/sourav/ROS2-Self-Driving-Robot/control/bumperbot_ws/install/rviz_imu_plugin:/home/sourav/ROS2-Self-Driving-Robot/control/bumperbot_ws/install/imu_filter_madgwick:/home/sourav/ROS2-Self-Driving-Robot/control/bumperbot_ws/install/imu_complementary_filter:/opt/ros/humble LD_LIBRARY_PATH=/home/sourav/ROS2-Self-Driving-Robot/control/bumperbot_ws/install/rviz_imu_plugin/lib:/home/sourav/ROS2-Self-Driving-Robot/control/bumperbot_ws/install/imu_filter_madgwick/lib:/home/sourav/ROS2-Self-Driving-Robot/control/bumperbot_ws/install/imu_complementary_filter/lib:${LD_LIBRARY_PATH} /usr/bin/cmake --install /home/sourav/ROS2-Self-Driving-Robot/control/bumperbot_ws/build/imu_tools
[0.500s] Level 1:colcon.colcon_core.environment:create_environment_scripts_only(imu_tools)
[0.501s] Level 1:colcon.colcon_core.environment:checking '/home/sourav/ROS2-Self-Driving-Robot/control/bumperbot_ws/install/imu_tools' for CMake module files
[0.502s] Level 1:colcon.colcon_core.environment:checking '/home/sourav/ROS2-Self-Driving-Robot/control/bumperbot_ws/install/imu_tools' for CMake config files
[0.503s] DEBUG:colcon.colcon_core.event_handler.log_command:Invoked command in '/home/sourav/ROS2-Self-Driving-Robot/control/bumperbot_ws/build/imu_tools' returned '0': AMENT_PREFIX_PATH=/home/sourav/ROS2-Self-Driving-Robot/control/bumperbot_ws/install/rviz_imu_plugin:/home/sourav/ROS2-Self-Driving-Robot/control/bumperbot_ws/install/imu_filter_madgwick:/home/sourav/ROS2-Self-Driving-Robot/control/bumperbot_ws/install/imu_complementary_filter:${AMENT_PREFIX_PATH} CMAKE_PREFIX_PATH=/home/sourav/ROS2-Self-Driving-Robot/control/bumperbot_ws/install/rviz_imu_plugin:/home/sourav/ROS2-Self-Driving-Robot/control/bumperbot_ws/install/imu_filter_madgwick:/home/sourav/ROS2-Self-Driving-Robot/control/bumperbot_ws/install/imu_complementary_filter:/opt/ros/humble LD_LIBRARY_PATH=/home/sourav/ROS2-Self-Driving-Robot/control/bumperbot_ws/install/rviz_imu_plugin/lib:/home/sourav/ROS2-Self-Driving-Robot/control/bumperbot_ws/install/imu_filter_madgwick/lib:/home/sourav/ROS2-Self-Driving-Robot/control/bumperbot_ws/install/imu_complementary_filter/lib:${LD_LIBRARY_PATH} /usr/bin/cmake --install /home/sourav/ROS2-Self-Driving-Robot/control/bumperbot_ws/build/imu_tools
[0.504s] Level 1:colcon.colcon_core.shell:create_environment_hook('imu_tools', 'cmake_prefix_path')
[0.505s] INFO:colcon.colcon_core.shell:Creating environment hook '/home/sourav/ROS2-Self-Driving-Robot/control/bumperbot_ws/install/imu_tools/share/imu_tools/hook/cmake_prefix_path.ps1'
[0.506s] INFO:colcon.colcon_core.shell:Creating environment descriptor '/home/sourav/ROS2-Self-Driving-Robot/control/bumperbot_ws/install/imu_tools/share/imu_tools/hook/cmake_prefix_path.dsv'
[0.506s] INFO:colcon.colcon_core.shell:Creating environment hook '/home/sourav/ROS2-Self-Driving-Robot/control/bumperbot_ws/install/imu_tools/share/imu_tools/hook/cmake_prefix_path.sh'
[0.507s] Level 1:colcon.colcon_core.environment:checking '/home/sourav/ROS2-Self-Driving-Robot/control/bumperbot_ws/install/imu_tools/bin'
[0.507s] Level 1:colcon.colcon_core.environment:checking '/home/sourav/ROS2-Self-Driving-Robot/control/bumperbot_ws/install/imu_tools/lib/pkgconfig/imu_tools.pc'
[0.508s] Level 1:colcon.colcon_core.environment:checking '/home/sourav/ROS2-Self-Driving-Robot/control/bumperbot_ws/install/imu_tools/lib/python3.10/site-packages'
[0.508s] Level 1:colcon.colcon_core.environment:checking '/home/sourav/ROS2-Self-Driving-Robot/control/bumperbot_ws/install/imu_tools/bin'
[0.508s] INFO:colcon.colcon_core.shell:Creating package script '/home/sourav/ROS2-Self-Driving-Robot/control/bumperbot_ws/install/imu_tools/share/imu_tools/package.ps1'
[0.509s] INFO:colcon.colcon_core.shell:Creating package descriptor '/home/sourav/ROS2-Self-Driving-Robot/control/bumperbot_ws/install/imu_tools/share/imu_tools/package.dsv'
[0.510s] INFO:colcon.colcon_core.shell:Creating package script '/home/sourav/ROS2-Self-Driving-Robot/control/bumperbot_ws/install/imu_tools/share/imu_tools/package.sh'
[0.511s] INFO:colcon.colcon_core.shell:Creating package script '/home/sourav/ROS2-Self-Driving-Robot/control/bumperbot_ws/install/imu_tools/share/imu_tools/package.bash'
[0.511s] INFO:colcon.colcon_core.shell:Creating package script '/home/sourav/ROS2-Self-Driving-Robot/control/bumperbot_ws/install/imu_tools/share/imu_tools/package.zsh'
[0.512s] Level 1:colcon.colcon_core.environment:create_file_with_runtime_dependencies(/home/sourav/ROS2-Self-Driving-Robot/control/bumperbot_ws/install/imu_tools/share/colcon-core/packages/imu_tools)
[0.513s] Level 1:colcon.colcon_core.environment:create_environment_scripts_only(imu_tools)
[0.513s] Level 1:colcon.colcon_core.environment:checking '/home/sourav/ROS2-Self-Driving-Robot/control/bumperbot_ws/install/imu_tools' for CMake module files
[0.514s] Level 1:colcon.colcon_core.environment:checking '/home/sourav/ROS2-Self-Driving-Robot/control/bumperbot_ws/install/imu_tools' for CMake config files
[0.514s] Level 1:colcon.colcon_core.shell:create_environment_hook('imu_tools', 'cmake_prefix_path')
[0.514s] INFO:colcon.colcon_core.shell:Creating environment hook '/home/sourav/ROS2-Self-Driving-Robot/control/bumperbot_ws/install/imu_tools/share/imu_tools/hook/cmake_prefix_path.ps1'
[0.514s] INFO:colcon.colcon_core.shell:Creating environment descriptor '/home/sourav/ROS2-Self-Driving-Robot/control/bumperbot_ws/install/imu_tools/share/imu_tools/hook/cmake_prefix_path.dsv'
[0.515s] INFO:colcon.colcon_core.shell:Creating environment hook '/home/sourav/ROS2-Self-Driving-Robot/control/bumperbot_ws/install/imu_tools/share/imu_tools/hook/cmake_prefix_path.sh'
[0.515s] Level 1:colcon.colcon_core.environment:checking '/home/sourav/ROS2-Self-Driving-Robot/control/bumperbot_ws/install/imu_tools/bin'
[0.515s] Level 1:colcon.colcon_core.environment:checking '/home/sourav/ROS2-Self-Driving-Robot/control/bumperbot_ws/install/imu_tools/lib/pkgconfig/imu_tools.pc'
[0.515s] Level 1:colcon.colcon_core.environment:checking '/home/sourav/ROS2-Self-Driving-Robot/control/bumperbot_ws/install/imu_tools/lib/python3.10/site-packages'
[0.515s] Level 1:colcon.colcon_core.environment:checking '/home/sourav/ROS2-Self-Driving-Robot/control/bumperbot_ws/install/imu_tools/bin'
[0.516s] INFO:colcon.colcon_core.shell:Creating package script '/home/sourav/ROS2-Self-Driving-Robot/control/bumperbot_ws/install/imu_tools/share/imu_tools/package.ps1'
[0.516s] INFO:colcon.colcon_core.shell:Creating package descriptor '/home/sourav/ROS2-Self-Driving-Robot/control/bumperbot_ws/install/imu_tools/share/imu_tools/package.dsv'
[0.516s] INFO:colcon.colcon_core.shell:Creating package script '/home/sourav/ROS2-Self-Driving-Robot/control/bumperbot_ws/install/imu_tools/share/imu_tools/package.sh'
[0.517s] INFO:colcon.colcon_core.shell:Creating package script '/home/sourav/ROS2-Self-Driving-Robot/control/bumperbot_ws/install/imu_tools/share/imu_tools/package.bash'
[0.517s] INFO:colcon.colcon_core.shell:Creating package script '/home/sourav/ROS2-Self-Driving-Robot/control/bumperbot_ws/install/imu_tools/share/imu_tools/package.zsh'
[0.517s] Level 1:colcon.colcon_core.environment:create_file_with_runtime_dependencies(/home/sourav/ROS2-Self-Driving-Robot/control/bumperbot_ws/install/imu_tools/share/colcon-core/packages/imu_tools)
[0.532s] DEBUG:colcon.colcon_core.event_handler.log_command:Invoked command in '/home/sourav/ROS2-Self-Driving-Robot/control/bumperbot_ws/build/bumperbot_controller' returned '0': CMAKE_PREFIX_PATH=/opt/ros/humble /usr/bin/cmake --build /home/sourav/ROS2-Self-Driving-Robot/control/bumperbot_ws/build/bumperbot_controller -- -j16 -l16
[0.534s] DEBUG:colcon.colcon_core.event_handler.log_command:Invoking command in '/home/sourav/ROS2-Self-Driving-Robot/control/bumperbot_ws/build/bumperbot_controller': CMAKE_PREFIX_PATH=/opt/ros/humble /usr/bin/cmake --install /home/sourav/ROS2-Self-Driving-Robot/control/bumperbot_ws/build/bumperbot_controller
[0.536s] DEBUG:colcon.colcon_core.event_handler.log_command:Invoked command in '/home/sourav/ROS2-Self-Driving-Robot/control/bumperbot_ws/build/bumperbot_utils' returned '0': CMAKE_PREFIX_PATH=/opt/ros/humble /usr/bin/cmake --build /home/sourav/ROS2-Self-Driving-Robot/control/bumperbot_ws/build/bumperbot_utils -- -j16 -l16
[0.538s] DEBUG:colcon.colcon_core.event_handler.log_command:Invoking command in '/home/sourav/ROS2-Self-Driving-Robot/control/bumperbot_ws/build/bumperbot_utils': CMAKE_PREFIX_PATH=/opt/ros/humble /usr/bin/cmake --install /home/sourav/ROS2-Self-Driving-Robot/control/bumperbot_ws/build/bumperbot_utils
[0.538s] DEBUG:colcon.colcon_core.event_handler.log_command:Invoked command in '/home/sourav/ROS2-Self-Driving-Robot/control/bumperbot_ws/build/bumperbot_localization' returned '0': CMAKE_PREFIX_PATH=/opt/ros/humble /usr/bin/cmake --build /home/sourav/ROS2-Self-Driving-Robot/control/bumperbot_ws/build/bumperbot_localization -- -j16 -l16
[0.540s] DEBUG:colcon.colcon_core.event_handler.log_command:Invoking command in '/home/sourav/ROS2-Self-Driving-Robot/control/bumperbot_ws/build/bumperbot_localization': CMAKE_PREFIX_PATH=/opt/ros/humble /usr/bin/cmake --install /home/sourav/ROS2-Self-Driving-Robot/control/bumperbot_ws/build/bumperbot_localization
[0.569s] Level 1:colcon.colcon_core.environment:create_environment_scripts_only(bumperbot_controller)
[0.570s] Level 1:colcon.colcon_core.environment:checking '/home/sourav/ROS2-Self-Driving-Robot/control/bumperbot_ws/install/bumperbot_controller' for CMake module files
[0.571s] DEBUG:colcon.colcon_core.event_handler.log_command:Invoked command in '/home/sourav/ROS2-Self-Driving-Robot/control/bumperbot_ws/build/bumperbot_controller' returned '0': CMAKE_PREFIX_PATH=/opt/ros/humble /usr/bin/cmake --install /home/sourav/ROS2-Self-Driving-Robot/control/bumperbot_ws/build/bumperbot_controller
[0.573s] Level 1:colcon.colcon_core.environment:checking '/home/sourav/ROS2-Self-Driving-Robot/control/bumperbot_ws/install/bumperbot_controller' for CMake config files
[0.573s] Level 1:colcon.colcon_core.shell:create_environment_hook('bumperbot_controller', 'cmake_prefix_path')
[0.574s] INFO:colcon.colcon_core.shell:Creating environment hook '/home/sourav/ROS2-Self-Driving-Robot/control/bumperbot_ws/install/bumperbot_controller/share/bumperbot_controller/hook/cmake_prefix_path.ps1'
[0.574s] INFO:colcon.colcon_core.shell:Creating environment descriptor '/home/sourav/ROS2-Self-Driving-Robot/control/bumperbot_ws/install/bumperbot_controller/share/bumperbot_controller/hook/cmake_prefix_path.dsv'
[0.575s] INFO:colcon.colcon_core.shell:Creating environment hook '/home/sourav/ROS2-Self-Driving-Robot/control/bumperbot_ws/install/bumperbot_controller/share/bumperbot_controller/hook/cmake_prefix_path.sh'
[0.576s] Level 1:colcon.colcon_core.environment:checking '/home/sourav/ROS2-Self-Driving-Robot/control/bumperbot_ws/install/bumperbot_controller/lib'
[0.576s] Level 1:colcon.colcon_core.environment:checking '/home/sourav/ROS2-Self-Driving-Robot/control/bumperbot_ws/install/bumperbot_controller/bin'
[0.576s] Level 1:colcon.colcon_core.environment:checking '/home/sourav/ROS2-Self-Driving-Robot/control/bumperbot_ws/install/bumperbot_controller/lib/pkgconfig/bumperbot_controller.pc'
[0.577s] Level 1:colcon.colcon_core.environment:checking '/home/sourav/ROS2-Self-Driving-Robot/control/bumperbot_ws/install/bumperbot_controller/lib/python3.10/site-packages'
[0.577s] Level 1:colcon.colcon_core.environment:checking '/home/sourav/ROS2-Self-Driving-Robot/control/bumperbot_ws/install/bumperbot_controller/bin'
[0.577s] INFO:colcon.colcon_core.shell:Creating package script '/home/sourav/ROS2-Self-Driving-Robot/control/bumperbot_ws/install/bumperbot_controller/share/bumperbot_controller/package.ps1'
[0.578s] INFO:colcon.colcon_core.shell:Creating package descriptor '/home/sourav/ROS2-Self-Driving-Robot/control/bumperbot_ws/install/bumperbot_controller/share/bumperbot_controller/package.dsv'
[0.578s] INFO:colcon.colcon_core.shell:Creating package script '/home/sourav/ROS2-Self-Driving-Robot/control/bumperbot_ws/install/bumperbot_controller/share/bumperbot_controller/package.sh'
[0.578s] INFO:colcon.colcon_core.shell:Creating package script '/home/sourav/ROS2-Self-Driving-Robot/control/bumperbot_ws/install/bumperbot_controller/share/bumperbot_controller/package.bash'
[0.578s] INFO:colcon.colcon_core.shell:Creating package script '/home/sourav/ROS2-Self-Driving-Robot/control/bumperbot_ws/install/bumperbot_controller/share/bumperbot_controller/package.zsh'
[0.579s] Level 1:colcon.colcon_core.environment:create_file_with_runtime_dependencies(/home/sourav/ROS2-Self-Driving-Robot/control/bumperbot_ws/install/bumperbot_controller/share/colcon-core/packages/bumperbot_controller)
[0.579s] Level 1:colcon.colcon_core.environment:create_environment_scripts_only(bumperbot_controller)
[0.579s] Level 1:colcon.colcon_core.environment:checking '/home/sourav/ROS2-Self-Driving-Robot/control/bumperbot_ws/install/bumperbot_controller' for CMake module files
[0.580s] Level 1:colcon.colcon_core.environment:checking '/home/sourav/ROS2-Self-Driving-Robot/control/bumperbot_ws/install/bumperbot_controller' for CMake config files
[0.580s] Level 1:colcon.colcon_core.shell:create_environment_hook('bumperbot_controller', 'cmake_prefix_path')
[0.580s] INFO:colcon.colcon_core.shell:Creating environment hook '/home/sourav/ROS2-Self-Driving-Robot/control/bumperbot_ws/install/bumperbot_controller/share/bumperbot_controller/hook/cmake_prefix_path.ps1'
[0.581s] INFO:colcon.colcon_core.shell:Creating environment descriptor '/home/sourav/ROS2-Self-Driving-Robot/control/bumperbot_ws/install/bumperbot_controller/share/bumperbot_controller/hook/cmake_prefix_path.dsv'
[0.581s] INFO:colcon.colcon_core.shell:Creating environment hook '/home/sourav/ROS2-Self-Driving-Robot/control/bumperbot_ws/install/bumperbot_controller/share/bumperbot_controller/hook/cmake_prefix_path.sh'
[0.581s] Level 1:colcon.colcon_core.environment:checking '/home/sourav/ROS2-Self-Driving-Robot/control/bumperbot_ws/install/bumperbot_controller/lib'
[0.581s] Level 1:colcon.colcon_core.environment:checking '/home/sourav/ROS2-Self-Driving-Robot/control/bumperbot_ws/install/bumperbot_controller/bin'
[0.581s] Level 1:colcon.colcon_core.environment:checking '/home/sourav/ROS2-Self-Driving-Robot/control/bumperbot_ws/install/bumperbot_controller/lib/pkgconfig/bumperbot_controller.pc'
[0.581s] Level 1:colcon.colcon_core.environment:checking '/home/sourav/ROS2-Self-Driving-Robot/control/bumperbot_ws/install/bumperbot_controller/lib/python3.10/site-packages'
[0.582s] Level 1:colcon.colcon_core.environment:checking '/home/sourav/ROS2-Self-Driving-Robot/control/bumperbot_ws/install/bumperbot_controller/bin'
[0.582s] INFO:colcon.colcon_core.shell:Creating package script '/home/sourav/ROS2-Self-Driving-Robot/control/bumperbot_ws/install/bumperbot_controller/share/bumperbot_controller/package.ps1'
[0.582s] INFO:colcon.colcon_core.shell:Creating package descriptor '/home/sourav/ROS2-Self-Driving-Robot/control/bumperbot_ws/install/bumperbot_controller/share/bumperbot_controller/package.dsv'
[0.582s] INFO:colcon.colcon_core.shell:Creating package script '/home/sourav/ROS2-Self-Driving-Robot/control/bumperbot_ws/install/bumperbot_controller/share/bumperbot_controller/package.sh'
[0.583s] INFO:colcon.colcon_core.shell:Creating package script '/home/sourav/ROS2-Self-Driving-Robot/control/bumperbot_ws/install/bumperbot_controller/share/bumperbot_controller/package.bash'
[0.583s] INFO:colcon.colcon_core.shell:Creating package script '/home/sourav/ROS2-Self-Driving-Robot/control/bumperbot_ws/install/bumperbot_controller/share/bumperbot_controller/package.zsh'
[0.584s] Level 1:colcon.colcon_core.environment:create_file_with_runtime_dependencies(/home/sourav/ROS2-Self-Driving-Robot/control/bumperbot_ws/install/bumperbot_controller/share/colcon-core/packages/bumperbot_controller)
[0.585s] Level 1:colcon.colcon_core.environment:create_environment_scripts_only(bumperbot_utils)
[0.586s] Level 1:colcon.colcon_core.environment:checking '/home/sourav/ROS2-Self-Driving-Robot/control/bumperbot_ws/install/bumperbot_utils' for CMake module files
[0.588s] DEBUG:colcon.colcon_core.event_handler.log_command:Invoked command in '/home/sourav/ROS2-Self-Driving-Robot/control/bumperbot_ws/build/bumperbot_utils' returned '0': CMAKE_PREFIX_PATH=/opt/ros/humble /usr/bin/cmake --install /home/sourav/ROS2-Self-Driving-Robot/control/bumperbot_ws/build/bumperbot_utils
[0.590s] Level 1:colcon.colcon_core.environment:checking '/home/sourav/ROS2-Self-Driving-Robot/control/bumperbot_ws/install/bumperbot_utils' for CMake config files
[0.591s] Level 1:colcon.colcon_core.shell:create_environment_hook('bumperbot_utils', 'cmake_prefix_path')
[0.591s] INFO:colcon.colcon_core.shell:Creating environment hook '/home/sourav/ROS2-Self-Driving-Robot/control/bumperbot_ws/install/bumperbot_utils/share/bumperbot_utils/hook/cmake_prefix_path.ps1'
[0.592s] INFO:colcon.colcon_core.shell:Creating environment descriptor '/home/sourav/ROS2-Self-Driving-Robot/control/bumperbot_ws/install/bumperbot_utils/share/bumperbot_utils/hook/cmake_prefix_path.dsv'
[0.592s] INFO:colcon.colcon_core.shell:Creating environment hook '/home/sourav/ROS2-Self-Driving-Robot/control/bumperbot_ws/install/bumperbot_utils/share/bumperbot_utils/hook/cmake_prefix_path.sh'
[0.593s] Level 1:colcon.colcon_core.environment:checking '/home/sourav/ROS2-Self-Driving-Robot/control/bumperbot_ws/install/bumperbot_utils/lib'
[0.593s] Level 1:colcon.colcon_core.environment:checking '/home/sourav/ROS2-Self-Driving-Robot/control/bumperbot_ws/install/bumperbot_utils/bin'
[0.593s] Level 1:colcon.colcon_core.environment:checking '/home/sourav/ROS2-Self-Driving-Robot/control/bumperbot_ws/install/bumperbot_utils/lib/pkgconfig/bumperbot_utils.pc'
[0.594s] Level 1:colcon.colcon_core.environment:checking '/home/sourav/ROS2-Self-Driving-Robot/control/bumperbot_ws/install/bumperbot_utils/lib/python3.10/site-packages'
[0.594s] Level 1:colcon.colcon_core.environment:checking '/home/sourav/ROS2-Self-Driving-Robot/control/bumperbot_ws/install/bumperbot_utils/bin'
[0.594s] INFO:colcon.colcon_core.shell:Creating package script '/home/sourav/ROS2-Self-Driving-Robot/control/bumperbot_ws/install/bumperbot_utils/share/bumperbot_utils/package.ps1'
[0.595s] INFO:colcon.colcon_core.shell:Creating package descriptor '/home/sourav/ROS2-Self-Driving-Robot/control/bumperbot_ws/install/bumperbot_utils/share/bumperbot_utils/package.dsv'
[0.596s] INFO:colcon.colcon_core.shell:Creating package script '/home/sourav/ROS2-Self-Driving-Robot/control/bumperbot_ws/install/bumperbot_utils/share/bumperbot_utils/package.sh'
[0.596s] INFO:colcon.colcon_core.shell:Creating package script '/home/sourav/ROS2-Self-Driving-Robot/control/bumperbot_ws/install/bumperbot_utils/share/bumperbot_utils/package.bash'
[0.597s] INFO:colcon.colcon_core.shell:Creating package script '/home/sourav/ROS2-Self-Driving-Robot/control/bumperbot_ws/install/bumperbot_utils/share/bumperbot_utils/package.zsh'
[0.597s] Level 1:colcon.colcon_core.environment:create_file_with_runtime_dependencies(/home/sourav/ROS2-Self-Driving-Robot/control/bumperbot_ws/install/bumperbot_utils/share/colcon-core/packages/bumperbot_utils)
[0.597s] Level 1:colcon.colcon_core.environment:create_environment_scripts_only(bumperbot_utils)
[0.597s] Level 1:colcon.colcon_core.environment:checking '/home/sourav/ROS2-Self-Driving-Robot/control/bumperbot_ws/install/bumperbot_utils' for CMake module files
[0.598s] Level 1:colcon.colcon_core.environment:checking '/home/sourav/ROS2-Self-Driving-Robot/control/bumperbot_ws/install/bumperbot_utils' for CMake config files
[0.598s] Level 1:colcon.colcon_core.shell:create_environment_hook('bumperbot_utils', 'cmake_prefix_path')
[0.598s] INFO:colcon.colcon_core.shell:Creating environment hook '/home/sourav/ROS2-Self-Driving-Robot/control/bumperbot_ws/install/bumperbot_utils/share/bumperbot_utils/hook/cmake_prefix_path.ps1'
[0.598s] INFO:colcon.colcon_core.shell:Creating environment descriptor '/home/sourav/ROS2-Self-Driving-Robot/control/bumperbot_ws/install/bumperbot_utils/share/bumperbot_utils/hook/cmake_prefix_path.dsv'
[0.599s] INFO:colcon.colcon_core.shell:Creating environment hook '/home/sourav/ROS2-Self-Driving-Robot/control/bumperbot_ws/install/bumperbot_utils/share/bumperbot_utils/hook/cmake_prefix_path.sh'
[0.599s] Level 1:colcon.colcon_core.environment:checking '/home/sourav/ROS2-Self-Driving-Robot/control/bumperbot_ws/install/bumperbot_utils/lib'
[0.599s] Level 1:colcon.colcon_core.environment:checking '/home/sourav/ROS2-Self-Driving-Robot/control/bumperbot_ws/install/bumperbot_utils/bin'
[0.599s] Level 1:colcon.colcon_core.environment:checking '/home/sourav/ROS2-Self-Driving-Robot/control/bumperbot_ws/install/bumperbot_utils/lib/pkgconfig/bumperbot_utils.pc'
[0.599s] Level 1:colcon.colcon_core.environment:checking '/home/sourav/ROS2-Self-Driving-Robot/control/bumperbot_ws/install/bumperbot_utils/lib/python3.10/site-packages'
[0.599s] Level 1:colcon.colcon_core.environment:checking '/home/sourav/ROS2-Self-Driving-Robot/control/bumperbot_ws/install/bumperbot_utils/bin'
[0.599s] INFO:colcon.colcon_core.shell:Creating package script '/home/sourav/ROS2-Self-Driving-Robot/control/bumperbot_ws/install/bumperbot_utils/share/bumperbot_utils/package.ps1'
[0.600s] INFO:colcon.colcon_core.shell:Creating package descriptor '/home/sourav/ROS2-Self-Driving-Robot/control/bumperbot_ws/install/bumperbot_utils/share/bumperbot_utils/package.dsv'
[0.601s] INFO:colcon.colcon_core.shell:Creating package script '/home/sourav/ROS2-Self-Driving-Robot/control/bumperbot_ws/install/bumperbot_utils/share/bumperbot_utils/package.sh'
[0.601s] INFO:colcon.colcon_core.shell:Creating package script '/home/sourav/ROS2-Self-Driving-Robot/control/bumperbot_ws/install/bumperbot_utils/share/bumperbot_utils/package.bash'
[0.602s] INFO:colcon.colcon_core.shell:Creating package script '/home/sourav/ROS2-Self-Driving-Robot/control/bumperbot_ws/install/bumperbot_utils/share/bumperbot_utils/package.zsh'
[0.602s] Level 1:colcon.colcon_core.environment:create_file_with_runtime_dependencies(/home/sourav/ROS2-Self-Driving-Robot/control/bumperbot_ws/install/bumperbot_utils/share/colcon-core/packages/bumperbot_utils)
[0.603s] Level 1:colcon.colcon_core.environment:create_environment_scripts_only(bumperbot_localization)
[0.604s] Level 1:colcon.colcon_core.environment:checking '/home/sourav/ROS2-Self-Driving-Robot/control/bumperbot_ws/install/bumperbot_localization' for CMake module files
[0.604s] Level 1:colcon.colcon_core.environment:checking '/home/sourav/ROS2-Self-Driving-Robot/control/bumperbot_ws/install/bumperbot_localization' for CMake config files
[0.605s] DEBUG:colcon.colcon_core.event_handler.log_command:Invoked command in '/home/sourav/ROS2-Self-Driving-Robot/control/bumperbot_ws/build/bumperbot_localization' returned '0': CMAKE_PREFIX_PATH=/opt/ros/humble /usr/bin/cmake --install /home/sourav/ROS2-Self-Driving-Robot/control/bumperbot_ws/build/bumperbot_localization
[0.605s] Level 1:colcon.colcon_core.shell:create_environment_hook('bumperbot_localization', 'cmake_prefix_path')
[0.605s] INFO:colcon.colcon_core.shell:Creating environment hook '/home/sourav/ROS2-Self-Driving-Robot/control/bumperbot_ws/install/bumperbot_localization/share/bumperbot_localization/hook/cmake_prefix_path.ps1'
[0.605s] INFO:colcon.colcon_core.shell:Creating environment descriptor '/home/sourav/ROS2-Self-Driving-Robot/control/bumperbot_ws/install/bumperbot_localization/share/bumperbot_localization/hook/cmake_prefix_path.dsv'
[0.606s] INFO:colcon.colcon_core.shell:Creating environment hook '/home/sourav/ROS2-Self-Driving-Robot/control/bumperbot_ws/install/bumperbot_localization/share/bumperbot_localization/hook/cmake_prefix_path.sh'
[0.606s] Level 1:colcon.colcon_core.environment:checking '/home/sourav/ROS2-Self-Driving-Robot/control/bumperbot_ws/install/bumperbot_localization/lib'
[0.606s] Level 1:colcon.colcon_core.environment:checking '/home/sourav/ROS2-Self-Driving-Robot/control/bumperbot_ws/install/bumperbot_localization/bin'
[0.606s] Level 1:colcon.colcon_core.environment:checking '/home/sourav/ROS2-Self-Driving-Robot/control/bumperbot_ws/install/bumperbot_localization/lib/pkgconfig/bumperbot_localization.pc'
[0.606s] Level 1:colcon.colcon_core.environment:checking '/home/sourav/ROS2-Self-Driving-Robot/control/bumperbot_ws/install/bumperbot_localization/lib/python3.10/site-packages'
[0.606s] Level 1:colcon.colcon_core.environment:checking '/home/sourav/ROS2-Self-Driving-Robot/control/bumperbot_ws/install/bumperbot_localization/bin'
[0.606s] INFO:colcon.colcon_core.shell:Creating package script '/home/sourav/ROS2-Self-Driving-Robot/control/bumperbot_ws/install/bumperbot_localization/share/bumperbot_localization/package.ps1'
[0.607s] INFO:colcon.colcon_core.shell:Creating package descriptor '/home/sourav/ROS2-Self-Driving-Robot/control/bumperbot_ws/install/bumperbot_localization/share/bumperbot_localization/package.dsv'
[0.607s] INFO:colcon.colcon_core.shell:Creating package script '/home/sourav/ROS2-Self-Driving-Robot/control/bumperbot_ws/install/bumperbot_localization/share/bumperbot_localization/package.sh'
[0.607s] INFO:colcon.colcon_core.shell:Creating package script '/home/sourav/ROS2-Self-Driving-Robot/control/bumperbot_ws/install/bumperbot_localization/share/bumperbot_localization/package.bash'
[0.608s] INFO:colcon.colcon_core.shell:Creating package script '/home/sourav/ROS2-Self-Driving-Robot/control/bumperbot_ws/install/bumperbot_localization/share/bumperbot_localization/package.zsh'
[0.608s] Level 1:colcon.colcon_core.environment:create_file_with_runtime_dependencies(/home/sourav/ROS2-Self-Driving-Robot/control/bumperbot_ws/install/bumperbot_localization/share/colcon-core/packages/bumperbot_localization)
[0.608s] Level 1:colcon.colcon_core.environment:create_environment_scripts_only(bumperbot_localization)
[0.608s] Level 1:colcon.colcon_core.environment:checking '/home/sourav/ROS2-Self-Driving-Robot/control/bumperbot_ws/install/bumperbot_localization' for CMake module files
[0.609s] Level 1:colcon.colcon_core.environment:checking '/home/sourav/ROS2-Self-Driving-Robot/control/bumperbot_ws/install/bumperbot_localization' for CMake config files
[0.609s] Level 1:colcon.colcon_core.shell:create_environment_hook('bumperbot_localization', 'cmake_prefix_path')
[0.609s] INFO:colcon.colcon_core.shell:Creating environment hook '/home/sourav/ROS2-Self-Driving-Robot/control/bumperbot_ws/install/bumperbot_localization/share/bumperbot_localization/hook/cmake_prefix_path.ps1'
[0.609s] INFO:colcon.colcon_core.shell:Creating environment descriptor '/home/sourav/ROS2-Self-Driving-Robot/control/bumperbot_ws/install/bumperbot_localization/share/bumperbot_localization/hook/cmake_prefix_path.dsv'
[0.609s] INFO:colcon.colcon_core.shell:Creating environment hook '/home/sourav/ROS2-Self-Driving-Robot/control/bumperbot_ws/install/bumperbot_localization/share/bumperbot_localization/hook/cmake_prefix_path.sh'
[0.610s] Level 1:colcon.colcon_core.environment:checking '/home/sourav/ROS2-Self-Driving-Robot/control/bumperbot_ws/install/bumperbot_localization/lib'
[0.610s] Level 1:colcon.colcon_core.environment:checking '/home/sourav/ROS2-Self-Driving-Robot/control/bumperbot_ws/install/bumperbot_localization/bin'
[0.610s] Level 1:colcon.colcon_core.environment:checking '/home/sourav/ROS2-Self-Driving-Robot/control/bumperbot_ws/install/bumperbot_localization/lib/pkgconfig/bumperbot_localization.pc'
[0.610s] Level 1:colcon.colcon_core.environment:checking '/home/sourav/ROS2-Self-Driving-Robot/control/bumperbot_ws/install/bumperbot_localization/lib/python3.10/site-packages'
[0.610s] Level 1:colcon.colcon_core.environment:checking '/home/sourav/ROS2-Self-Driving-Robot/control/bumperbot_ws/install/bumperbot_localization/bin'
[0.610s] INFO:colcon.colcon_core.shell:Creating package script '/home/sourav/ROS2-Self-Driving-Robot/control/bumperbot_ws/install/bumperbot_localization/share/bumperbot_localization/package.ps1'
[0.611s] INFO:colcon.colcon_core.shell:Creating package descriptor '/home/sourav/ROS2-Self-Driving-Robot/control/bumperbot_ws/install/bumperbot_localization/share/bumperbot_localization/package.dsv'
[0.611s] INFO:colcon.colcon_core.shell:Creating package script '/home/sourav/ROS2-Self-Driving-Robot/control/bumperbot_ws/install/bumperbot_localization/share/bumperbot_localization/package.sh'
[0.611s] INFO:colcon.colcon_core.shell:Creating package script '/home/sourav/ROS2-Self-Driving-Robot/control/bumperbot_ws/install/bumperbot_localization/share/bumperbot_localization/package.bash'
[0.612s] INFO:colcon.colcon_core.shell:Creating package script '/home/sourav/ROS2-Self-Driving-Robot/control/bumperbot_ws/install/bumperbot_localization/share/bumperbot_localization/package.zsh'
[0.612s] Level 1:colcon.colcon_core.environment:create_file_with_runtime_dependencies(/home/sourav/ROS2-Self-Driving-Robot/control/bumperbot_ws/install/bumperbot_localization/share/colcon-core/packages/bumperbot_localization)
[0.614s] DEBUG:colcon.colcon_core.event_handler.log_command:Invoked command in '/home/sourav/ROS2-Self-Driving-Robot/control/bumperbot_ws/build/bumperbot_msgs' returned '0': CMAKE_PREFIX_PATH=/opt/ros/humble /usr/bin/cmake --build /home/sourav/ROS2-Self-Driving-Robot/control/bumperbot_ws/build/bumperbot_msgs -- -j16 -l16
[0.615s] DEBUG:colcon.colcon_core.event_handler.log_command:Invoking command in '/home/sourav/ROS2-Self-Driving-Robot/control/bumperbot_ws/build/bumperbot_msgs': CMAKE_PREFIX_PATH=/opt/ros/humble /usr/bin/cmake --install /home/sourav/ROS2-Self-Driving-Robot/control/bumperbot_ws/build/bumperbot_msgs
[0.619s] DEBUG:colcon.colcon_core.event_handler.log_command:Invoked command in '/home/sourav/ROS2-Self-Driving-Robot/control/bumperbot_ws/build/bumperbot_firmware' returned '0': CMAKE_PREFIX_PATH=/opt/ros/humble /usr/bin/cmake --build /home/sourav/ROS2-Self-Driving-Robot/control/bumperbot_ws/build/bumperbot_firmware -- -j16 -l16
[0.621s] DEBUG:colcon.colcon_core.event_handler.log_command:Invoking command in '/home/sourav/ROS2-Self-Driving-Robot/control/bumperbot_ws/build/bumperbot_firmware': CMAKE_PREFIX_PATH=/opt/ros/humble /usr/bin/cmake --install /home/sourav/ROS2-Self-Driving-Robot/control/bumperbot_ws/build/bumperbot_firmware
[0.654s] Level 1:colcon.colcon_core.environment:create_environment_scripts_only(bumperbot_firmware)
[0.654s] Level 1:colcon.colcon_core.environment:checking '/home/sourav/ROS2-Self-Driving-Robot/control/bumperbot_ws/install/bumperbot_firmware' for CMake module files
[0.655s] DEBUG:colcon.colcon_core.event_handler.log_command:Invoked command in '/home/sourav/ROS2-Self-Driving-Robot/control/bumperbot_ws/build/bumperbot_firmware' returned '0': CMAKE_PREFIX_PATH=/opt/ros/humble /usr/bin/cmake --install /home/sourav/ROS2-Self-Driving-Robot/control/bumperbot_ws/build/bumperbot_firmware
[0.657s] Level 1:colcon.colcon_core.environment:checking '/home/sourav/ROS2-Self-Driving-Robot/control/bumperbot_ws/install/bumperbot_firmware' for CMake config files
[0.660s] Level 1:colcon.colcon_core.shell:create_environment_hook('bumperbot_firmware', 'cmake_prefix_path')
[0.660s] INFO:colcon.colcon_core.shell:Creating environment hook '/home/sourav/ROS2-Self-Driving-Robot/control/bumperbot_ws/install/bumperbot_firmware/share/bumperbot_firmware/hook/cmake_prefix_path.ps1'
[0.660s] INFO:colcon.colcon_core.shell:Creating environment descriptor '/home/sourav/ROS2-Self-Driving-Robot/control/bumperbot_ws/install/bumperbot_firmware/share/bumperbot_firmware/hook/cmake_prefix_path.dsv'
[0.661s] INFO:colcon.colcon_core.shell:Creating environment hook '/home/sourav/ROS2-Self-Driving-Robot/control/bumperbot_ws/install/bumperbot_firmware/share/bumperbot_firmware/hook/cmake_prefix_path.sh'
[0.661s] Level 1:colcon.colcon_core.environment:checking '/home/sourav/ROS2-Self-Driving-Robot/control/bumperbot_ws/install/bumperbot_firmware/lib'
[0.661s] Level 1:colcon.colcon_core.shell:create_environment_hook('bumperbot_firmware', 'ld_library_path_lib')
[0.661s] INFO:colcon.colcon_core.shell:Creating environment hook '/home/sourav/ROS2-Self-Driving-Robot/control/bumperbot_ws/install/bumperbot_firmware/share/bumperbot_firmware/hook/ld_library_path_lib.ps1'
[0.662s] INFO:colcon.colcon_core.shell:Creating environment descriptor '/home/sourav/ROS2-Self-Driving-Robot/control/bumperbot_ws/install/bumperbot_firmware/share/bumperbot_firmware/hook/ld_library_path_lib.dsv'
[0.662s] INFO:colcon.colcon_core.shell:Creating environment hook '/home/sourav/ROS2-Self-Driving-Robot/control/bumperbot_ws/install/bumperbot_firmware/share/bumperbot_firmware/hook/ld_library_path_lib.sh'
[0.662s] Level 1:colcon.colcon_core.environment:checking '/home/sourav/ROS2-Self-Driving-Robot/control/bumperbot_ws/install/bumperbot_firmware/bin'
[0.662s] Level 1:colcon.colcon_core.environment:checking '/home/sourav/ROS2-Self-Driving-Robot/control/bumperbot_ws/install/bumperbot_firmware/lib/pkgconfig/bumperbot_firmware.pc'
[0.662s] Level 1:colcon.colcon_core.environment:checking '/home/sourav/ROS2-Self-Driving-Robot/control/bumperbot_ws/install/bumperbot_firmware/lib/python3.10/site-packages'
[0.662s] Level 1:colcon.colcon_core.environment:checking '/home/sourav/ROS2-Self-Driving-Robot/control/bumperbot_ws/install/bumperbot_firmware/bin'
[0.663s] INFO:colcon.colcon_core.shell:Creating package script '/home/sourav/ROS2-Self-Driving-Robot/control/bumperbot_ws/install/bumperbot_firmware/share/bumperbot_firmware/package.ps1'
[0.663s] INFO:colcon.colcon_core.shell:Creating package descriptor '/home/sourav/ROS2-Self-Driving-Robot/control/bumperbot_ws/install/bumperbot_firmware/share/bumperbot_firmware/package.dsv'
[0.663s] INFO:colcon.colcon_core.shell:Creating package script '/home/sourav/ROS2-Self-Driving-Robot/control/bumperbot_ws/install/bumperbot_firmware/share/bumperbot_firmware/package.sh'
[0.664s] INFO:colcon.colcon_core.shell:Creating package script '/home/sourav/ROS2-Self-Driving-Robot/control/bumperbot_ws/install/bumperbot_firmware/share/bumperbot_firmware/package.bash'
[0.664s] INFO:colcon.colcon_core.shell:Creating package script '/home/sourav/ROS2-Self-Driving-Robot/control/bumperbot_ws/install/bumperbot_firmware/share/bumperbot_firmware/package.zsh'
[0.664s] Level 1:colcon.colcon_core.environment:create_file_with_runtime_dependencies(/home/sourav/ROS2-Self-Driving-Robot/control/bumperbot_ws/install/bumperbot_firmware/share/colcon-core/packages/bumperbot_firmware)
[0.664s] Level 1:colcon.colcon_core.environment:create_environment_scripts_only(bumperbot_firmware)
[0.665s] Level 1:colcon.colcon_core.environment:checking '/home/sourav/ROS2-Self-Driving-Robot/control/bumperbot_ws/install/bumperbot_firmware' for CMake module files
[0.665s] Level 1:colcon.colcon_core.environment:checking '/home/sourav/ROS2-Self-Driving-Robot/control/bumperbot_ws/install/bumperbot_firmware' for CMake config files
[0.665s] Level 1:colcon.colcon_core.shell:create_environment_hook('bumperbot_firmware', 'cmake_prefix_path')
[0.665s] INFO:colcon.colcon_core.shell:Creating environment hook '/home/sourav/ROS2-Self-Driving-Robot/control/bumperbot_ws/install/bumperbot_firmware/share/bumperbot_firmware/hook/cmake_prefix_path.ps1'
[0.666s] INFO:colcon.colcon_core.shell:Creating environment descriptor '/home/sourav/ROS2-Self-Driving-Robot/control/bumperbot_ws/install/bumperbot_firmware/share/bumperbot_firmware/hook/cmake_prefix_path.dsv'
[0.666s] INFO:colcon.colcon_core.shell:Creating environment hook '/home/sourav/ROS2-Self-Driving-Robot/control/bumperbot_ws/install/bumperbot_firmware/share/bumperbot_firmware/hook/cmake_prefix_path.sh'
[0.666s] Level 1:colcon.colcon_core.environment:checking '/home/sourav/ROS2-Self-Driving-Robot/control/bumperbot_ws/install/bumperbot_firmware/lib'
[0.666s] Level 1:colcon.colcon_core.shell:create_environment_hook('bumperbot_firmware', 'ld_library_path_lib')
[0.666s] INFO:colcon.colcon_core.shell:Creating environment hook '/home/sourav/ROS2-Self-Driving-Robot/control/bumperbot_ws/install/bumperbot_firmware/share/bumperbot_firmware/hook/ld_library_path_lib.ps1'
[0.667s] INFO:colcon.colcon_core.shell:Creating environment descriptor '/home/sourav/ROS2-Self-Driving-Robot/control/bumperbot_ws/install/bumperbot_firmware/share/bumperbot_firmware/hook/ld_library_path_lib.dsv'
[0.667s] INFO:colcon.colcon_core.shell:Creating environment hook '/home/sourav/ROS2-Self-Driving-Robot/control/bumperbot_ws/install/bumperbot_firmware/share/bumperbot_firmware/hook/ld_library_path_lib.sh'
[0.667s] Level 1:colcon.colcon_core.environment:checking '/home/sourav/ROS2-Self-Driving-Robot/control/bumperbot_ws/install/bumperbot_firmware/bin'
[0.667s] Level 1:colcon.colcon_core.environment:checking '/home/sourav/ROS2-Self-Driving-Robot/control/bumperbot_ws/install/bumperbot_firmware/lib/pkgconfig/bumperbot_firmware.pc'
[0.667s] Level 1:colcon.colcon_core.environment:checking '/home/sourav/ROS2-Self-Driving-Robot/control/bumperbot_ws/install/bumperbot_firmware/lib/python3.10/site-packages'
[0.667s] Level 1:colcon.colcon_core.environment:checking '/home/sourav/ROS2-Self-Driving-Robot/control/bumperbot_ws/install/bumperbot_firmware/bin'
[0.668s] INFO:colcon.colcon_core.shell:Creating package script '/home/sourav/ROS2-Self-Driving-Robot/control/bumperbot_ws/install/bumperbot_firmware/share/bumperbot_firmware/package.ps1'
[0.668s] INFO:colcon.colcon_core.shell:Creating package descriptor '/home/sourav/ROS2-Self-Driving-Robot/control/bumperbot_ws/install/bumperbot_firmware/share/bumperbot_firmware/package.dsv'
[0.668s] INFO:colcon.colcon_core.shell:Creating package script '/home/sourav/ROS2-Self-Driving-Robot/control/bumperbot_ws/install/bumperbot_firmware/share/bumperbot_firmware/package.sh'
[0.669s] INFO:colcon.colcon_core.shell:Creating package script '/home/sourav/ROS2-Self-Driving-Robot/control/bumperbot_ws/install/bumperbot_firmware/share/bumperbot_firmware/package.bash'
[0.669s] INFO:colcon.colcon_core.shell:Creating package script '/home/sourav/ROS2-Self-Driving-Robot/control/bumperbot_ws/install/bumperbot_firmware/share/bumperbot_firmware/package.zsh'
[0.669s] Level 1:colcon.colcon_core.environment:create_file_with_runtime_dependencies(/home/sourav/ROS2-Self-Driving-Robot/control/bumperbot_ws/install/bumperbot_firmware/share/colcon-core/packages/bumperbot_firmware)
[0.670s] Level 1:colcon.colcon_core.environment:create_environment_scripts_only(bumperbot_msgs)
[0.671s] Level 1:colcon.colcon_core.environment:checking '/home/sourav/ROS2-Self-Driving-Robot/control/bumperbot_ws/install/bumperbot_msgs' for CMake module files
[0.671s] DEBUG:colcon.colcon_core.event_handler.log_command:Invoked command in '/home/sourav/ROS2-Self-Driving-Robot/control/bumperbot_ws/build/bumperbot_msgs' returned '0': CMAKE_PREFIX_PATH=/opt/ros/humble /usr/bin/cmake --install /home/sourav/ROS2-Self-Driving-Robot/control/bumperbot_ws/build/bumperbot_msgs
[0.672s] Level 1:colcon.colcon_core.environment:checking '/home/sourav/ROS2-Self-Driving-Robot/control/bumperbot_ws/install/bumperbot_msgs' for CMake config files
[0.672s] Level 1:colcon.colcon_core.shell:create_environment_hook('bumperbot_msgs', 'cmake_prefix_path')
[0.672s] INFO:colcon.colcon_core.shell:Creating environment hook '/home/sourav/ROS2-Self-Driving-Robot/control/bumperbot_ws/install/bumperbot_msgs/share/bumperbot_msgs/hook/cmake_prefix_path.ps1'
[0.672s] INFO:colcon.colcon_core.shell:Creating environment descriptor '/home/sourav/ROS2-Self-Driving-Robot/control/bumperbot_ws/install/bumperbot_msgs/share/bumperbot_msgs/hook/cmake_prefix_path.dsv'
[0.673s] INFO:colcon.colcon_core.shell:Creating environment hook '/home/sourav/ROS2-Self-Driving-Robot/control/bumperbot_ws/install/bumperbot_msgs/share/bumperbot_msgs/hook/cmake_prefix_path.sh'
[0.673s] Level 1:colcon.colcon_core.environment:checking '/home/sourav/ROS2-Self-Driving-Robot/control/bumperbot_ws/install/bumperbot_msgs/lib'
[0.673s] Level 1:colcon.colcon_core.shell:create_environment_hook('bumperbot_msgs', 'ld_library_path_lib')
[0.673s] INFO:colcon.colcon_core.shell:Creating environment hook '/home/sourav/ROS2-Self-Driving-Robot/control/bumperbot_ws/install/bumperbot_msgs/share/bumperbot_msgs/hook/ld_library_path_lib.ps1'
[0.674s] INFO:colcon.colcon_core.shell:Creating environment descriptor '/home/sourav/ROS2-Self-Driving-Robot/control/bumperbot_ws/install/bumperbot_msgs/share/bumperbot_msgs/hook/ld_library_path_lib.dsv'
[0.674s] INFO:colcon.colcon_core.shell:Creating environment hook '/home/sourav/ROS2-Self-Driving-Robot/control/bumperbot_ws/install/bumperbot_msgs/share/bumperbot_msgs/hook/ld_library_path_lib.sh'
[0.674s] Level 1:colcon.colcon_core.environment:checking '/home/sourav/ROS2-Self-Driving-Robot/control/bumperbot_ws/install/bumperbot_msgs/bin'
[0.674s] Level 1:colcon.colcon_core.environment:checking '/home/sourav/ROS2-Self-Driving-Robot/control/bumperbot_ws/install/bumperbot_msgs/lib/pkgconfig/bumperbot_msgs.pc'
[0.674s] Level 1:colcon.colcon_core.environment:checking '/home/sourav/ROS2-Self-Driving-Robot/control/bumperbot_ws/install/bumperbot_msgs/lib/python3.10/site-packages'
[0.674s] Level 1:colcon.colcon_core.environment:checking '/home/sourav/ROS2-Self-Driving-Robot/control/bumperbot_ws/install/bumperbot_msgs/bin'
[0.675s] INFO:colcon.colcon_core.shell:Creating package script '/home/sourav/ROS2-Self-Driving-Robot/control/bumperbot_ws/install/bumperbot_msgs/share/bumperbot_msgs/package.ps1'
[0.675s] INFO:colcon.colcon_core.shell:Creating package descriptor '/home/sourav/ROS2-Self-Driving-Robot/control/bumperbot_ws/install/bumperbot_msgs/share/bumperbot_msgs/package.dsv'
[0.675s] INFO:colcon.colcon_core.shell:Creating package script '/home/sourav/ROS2-Self-Driving-Robot/control/bumperbot_ws/install/bumperbot_msgs/share/bumperbot_msgs/package.sh'
[0.676s] INFO:colcon.colcon_core.shell:Creating package script '/home/sourav/ROS2-Self-Driving-Robot/control/bumperbot_ws/install/bumperbot_msgs/share/bumperbot_msgs/package.bash'
[0.676s] INFO:colcon.colcon_core.shell:Creating package script '/home/sourav/ROS2-Self-Driving-Robot/control/bumperbot_ws/install/bumperbot_msgs/share/bumperbot_msgs/package.zsh'
[0.676s] Level 1:colcon.colcon_core.environment:create_file_with_runtime_dependencies(/home/sourav/ROS2-Self-Driving-Robot/control/bumperbot_ws/install/bumperbot_msgs/share/colcon-core/packages/bumperbot_msgs)
[0.676s] Level 1:colcon.colcon_core.environment:create_environment_scripts_only(bumperbot_msgs)
[0.676s] Level 1:colcon.colcon_core.environment:checking '/home/sourav/ROS2-Self-Driving-Robot/control/bumperbot_ws/install/bumperbot_msgs' for CMake module files
[0.677s] Level 1:colcon.colcon_core.environment:checking '/home/sourav/ROS2-Self-Driving-Robot/control/bumperbot_ws/install/bumperbot_msgs' for CMake config files
[0.677s] Level 1:colcon.colcon_core.shell:create_environment_hook('bumperbot_msgs', 'cmake_prefix_path')
[0.677s] INFO:colcon.colcon_core.shell:Creating environment hook '/home/sourav/ROS2-Self-Driving-Robot/control/bumperbot_ws/install/bumperbot_msgs/share/bumperbot_msgs/hook/cmake_prefix_path.ps1'
[0.678s] INFO:colcon.colcon_core.shell:Creating environment descriptor '/home/sourav/ROS2-Self-Driving-Robot/control/bumperbot_ws/install/bumperbot_msgs/share/bumperbot_msgs/hook/cmake_prefix_path.dsv'
[0.678s] INFO:colcon.colcon_core.shell:Creating environment hook '/home/sourav/ROS2-Self-Driving-Robot/control/bumperbot_ws/install/bumperbot_msgs/share/bumperbot_msgs/hook/cmake_prefix_path.sh'
[0.679s] Level 1:colcon.colcon_core.environment:checking '/home/sourav/ROS2-Self-Driving-Robot/control/bumperbot_ws/install/bumperbot_msgs/lib'
[0.679s] Level 1:colcon.colcon_core.shell:create_environment_hook('bumperbot_msgs', 'ld_library_path_lib')
[0.679s] INFO:colcon.colcon_core.shell:Creating environment hook '/home/sourav/ROS2-Self-Driving-Robot/control/bumperbot_ws/install/bumperbot_msgs/share/bumperbot_msgs/hook/ld_library_path_lib.ps1'
[0.679s] INFO:colcon.colcon_core.shell:Creating environment descriptor '/home/sourav/ROS2-Self-Driving-Robot/control/bumperbot_ws/install/bumperbot_msgs/share/bumperbot_msgs/hook/ld_library_path_lib.dsv'
[0.679s] INFO:colcon.colcon_core.shell:Creating environment hook '/home/sourav/ROS2-Self-Driving-Robot/control/bumperbot_ws/install/bumperbot_msgs/share/bumperbot_msgs/hook/ld_library_path_lib.sh'
[0.679s] Level 1:colcon.colcon_core.environment:checking '/home/sourav/ROS2-Self-Driving-Robot/control/bumperbot_ws/install/bumperbot_msgs/bin'
[0.679s] Level 1:colcon.colcon_core.environment:checking '/home/sourav/ROS2-Self-Driving-Robot/control/bumperbot_ws/install/bumperbot_msgs/lib/pkgconfig/bumperbot_msgs.pc'
[0.680s] Level 1:colcon.colcon_core.environment:checking '/home/sourav/ROS2-Self-Driving-Robot/control/bumperbot_ws/install/bumperbot_msgs/lib/python3.10/site-packages'
[0.680s] Level 1:colcon.colcon_core.environment:checking '/home/sourav/ROS2-Self-Driving-Robot/control/bumperbot_ws/install/bumperbot_msgs/bin'
[0.680s] INFO:colcon.colcon_core.shell:Creating package script '/home/sourav/ROS2-Self-Driving-Robot/control/bumperbot_ws/install/bumperbot_msgs/share/bumperbot_msgs/package.ps1'
[0.681s] INFO:colcon.colcon_core.shell:Creating package descriptor '/home/sourav/ROS2-Self-Driving-Robot/control/bumperbot_ws/install/bumperbot_msgs/share/bumperbot_msgs/package.dsv'
[0.681s] INFO:colcon.colcon_core.shell:Creating package script '/home/sourav/ROS2-Self-Driving-Robot/control/bumperbot_ws/install/bumperbot_msgs/share/bumperbot_msgs/package.sh'
[0.681s] INFO:colcon.colcon_core.shell:Creating package script '/home/sourav/ROS2-Self-Driving-Robot/control/bumperbot_ws/install/bumperbot_msgs/share/bumperbot_msgs/package.bash'
[0.681s] INFO:colcon.colcon_core.shell:Creating package script '/home/sourav/ROS2-Self-Driving-Robot/control/bumperbot_ws/install/bumperbot_msgs/share/bumperbot_msgs/package.zsh'
[0.682s] Level 1:colcon.colcon_core.environment:create_file_with_runtime_dependencies(/home/sourav/ROS2-Self-Driving-Robot/control/bumperbot_ws/install/bumperbot_msgs/share/colcon-core/packages/bumperbot_msgs)
[0.682s] INFO:colcon.colcon_ros.task.ament_cmake.build:Building ROS package in '/home/sourav/ROS2-Self-Driving-Robot/control/bumperbot_ws/src/bumperbot_cpp_examples' with build type 'ament_cmake'
[0.682s] INFO:colcon.colcon_cmake.task.cmake.build:Building CMake package in '/home/sourav/ROS2-Self-Driving-Robot/control/bumperbot_ws/src/bumperbot_cpp_examples'
[0.682s] INFO:colcon.colcon_core.shell:Skip shell extension 'powershell' for command environment: Not usable outside of PowerShell
[0.682s] DEBUG:colcon.colcon_core.shell:Skip shell extension 'dsv' for command environment
[0.685s] INFO:colcon.colcon_ros.task.ament_python.build:Building ROS package in '/home/sourav/ROS2-Self-Driving-Robot/control/bumperbot_ws/src/bumperbot_py_examples' with build type 'ament_python'
[0.685s] Level 1:colcon.colcon_core.shell:create_environment_hook('bumperbot_py_examples', 'ament_prefix_path')
[0.685s] INFO:colcon.colcon_core.shell:Creating environment hook '/home/sourav/ROS2-Self-Driving-Robot/control/bumperbot_ws/install/bumperbot_py_examples/share/bumperbot_py_examples/hook/ament_prefix_path.ps1'
[0.686s] INFO:colcon.colcon_core.shell:Creating environment descriptor '/home/sourav/ROS2-Self-Driving-Robot/control/bumperbot_ws/install/bumperbot_py_examples/share/bumperbot_py_examples/hook/ament_prefix_path.dsv'
[0.686s] INFO:colcon.colcon_core.shell:Creating environment hook '/home/sourav/ROS2-Self-Driving-Robot/control/bumperbot_ws/install/bumperbot_py_examples/share/bumperbot_py_examples/hook/ament_prefix_path.sh'
[0.686s] INFO:colcon.colcon_core.shell:Skip shell extension 'powershell' for command environment: Not usable outside of PowerShell
[0.686s] DEBUG:colcon.colcon_core.shell:Skip shell extension 'dsv' for command environment
[0.691s] DEBUG:colcon.colcon_core.event_handler.log_command:Invoking command in '/home/sourav/ROS2-Self-Driving-Robot/control/bumperbot_ws/build/bumperbot_cpp_examples': AMENT_PREFIX_PATH=/home/sourav/ROS2-Self-Driving-Robot/control/bumperbot_ws/install/bumperbot_msgs:${AMENT_PREFIX_PATH} CMAKE_PREFIX_PATH=/home/sourav/ROS2-Self-Driving-Robot/control/bumperbot_ws/install/bumperbot_msgs:/opt/ros/humble LD_LIBRARY_PATH=/home/sourav/ROS2-Self-Driving-Robot/control/bumperbot_ws/install/bumperbot_msgs/lib:${LD_LIBRARY_PATH} PYTHONPATH=/home/sourav/ROS2-Self-Driving-Robot/control/bumperbot_ws/install/bumperbot_msgs/local/lib/python3.10/dist-packages:${PYTHONPATH} /usr/bin/cmake --build /home/sourav/ROS2-Self-Driving-Robot/control/bumperbot_ws/build/bumperbot_cpp_examples -- -j16 -l16
[0.868s] INFO:colcon.colcon_core.task.python.build:Building Python package in '/home/sourav/ROS2-Self-Driving-Robot/control/bumperbot_ws/src/bumperbot_py_examples'
[0.869s] INFO:colcon.colcon_core.shell:Skip shell extension 'powershell' for command environment: Not usable outside of PowerShell
[0.869s] DEBUG:colcon.colcon_core.shell:Skip shell extension 'dsv' for command environment
[0.872s] DEBUG:colcon.colcon_core.event_handler.log_command:Invoked command in '/home/sourav/ROS2-Self-Driving-Robot/control/bumperbot_ws/build/bumperbot_cpp_examples' returned '0': AMENT_PREFIX_PATH=/home/sourav/ROS2-Self-Driving-Robot/control/bumperbot_ws/install/bumperbot_msgs:${AMENT_PREFIX_PATH} CMAKE_PREFIX_PATH=/home/sourav/ROS2-Self-Driving-Robot/control/bumperbot_ws/install/bumperbot_msgs:/opt/ros/humble LD_LIBRARY_PATH=/home/sourav/ROS2-Self-Driving-Robot/control/bumperbot_ws/install/bumperbot_msgs/lib:${LD_LIBRARY_PATH} PYTHONPATH=/home/sourav/ROS2-Self-Driving-Robot/control/bumperbot_ws/install/bumperbot_msgs/local/lib/python3.10/dist-packages:${PYTHONPATH} /usr/bin/cmake --build /home/sourav/ROS2-Self-Driving-Robot/control/bumperbot_ws/build/bumperbot_cpp_examples -- -j16 -l16
[0.873s] DEBUG:colcon.colcon_core.event_handler.log_command:Invoking command in '/home/sourav/ROS2-Self-Driving-Robot/control/bumperbot_ws/build/bumperbot_cpp_examples': AMENT_PREFIX_PATH=/home/sourav/ROS2-Self-Driving-Robot/control/bumperbot_ws/install/bumperbot_msgs:${AMENT_PREFIX_PATH} CMAKE_PREFIX_PATH=/home/sourav/ROS2-Self-Driving-Robot/control/bumperbot_ws/install/bumperbot_msgs:/opt/ros/humble LD_LIBRARY_PATH=/home/sourav/ROS2-Self-Driving-Robot/control/bumperbot_ws/install/bumperbot_msgs/lib:${LD_LIBRARY_PATH} PYTHONPATH=/home/sourav/ROS2-Self-Driving-Robot/control/bumperbot_ws/install/bumperbot_msgs/local/lib/python3.10/dist-packages:${PYTHONPATH} /usr/bin/cmake --install /home/sourav/ROS2-Self-Driving-Robot/control/bumperbot_ws/build/bumperbot_cpp_examples
[0.881s] Level 1:colcon.colcon_core.environment:create_environment_scripts_only(bumperbot_cpp_examples)
[0.882s] Level 1:colcon.colcon_core.environment:checking '/home/sourav/ROS2-Self-Driving-Robot/control/bumperbot_ws/install/bumperbot_cpp_examples' for CMake module files
[0.882s] DEBUG:colcon.colcon_core.event_handler.log_command:Invoked command in '/home/sourav/ROS2-Self-Driving-Robot/control/bumperbot_ws/build/bumperbot_cpp_examples' returned '0': AMENT_PREFIX_PATH=/home/sourav/ROS2-Self-Driving-Robot/control/bumperbot_ws/install/bumperbot_msgs:${AMENT_PREFIX_PATH} CMAKE_PREFIX_PATH=/home/sourav/ROS2-Self-Driving-Robot/control/bumperbot_ws/install/bumperbot_msgs:/opt/ros/humble LD_LIBRARY_PATH=/home/sourav/ROS2-Self-Driving-Robot/control/bumperbot_ws/install/bumperbot_msgs/lib:${LD_LIBRARY_PATH} PYTHONPATH=/home/sourav/ROS2-Self-Driving-Robot/control/bumperbot_ws/install/bumperbot_msgs/local/lib/python3.10/dist-packages:${PYTHONPATH} /usr/bin/cmake --install /home/sourav/ROS2-Self-Driving-Robot/control/bumperbot_ws/build/bumperbot_cpp_examples
[0.883s] Level 1:colcon.colcon_core.environment:checking '/home/sourav/ROS2-Self-Driving-Robot/control/bumperbot_ws/install/bumperbot_cpp_examples' for CMake config files
[0.883s] Level 1:colcon.colcon_core.shell:create_environment_hook('bumperbot_cpp_examples', 'cmake_prefix_path')
[0.883s] INFO:colcon.colcon_core.shell:Creating environment hook '/home/sourav/ROS2-Self-Driving-Robot/control/bumperbot_ws/install/bumperbot_cpp_examples/share/bumperbot_cpp_examples/hook/cmake_prefix_path.ps1'
[0.884s] INFO:colcon.colcon_core.shell:Creating environment descriptor '/home/sourav/ROS2-Self-Driving-Robot/control/bumperbot_ws/install/bumperbot_cpp_examples/share/bumperbot_cpp_examples/hook/cmake_prefix_path.dsv'
[0.884s] INFO:colcon.colcon_core.shell:Creating environment hook '/home/sourav/ROS2-Self-Driving-Robot/control/bumperbot_ws/install/bumperbot_cpp_examples/share/bumperbot_cpp_examples/hook/cmake_prefix_path.sh'
[0.885s] Level 1:colcon.colcon_core.environment:checking '/home/sourav/ROS2-Self-Driving-Robot/control/bumperbot_ws/install/bumperbot_cpp_examples/lib'
[0.885s] Level 1:colcon.colcon_core.environment:checking '/home/sourav/ROS2-Self-Driving-Robot/control/bumperbot_ws/install/bumperbot_cpp_examples/bin'
[0.885s] Level 1:colcon.colcon_core.environment:checking '/home/sourav/ROS2-Self-Driving-Robot/control/bumperbot_ws/install/bumperbot_cpp_examples/lib/pkgconfig/bumperbot_cpp_examples.pc'
[0.885s] Level 1:colcon.colcon_core.environment:checking '/home/sourav/ROS2-Self-Driving-Robot/control/bumperbot_ws/install/bumperbot_cpp_examples/lib/python3.10/site-packages'
[0.885s] Level 1:colcon.colcon_core.environment:checking '/home/sourav/ROS2-Self-Driving-Robot/control/bumperbot_ws/install/bumperbot_cpp_examples/bin'
[0.885s] INFO:colcon.colcon_core.shell:Creating package script '/home/sourav/ROS2-Self-Driving-Robot/control/bumperbot_ws/install/bumperbot_cpp_examples/share/bumperbot_cpp_examples/package.ps1'
[0.885s] INFO:colcon.colcon_core.shell:Creating package descriptor '/home/sourav/ROS2-Self-Driving-Robot/control/bumperbot_ws/install/bumperbot_cpp_examples/share/bumperbot_cpp_examples/package.dsv'
[0.886s] INFO:colcon.colcon_core.shell:Creating package script '/home/sourav/ROS2-Self-Driving-Robot/control/bumperbot_ws/install/bumperbot_cpp_examples/share/bumperbot_cpp_examples/package.sh'
[0.886s] INFO:colcon.colcon_core.shell:Creating package script '/home/sourav/ROS2-Self-Driving-Robot/control/bumperbot_ws/install/bumperbot_cpp_examples/share/bumperbot_cpp_examples/package.bash'
[0.886s] INFO:colcon.colcon_core.shell:Creating package script '/home/sourav/ROS2-Self-Driving-Robot/control/bumperbot_ws/install/bumperbot_cpp_examples/share/bumperbot_cpp_examples/package.zsh'
[0.886s] Level 1:colcon.colcon_core.environment:create_file_with_runtime_dependencies(/home/sourav/ROS2-Self-Driving-Robot/control/bumperbot_ws/install/bumperbot_cpp_examples/share/colcon-core/packages/bumperbot_cpp_examples)
[0.886s] Level 1:colcon.colcon_core.environment:create_environment_scripts_only(bumperbot_cpp_examples)
[0.887s] Level 1:colcon.colcon_core.environment:checking '/home/sourav/ROS2-Self-Driving-Robot/control/bumperbot_ws/install/bumperbot_cpp_examples' for CMake module files
[0.887s] Level 1:colcon.colcon_core.environment:checking '/home/sourav/ROS2-Self-Driving-Robot/control/bumperbot_ws/install/bumperbot_cpp_examples' for CMake config files
[0.887s] Level 1:colcon.colcon_core.shell:create_environment_hook('bumperbot_cpp_examples', 'cmake_prefix_path')
[0.887s] INFO:colcon.colcon_core.shell:Creating environment hook '/home/sourav/ROS2-Self-Driving-Robot/control/bumperbot_ws/install/bumperbot_cpp_examples/share/bumperbot_cpp_examples/hook/cmake_prefix_path.ps1'
[0.887s] INFO:colcon.colcon_core.shell:Creating environment descriptor '/home/sourav/ROS2-Self-Driving-Robot/control/bumperbot_ws/install/bumperbot_cpp_examples/share/bumperbot_cpp_examples/hook/cmake_prefix_path.dsv'
[0.887s] INFO:colcon.colcon_core.shell:Creating environment hook '/home/sourav/ROS2-Self-Driving-Robot/control/bumperbot_ws/install/bumperbot_cpp_examples/share/bumperbot_cpp_examples/hook/cmake_prefix_path.sh'
[0.888s] Level 1:colcon.colcon_core.environment:checking '/home/sourav/ROS2-Self-Driving-Robot/control/bumperbot_ws/install/bumperbot_cpp_examples/lib'
[0.888s] Level 1:colcon.colcon_core.environment:checking '/home/sourav/ROS2-Self-Driving-Robot/control/bumperbot_ws/install/bumperbot_cpp_examples/bin'
[0.888s] Level 1:colcon.colcon_core.environment:checking '/home/sourav/ROS2-Self-Driving-Robot/control/bumperbot_ws/install/bumperbot_cpp_examples/lib/pkgconfig/bumperbot_cpp_examples.pc'
[0.888s] Level 1:colcon.colcon_core.environment:checking '/home/sourav/ROS2-Self-Driving-Robot/control/bumperbot_ws/install/bumperbot_cpp_examples/lib/python3.10/site-packages'
[0.888s] Level 1:colcon.colcon_core.environment:checking '/home/sourav/ROS2-Self-Driving-Robot/control/bumperbot_ws/install/bumperbot_cpp_examples/bin'
[0.888s] INFO:colcon.colcon_core.shell:Creating package script '/home/sourav/ROS2-Self-Driving-Robot/control/bumperbot_ws/install/bumperbot_cpp_examples/share/bumperbot_cpp_examples/package.ps1'
[0.888s] INFO:colcon.colcon_core.shell:Creating package descriptor '/home/sourav/ROS2-Self-Driving-Robot/control/bumperbot_ws/install/bumperbot_cpp_examples/share/bumperbot_cpp_examples/package.dsv'
[0.889s] INFO:colcon.colcon_core.shell:Creating package script '/home/sourav/ROS2-Self-Driving-Robot/control/bumperbot_ws/install/bumperbot_cpp_examples/share/bumperbot_cpp_examples/package.sh'
[0.889s] INFO:colcon.colcon_core.shell:Creating package script '/home/sourav/ROS2-Self-Driving-Robot/control/bumperbot_ws/install/bumperbot_cpp_examples/share/bumperbot_cpp_examples/package.bash'
[0.889s] INFO:colcon.colcon_core.shell:Creating package script '/home/sourav/ROS2-Self-Driving-Robot/control/bumperbot_ws/install/bumperbot_cpp_examples/share/bumperbot_cpp_examples/package.zsh'
[0.889s] Level 1:colcon.colcon_core.environment:create_file_with_runtime_dependencies(/home/sourav/ROS2-Self-Driving-Robot/control/bumperbot_ws/install/bumperbot_cpp_examples/share/colcon-core/packages/bumperbot_cpp_examples)
[1.080s] DEBUG:colcon.colcon_core.event_handler.log_command:Invoking command in '/home/sourav/ROS2-Self-Driving-Robot/control/bumperbot_ws/src/bumperbot_py_examples': AMENT_PREFIX_PATH=/home/sourav/ROS2-Self-Driving-Robot/control/bumperbot_ws/install/bumperbot_msgs:${AMENT_PREFIX_PATH} CMAKE_PREFIX_PATH=/home/sourav/ROS2-Self-Driving-Robot/control/bumperbot_ws/install/bumperbot_msgs LD_LIBRARY_PATH=/home/sourav/ROS2-Self-Driving-Robot/control/bumperbot_ws/install/bumperbot_msgs/lib:${LD_LIBRARY_PATH} PYTHONPATH=/home/sourav/ROS2-Self-Driving-Robot/control/bumperbot_ws/build/bumperbot_py_examples/prefix_override:/usr/lib/python3/dist-packages/colcon_core/task/python/colcon_distutils_commands:/home/sourav/ROS2-Self-Driving-Robot/control/bumperbot_ws/install/bumperbot_py_examples/lib/python3.10/site-packages:/home/sourav/ROS2-Self-Driving-Robot/control/bumperbot_ws/install/bumperbot_msgs/local/lib/python3.10/dist-packages:${PYTHONPATH} /usr/bin/python3 -W ignore:setup.py install is deprecated -W ignore:easy_install command is deprecated setup.py egg_info --egg-base ../../build/bumperbot_py_examples build --build-base /home/sourav/ROS2-Self-Driving-Robot/control/bumperbot_ws/build/bumperbot_py_examples/build install --record /home/sourav/ROS2-Self-Driving-Robot/control/bumperbot_ws/build/bumperbot_py_examples/install.log --single-version-externally-managed install_data
[1.244s] Level 1:colcon.colcon_core.environment:checking '/home/sourav/ROS2-Self-Driving-Robot/control/bumperbot_ws/install/bumperbot_py_examples' for CMake module files
[1.244s] DEBUG:colcon.colcon_core.event_handler.log_command:Invoked command in '/home/sourav/ROS2-Self-Driving-Robot/control/bumperbot_ws/src/bumperbot_py_examples' returned '0': AMENT_PREFIX_PATH=/home/sourav/ROS2-Self-Driving-Robot/control/bumperbot_ws/install/bumperbot_msgs:${AMENT_PREFIX_PATH} CMAKE_PREFIX_PATH=/home/sourav/ROS2-Self-Driving-Robot/control/bumperbot_ws/install/bumperbot_msgs LD_LIBRARY_PATH=/home/sourav/ROS2-Self-Driving-Robot/control/bumperbot_ws/install/bumperbot_msgs/lib:${LD_LIBRARY_PATH} PYTHONPATH=/home/sourav/ROS2-Self-Driving-Robot/control/bumperbot_ws/build/bumperbot_py_examples/prefix_override:/usr/lib/python3/dist-packages/colcon_core/task/python/colcon_distutils_commands:/home/sourav/ROS2-Self-Driving-Robot/control/bumperbot_ws/install/bumperbot_py_examples/lib/python3.10/site-packages:/home/sourav/ROS2-Self-Driving-Robot/control/bumperbot_ws/install/bumperbot_msgs/local/lib/python3.10/dist-packages:${PYTHONPATH} /usr/bin/python3 -W ignore:setup.py install is deprecated -W ignore:easy_install command is deprecated setup.py egg_info --egg-base ../../build/bumperbot_py_examples build --build-base /home/sourav/ROS2-Self-Driving-Robot/control/bumperbot_ws/build/bumperbot_py_examples/build install --record /home/sourav/ROS2-Self-Driving-Robot/control/bumperbot_ws/build/bumperbot_py_examples/install.log --single-version-externally-managed install_data
[1.244s] Level 1:colcon.colcon_core.environment:checking '/home/sourav/ROS2-Self-Driving-Robot/control/bumperbot_ws/install/bumperbot_py_examples' for CMake config files
[1.245s] Level 1:colcon.colcon_core.environment:checking '/home/sourav/ROS2-Self-Driving-Robot/control/bumperbot_ws/install/bumperbot_py_examples/lib'
[1.245s] Level 1:colcon.colcon_core.environment:checking '/home/sourav/ROS2-Self-Driving-Robot/control/bumperbot_ws/install/bumperbot_py_examples/bin'
[1.245s] Level 1:colcon.colcon_core.environment:checking '/home/sourav/ROS2-Self-Driving-Robot/control/bumperbot_ws/install/bumperbot_py_examples/lib/pkgconfig/bumperbot_py_examples.pc'
[1.245s] Level 1:colcon.colcon_core.environment:checking '/home/sourav/ROS2-Self-Driving-Robot/control/bumperbot_ws/install/bumperbot_py_examples/lib/python3.10/site-packages'
[1.245s] Level 1:colcon.colcon_core.shell:create_environment_hook('bumperbot_py_examples', 'pythonpath')
[1.245s] INFO:colcon.colcon_core.shell:Creating environment hook '/home/sourav/ROS2-Self-Driving-Robot/control/bumperbot_ws/install/bumperbot_py_examples/share/bumperbot_py_examples/hook/pythonpath.ps1'
[1.245s] INFO:colcon.colcon_core.shell:Creating environment descriptor '/home/sourav/ROS2-Self-Driving-Robot/control/bumperbot_ws/install/bumperbot_py_examples/share/bumperbot_py_examples/hook/pythonpath.dsv'
[1.246s] INFO:colcon.colcon_core.shell:Creating environment hook '/home/sourav/ROS2-Self-Driving-Robot/control/bumperbot_ws/install/bumperbot_py_examples/share/bumperbot_py_examples/hook/pythonpath.sh'
[1.246s] Level 1:colcon.colcon_core.environment:checking '/home/sourav/ROS2-Self-Driving-Robot/control/bumperbot_ws/install/bumperbot_py_examples/bin'
[1.246s] Level 1:colcon.colcon_core.environment:create_environment_scripts_only(bumperbot_py_examples)
[1.247s] INFO:colcon.colcon_core.shell:Creating package script '/home/sourav/ROS2-Self-Driving-Robot/control/bumperbot_ws/install/bumperbot_py_examples/share/bumperbot_py_examples/package.ps1'
[1.247s] INFO:colcon.colcon_core.shell:Creating package descriptor '/home/sourav/ROS2-Self-Driving-Robot/control/bumperbot_ws/install/bumperbot_py_examples/share/bumperbot_py_examples/package.dsv'
[1.248s] INFO:colcon.colcon_core.shell:Creating package script '/home/sourav/ROS2-Self-Driving-Robot/control/bumperbot_ws/install/bumperbot_py_examples/share/bumperbot_py_examples/package.sh'
[1.248s] INFO:colcon.colcon_core.shell:Creating package script '/home/sourav/ROS2-Self-Driving-Robot/control/bumperbot_ws/install/bumperbot_py_examples/share/bumperbot_py_examples/package.bash'
[1.248s] INFO:colcon.colcon_core.shell:Creating package script '/home/sourav/ROS2-Self-Driving-Robot/control/bumperbot_ws/install/bumperbot_py_examples/share/bumperbot_py_examples/package.zsh'
[1.249s] Level 1:colcon.colcon_core.environment:create_file_with_runtime_dependencies(/home/sourav/ROS2-Self-Driving-Robot/control/bumperbot_ws/install/bumperbot_py_examples/share/colcon-core/packages/bumperbot_py_examples)
[1.249s] DEBUG:colcon.colcon_parallel_executor.executor.parallel:closing loop
[1.249s] DEBUG:colcon.colcon_parallel_executor.executor.parallel:loop closed
[1.249s] DEBUG:colcon.colcon_parallel_executor.executor.parallel:run_until_complete finished with '0'
[1.249s] DEBUG:colcon.colcon_core.event_reactor:joining thread
[1.255s] INFO:colcon.colcon_core.plugin_system:Skipping extension 'colcon_notification.desktop_notification.terminal_notifier': Not used on non-Darwin systems
[1.255s] INFO:colcon.colcon_core.plugin_system:Skipping extension 'colcon_notification.desktop_notification.win32': Not used on non-Windows systems
[1.255s] INFO:colcon.colcon_notification.desktop_notification:Sending desktop notification using 'notify2'
[1.264s] DEBUG:colcon.colcon_core.event_reactor:joined thread
[1.264s] INFO:colcon.colcon_core.shell:Creating prefix script '/home/sourav/ROS2-Self-Driving-Robot/control/bumperbot_ws/install/local_setup.ps1'
[1.265s] INFO:colcon.colcon_core.shell:Creating prefix util module '/home/sourav/ROS2-Self-Driving-Robot/control/bumperbot_ws/install/_local_setup_util_ps1.py'
[1.266s] INFO:colcon.colcon_core.shell:Creating prefix chain script '/home/sourav/ROS2-Self-Driving-Robot/control/bumperbot_ws/install/setup.ps1'
[1.268s] INFO:colcon.colcon_core.shell:Creating prefix script '/home/sourav/ROS2-Self-Driving-Robot/control/bumperbot_ws/install/local_setup.sh'
[1.268s] INFO:colcon.colcon_core.shell:Creating prefix util module '/home/sourav/ROS2-Self-Driving-Robot/control/bumperbot_ws/install/_local_setup_util_sh.py'
[1.269s] INFO:colcon.colcon_core.shell:Creating prefix chain script '/home/sourav/ROS2-Self-Driving-Robot/control/bumperbot_ws/install/setup.sh'
[1.270s] INFO:colcon.colcon_core.shell:Creating prefix script '/home/sourav/ROS2-Self-Driving-Robot/control/bumperbot_ws/install/local_setup.bash'
[1.270s] INFO:colcon.colcon_core.shell:Creating prefix chain script '/home/sourav/ROS2-Self-Driving-Robot/control/bumperbot_ws/install/setup.bash'
[1.271s] INFO:colcon.colcon_core.shell:Creating prefix script '/home/sourav/ROS2-Self-Driving-Robot/control/bumperbot_ws/install/local_setup.zsh'
[1.272s] INFO:colcon.colcon_core.shell:Creating prefix chain script '/home/sourav/ROS2-Self-Driving-Robot/control/bumperbot_ws/install/setup.zsh'
