[0.057s] DEBUG:colcon:Command line arguments: ['/usr/bin/colcon', 'build']
[0.057s] DEBUG:colcon:Parsed command line arguments: Namespace(log_base=None, log_level=None, verb_name='build', build_base='build', install_base='install', merge_install=False, symlink_install=False, test_result_base=None, continue_on_error=False, executor='parallel', parallel_workers=16, event_handlers=None, ignore_user_meta=False, metas=['./colcon.meta'], base_paths=['.'], packages_ignore=None, packages_ignore_regex=None, paths=None, packages_up_to=None, packages_up_to_regex=None, packages_above=None, packages_above_and_dependencies=None, packages_above_depth=None, packages_select_by_dep=None, packages_skip_by_dep=None, packages_skip_up_to=None, packages_select_build_failed=False, packages_skip_build_finished=False, packages_select_test_failures=False, packages_skip_test_passed=False, packages_select=None, packages_skip=None, packages_select_regex=None, packages_skip_regex=None, packages_start=None, packages_end=None, allow_overriding=[], cmake_args=None, cmake_target=None, cmake_target_skip_unavailable=False, cmake_clean_cache=False, cmake_clean_first=False, cmake_force_configure=False, ament_cmake_args=None, catkin_cmake_args=None, catkin_skip_building_tests=False, mixin_files=None, mixin=None, verb_parser=<colcon_mixin.mixin.mixin_argument.MixinArgumentDecorator object at 0x7043afb37ac0>, verb_extension=<colcon_core.verb.build.BuildVerb object at 0x7043afb37550>, main=<bound method BuildVerb.main of <colcon_core.verb.build.BuildVerb object at 0x7043afb37550>>, mixin_verb=('build',))
[0.143s] Level 1:colcon.colcon_core.package_discovery:discover_packages(colcon_meta) check parameters
[0.143s] Level 1:colcon.colcon_core.package_discovery:discover_packages(recursive) check parameters
[0.143s] Level 1:colcon.colcon_core.package_discovery:discover_packages(ignore) check parameters
[0.143s] Level 1:colcon.colcon_core.package_discovery:discover_packages(path) check parameters
[0.143s] Level 1:colcon.colcon_core.package_discovery:discover_packages(colcon_meta) discover
[0.144s] Level 1:colcon.colcon_core.package_discovery:discover_packages(recursive) discover
[0.144s] INFO:colcon.colcon_core.package_discovery:Crawling recursively for packages in '/home/sourav/ROS2-Self-Driving-Robot/control/bumperbot_ws'
[0.144s] Level 1:colcon.colcon_core.package_identification:_identify(.) by extensions ['ignore', 'ignore_ament_install']
[0.144s] Level 1:colcon.colcon_core.package_identification:_identify(.) by extension 'ignore'
[0.144s] Level 1:colcon.colcon_core.package_identification:_identify(.) by extension 'ignore_ament_install'
[0.144s] Level 1:colcon.colcon_core.package_identification:_identify(.) by extensions ['colcon_pkg']
[0.144s] Level 1:colcon.colcon_core.package_identification:_identify(.) by extension 'colcon_pkg'
[0.144s] Level 1:colcon.colcon_core.package_identification:_identify(.) by extensions ['colcon_meta']
[0.144s] Level 1:colcon.colcon_core.package_identification:_identify(.) by extension 'colcon_meta'
[0.144s] Level 1:colcon.colcon_core.package_identification:_identify(.) by extensions ['ros']
[0.144s] Level 1:colcon.colcon_core.package_identification:_identify(.) by extension 'ros'
[0.150s] Level 1:colcon.colcon_core.package_identification:_identify(.) by extensions ['cmake', 'python']
[0.150s] Level 1:colcon.colcon_core.package_identification:_identify(.) by extension 'cmake'
[0.150s] Level 1:colcon.colcon_core.package_identification:_identify(.) by extension 'python'
[0.150s] Level 1:colcon.colcon_core.package_identification:_identify(.) by extensions ['python_setup_py']
[0.150s] Level 1:colcon.colcon_core.package_identification:_identify(.) by extension 'python_setup_py'
[0.150s] Level 1:colcon.colcon_core.package_identification:_identify(build) by extensions ['ignore', 'ignore_ament_install']
[0.150s] Level 1:colcon.colcon_core.package_identification:_identify(build) by extension 'ignore'
[0.150s] Level 1:colcon.colcon_core.package_identification:_identify(build) ignored
[0.150s] Level 1:colcon.colcon_core.package_identification:_identify(install) by extensions ['ignore', 'ignore_ament_install']
[0.150s] Level 1:colcon.colcon_core.package_identification:_identify(install) by extension 'ignore'
[0.150s] Level 1:colcon.colcon_core.package_identification:_identify(install) ignored
[0.150s] Level 1:colcon.colcon_core.package_identification:_identify(log) by extensions ['ignore', 'ignore_ament_install']
[0.151s] Level 1:colcon.colcon_core.package_identification:_identify(log) by extension 'ignore'
[0.151s] Level 1:colcon.colcon_core.package_identification:_identify(log) ignored
[0.151s] Level 1:colcon.colcon_core.package_identification:_identify(src) by extensions ['ignore', 'ignore_ament_install']
[0.151s] Level 1:colcon.colcon_core.package_identification:_identify(src) by extension 'ignore'
[0.151s] Level 1:colcon.colcon_core.package_identification:_identify(src) by extension 'ignore_ament_install'
[0.151s] Level 1:colcon.colcon_core.package_identification:_identify(src) by extensions ['colcon_pkg']
[0.151s] Level 1:colcon.colcon_core.package_identification:_identify(src) by extension 'colcon_pkg'
[0.151s] Level 1:colcon.colcon_core.package_identification:_identify(src) by extensions ['colcon_meta']
[0.151s] Level 1:colcon.colcon_core.package_identification:_identify(src) by extension 'colcon_meta'
[0.151s] Level 1:colcon.colcon_core.package_identification:_identify(src) by extensions ['ros']
[0.151s] Level 1:colcon.colcon_core.package_identification:_identify(src) by extension 'ros'
[0.151s] Level 1:colcon.colcon_core.package_identification:_identify(src) by extensions ['cmake', 'python']
[0.151s] Level 1:colcon.colcon_core.package_identification:_identify(src) by extension 'cmake'
[0.151s] Level 1:colcon.colcon_core.package_identification:_identify(src) by extension 'python'
[0.151s] Level 1:colcon.colcon_core.package_identification:_identify(src) by extensions ['python_setup_py']
[0.151s] Level 1:colcon.colcon_core.package_identification:_identify(src) by extension 'python_setup_py'
[0.151s] Level 1:colcon.colcon_core.package_identification:_identify(src/bumperbot_bringup) by extensions ['ignore', 'ignore_ament_install']
[0.151s] Level 1:colcon.colcon_core.package_identification:_identify(src/bumperbot_bringup) by extension 'ignore'
[0.151s] Level 1:colcon.colcon_core.package_identification:_identify(src/bumperbot_bringup) by extension 'ignore_ament_install'
[0.151s] Level 1:colcon.colcon_core.package_identification:_identify(src/bumperbot_bringup) by extensions ['colcon_pkg']
[0.151s] Level 1:colcon.colcon_core.package_identification:_identify(src/bumperbot_bringup) by extension 'colcon_pkg'
[0.151s] Level 1:colcon.colcon_core.package_identification:_identify(src/bumperbot_bringup) by extensions ['colcon_meta']
[0.151s] Level 1:colcon.colcon_core.package_identification:_identify(src/bumperbot_bringup) by extension 'colcon_meta'
[0.151s] Level 1:colcon.colcon_core.package_identification:_identify(src/bumperbot_bringup) by extensions ['ros']
[0.151s] Level 1:colcon.colcon_core.package_identification:_identify(src/bumperbot_bringup) by extension 'ros'
[0.153s] DEBUG:colcon.colcon_core.package_identification:Package 'src/bumperbot_bringup' with type 'ros.ament_cmake' and name 'bumperbot_bringup'
[0.153s] Level 1:colcon.colcon_core.package_identification:_identify(src/bumperbot_controller) by extensions ['ignore', 'ignore_ament_install']
[0.153s] Level 1:colcon.colcon_core.package_identification:_identify(src/bumperbot_controller) by extension 'ignore'
[0.153s] Level 1:colcon.colcon_core.package_identification:_identify(src/bumperbot_controller) by extension 'ignore_ament_install'
[0.153s] Level 1:colcon.colcon_core.package_identification:_identify(src/bumperbot_controller) by extensions ['colcon_pkg']
[0.153s] Level 1:colcon.colcon_core.package_identification:_identify(src/bumperbot_controller) by extension 'colcon_pkg'
[0.153s] Level 1:colcon.colcon_core.package_identification:_identify(src/bumperbot_controller) by extensions ['colcon_meta']
[0.153s] Level 1:colcon.colcon_core.package_identification:_identify(src/bumperbot_controller) by extension 'colcon_meta'
[0.153s] Level 1:colcon.colcon_core.package_identification:_identify(src/bumperbot_controller) by extensions ['ros']
[0.153s] Level 1:colcon.colcon_core.package_identification:_identify(src/bumperbot_controller) by extension 'ros'
[0.154s] DEBUG:colcon.colcon_core.package_identification:Package 'src/bumperbot_controller' with type 'ros.ament_cmake' and name 'bumperbot_controller'
[0.154s] Level 1:colcon.colcon_core.package_identification:_identify(src/bumperbot_cpp_examples) by extensions ['ignore', 'ignore_ament_install']
[0.154s] Level 1:colcon.colcon_core.package_identification:_identify(src/bumperbot_cpp_examples) by extension 'ignore'
[0.154s] Level 1:colcon.colcon_core.package_identification:_identify(src/bumperbot_cpp_examples) by extension 'ignore_ament_install'
[0.154s] Level 1:colcon.colcon_core.package_identification:_identify(src/bumperbot_cpp_examples) by extensions ['colcon_pkg']
[0.154s] Level 1:colcon.colcon_core.package_identification:_identify(src/bumperbot_cpp_examples) by extension 'colcon_pkg'
[0.154s] Level 1:colcon.colcon_core.package_identification:_identify(src/bumperbot_cpp_examples) by extensions ['colcon_meta']
[0.154s] Level 1:colcon.colcon_core.package_identification:_identify(src/bumperbot_cpp_examples) by extension 'colcon_meta'
[0.154s] Level 1:colcon.colcon_core.package_identification:_identify(src/bumperbot_cpp_examples) by extensions ['ros']
[0.154s] Level 1:colcon.colcon_core.package_identification:_identify(src/bumperbot_cpp_examples) by extension 'ros'
[0.155s] DEBUG:colcon.colcon_core.package_identification:Package 'src/bumperbot_cpp_examples' with type 'ros.ament_cmake' and name 'bumperbot_cpp_examples'
[0.155s] Level 1:colcon.colcon_core.package_identification:_identify(src/bumperbot_description) by extensions ['ignore', 'ignore_ament_install']
[0.155s] Level 1:colcon.colcon_core.package_identification:_identify(src/bumperbot_description) by extension 'ignore'
[0.155s] Level 1:colcon.colcon_core.package_identification:_identify(src/bumperbot_description) by extension 'ignore_ament_install'
[0.155s] Level 1:colcon.colcon_core.package_identification:_identify(src/bumperbot_description) by extensions ['colcon_pkg']
[0.155s] Level 1:colcon.colcon_core.package_identification:_identify(src/bumperbot_description) by extension 'colcon_pkg'
[0.155s] Level 1:colcon.colcon_core.package_identification:_identify(src/bumperbot_description) by extensions ['colcon_meta']
[0.155s] Level 1:colcon.colcon_core.package_identification:_identify(src/bumperbot_description) by extension 'colcon_meta'
[0.155s] Level 1:colcon.colcon_core.package_identification:_identify(src/bumperbot_description) by extensions ['ros']
[0.155s] Level 1:colcon.colcon_core.package_identification:_identify(src/bumperbot_description) by extension 'ros'
[0.156s] DEBUG:colcon.colcon_core.package_identification:Package 'src/bumperbot_description' with type 'ros.ament_cmake' and name 'bumperbot_description'
[0.156s] Level 1:colcon.colcon_core.package_identification:_identify(src/bumperbot_firmware) by extensions ['ignore', 'ignore_ament_install']
[0.156s] Level 1:colcon.colcon_core.package_identification:_identify(src/bumperbot_firmware) by extension 'ignore'
[0.156s] Level 1:colcon.colcon_core.package_identification:_identify(src/bumperbot_firmware) by extension 'ignore_ament_install'
[0.156s] Level 1:colcon.colcon_core.package_identification:_identify(src/bumperbot_firmware) by extensions ['colcon_pkg']
[0.156s] Level 1:colcon.colcon_core.package_identification:_identify(src/bumperbot_firmware) by extension 'colcon_pkg'
[0.156s] Level 1:colcon.colcon_core.package_identification:_identify(src/bumperbot_firmware) by extensions ['colcon_meta']
[0.156s] Level 1:colcon.colcon_core.package_identification:_identify(src/bumperbot_firmware) by extension 'colcon_meta'
[0.156s] Level 1:colcon.colcon_core.package_identification:_identify(src/bumperbot_firmware) by extensions ['ros']
[0.156s] Level 1:colcon.colcon_core.package_identification:_identify(src/bumperbot_firmware) by extension 'ros'
[0.156s] DEBUG:colcon.colcon_core.package_identification:Package 'src/bumperbot_firmware' with type 'ros.ament_cmake' and name 'bumperbot_firmware'
[0.156s] Level 1:colcon.colcon_core.package_identification:_identify(src/bumperbot_localization) by extensions ['ignore', 'ignore_ament_install']
[0.156s] Level 1:colcon.colcon_core.package_identification:_identify(src/bumperbot_localization) by extension 'ignore'
[0.157s] Level 1:colcon.colcon_core.package_identification:_identify(src/bumperbot_localization) by extension 'ignore_ament_install'
[0.157s] Level 1:colcon.colcon_core.package_identification:_identify(src/bumperbot_localization) by extensions ['colcon_pkg']
[0.157s] Level 1:colcon.colcon_core.package_identification:_identify(src/bumperbot_localization) by extension 'colcon_pkg'
[0.157s] Level 1:colcon.colcon_core.package_identification:_identify(src/bumperbot_localization) by extensions ['colcon_meta']
[0.157s] Level 1:colcon.colcon_core.package_identification:_identify(src/bumperbot_localization) by extension 'colcon_meta'
[0.157s] Level 1:colcon.colcon_core.package_identification:_identify(src/bumperbot_localization) by extensions ['ros']
[0.157s] Level 1:colcon.colcon_core.package_identification:_identify(src/bumperbot_localization) by extension 'ros'
[0.157s] DEBUG:colcon.colcon_core.package_identification:Package 'src/bumperbot_localization' with type 'ros.ament_cmake' and name 'bumperbot_localization'
[0.157s] Level 1:colcon.colcon_core.package_identification:_identify(src/bumperbot_msgs) by extensions ['ignore', 'ignore_ament_install']
[0.157s] Level 1:colcon.colcon_core.package_identification:_identify(src/bumperbot_msgs) by extension 'ignore'
[0.157s] Level 1:colcon.colcon_core.package_identification:_identify(src/bumperbot_msgs) by extension 'ignore_ament_install'
[0.157s] Level 1:colcon.colcon_core.package_identification:_identify(src/bumperbot_msgs) by extensions ['colcon_pkg']
[0.157s] Level 1:colcon.colcon_core.package_identification:_identify(src/bumperbot_msgs) by extension 'colcon_pkg'
[0.157s] Level 1:colcon.colcon_core.package_identification:_identify(src/bumperbot_msgs) by extensions ['colcon_meta']
[0.157s] Level 1:colcon.colcon_core.package_identification:_identify(src/bumperbot_msgs) by extension 'colcon_meta'
[0.158s] Level 1:colcon.colcon_core.package_identification:_identify(src/bumperbot_msgs) by extensions ['ros']
[0.158s] Level 1:colcon.colcon_core.package_identification:_identify(src/bumperbot_msgs) by extension 'ros'
[0.158s] DEBUG:colcon.colcon_core.package_identification:Package 'src/bumperbot_msgs' with type 'ros.ament_cmake' and name 'bumperbot_msgs'
[0.158s] Level 1:colcon.colcon_core.package_identification:_identify(src/bumperbot_py_examples) by extensions ['ignore', 'ignore_ament_install']
[0.158s] Level 1:colcon.colcon_core.package_identification:_identify(src/bumperbot_py_examples) by extension 'ignore'
[0.158s] Level 1:colcon.colcon_core.package_identification:_identify(src/bumperbot_py_examples) by extension 'ignore_ament_install'
[0.158s] Level 1:colcon.colcon_core.package_identification:_identify(src/bumperbot_py_examples) by extensions ['colcon_pkg']
[0.158s] Level 1:colcon.colcon_core.package_identification:_identify(src/bumperbot_py_examples) by extension 'colcon_pkg'
[0.158s] Level 1:colcon.colcon_core.package_identification:_identify(src/bumperbot_py_examples) by extensions ['colcon_meta']
[0.158s] Level 1:colcon.colcon_core.package_identification:_identify(src/bumperbot_py_examples) by extension 'colcon_meta'
[0.158s] Level 1:colcon.colcon_core.package_identification:_identify(src/bumperbot_py_examples) by extensions ['ros']
[0.158s] Level 1:colcon.colcon_core.package_identification:_identify(src/bumperbot_py_examples) by extension 'ros'
[0.159s] DEBUG:colcon.colcon_core.package_identification:Package 'src/bumperbot_py_examples' with type 'ros.ament_python' and name 'bumperbot_py_examples'
[0.159s] Level 1:colcon.colcon_core.package_identification:_identify(src/bumperbot_utils) by extensions ['ignore', 'ignore_ament_install']
[0.159s] Level 1:colcon.colcon_core.package_identification:_identify(src/bumperbot_utils) by extension 'ignore'
[0.159s] Level 1:colcon.colcon_core.package_identification:_identify(src/bumperbot_utils) by extension 'ignore_ament_install'
[0.159s] Level 1:colcon.colcon_core.package_identification:_identify(src/bumperbot_utils) by extensions ['colcon_pkg']
[0.159s] Level 1:colcon.colcon_core.package_identification:_identify(src/bumperbot_utils) by extension 'colcon_pkg'
[0.159s] Level 1:colcon.colcon_core.package_identification:_identify(src/bumperbot_utils) by extensions ['colcon_meta']
[0.159s] Level 1:colcon.colcon_core.package_identification:_identify(src/bumperbot_utils) by extension 'colcon_meta'
[0.159s] Level 1:colcon.colcon_core.package_identification:_identify(src/bumperbot_utils) by extensions ['ros']
[0.159s] Level 1:colcon.colcon_core.package_identification:_identify(src/bumperbot_utils) by extension 'ros'
[0.159s] DEBUG:colcon.colcon_core.package_identification:Package 'src/bumperbot_utils' with type 'ros.ament_cmake' and name 'bumperbot_utils'
[0.159s] Level 1:colcon.colcon_core.package_identification:_identify(src/imu_tools) by extensions ['ignore', 'ignore_ament_install']
[0.159s] Level 1:colcon.colcon_core.package_identification:_identify(src/imu_tools) by extension 'ignore'
[0.159s] Level 1:colcon.colcon_core.package_identification:_identify(src/imu_tools) by extension 'ignore_ament_install'
[0.159s] Level 1:colcon.colcon_core.package_identification:_identify(src/imu_tools) by extensions ['colcon_pkg']
[0.159s] Level 1:colcon.colcon_core.package_identification:_identify(src/imu_tools) by extension 'colcon_pkg'
[0.159s] Level 1:colcon.colcon_core.package_identification:_identify(src/imu_tools) by extensions ['colcon_meta']
[0.159s] Level 1:colcon.colcon_core.package_identification:_identify(src/imu_tools) by extension 'colcon_meta'
[0.159s] Level 1:colcon.colcon_core.package_identification:_identify(src/imu_tools) by extensions ['ros']
[0.159s] Level 1:colcon.colcon_core.package_identification:_identify(src/imu_tools) by extension 'ros'
[0.159s] Level 1:colcon.colcon_core.package_identification:_identify(src/imu_tools) by extensions ['cmake', 'python']
[0.160s] Level 1:colcon.colcon_core.package_identification:_identify(src/imu_tools) by extension 'cmake'
[0.160s] Level 1:colcon.colcon_core.package_identification:_identify(src/imu_tools) by extension 'python'
[0.160s] Level 1:colcon.colcon_core.package_identification:_identify(src/imu_tools) by extensions ['python_setup_py']
[0.160s] Level 1:colcon.colcon_core.package_identification:_identify(src/imu_tools) by extension 'python_setup_py'
[0.160s] Level 1:colcon.colcon_core.package_identification:_identify(src/imu_tools/imu_complementary_filter) by extensions ['ignore', 'ignore_ament_install']
[0.160s] Level 1:colcon.colcon_core.package_identification:_identify(src/imu_tools/imu_complementary_filter) by extension 'ignore'
[0.160s] Level 1:colcon.colcon_core.package_identification:_identify(src/imu_tools/imu_complementary_filter) by extension 'ignore_ament_install'
[0.160s] Level 1:colcon.colcon_core.package_identification:_identify(src/imu_tools/imu_complementary_filter) by extensions ['colcon_pkg']
[0.160s] Level 1:colcon.colcon_core.package_identification:_identify(src/imu_tools/imu_complementary_filter) by extension 'colcon_pkg'
[0.160s] Level 1:colcon.colcon_core.package_identification:_identify(src/imu_tools/imu_complementary_filter) by extensions ['colcon_meta']
[0.160s] Level 1:colcon.colcon_core.package_identification:_identify(src/imu_tools/imu_complementary_filter) by extension 'colcon_meta'
[0.160s] Level 1:colcon.colcon_core.package_identification:_identify(src/imu_tools/imu_complementary_filter) by extensions ['ros']
[0.160s] Level 1:colcon.colcon_core.package_identification:_identify(src/imu_tools/imu_complementary_filter) by extension 'ros'
[0.160s] DEBUG:colcon.colcon_core.package_identification:Package 'src/imu_tools/imu_complementary_filter' with type 'ros.ament_cmake' and name 'imu_complementary_filter'
[0.160s] Level 1:colcon.colcon_core.package_identification:_identify(src/imu_tools/imu_filter_madgwick) by extensions ['ignore', 'ignore_ament_install']
[0.160s] Level 1:colcon.colcon_core.package_identification:_identify(src/imu_tools/imu_filter_madgwick) by extension 'ignore'
[0.160s] Level 1:colcon.colcon_core.package_identification:_identify(src/imu_tools/imu_filter_madgwick) by extension 'ignore_ament_install'
[0.160s] Level 1:colcon.colcon_core.package_identification:_identify(src/imu_tools/imu_filter_madgwick) by extensions ['colcon_pkg']
[0.160s] Level 1:colcon.colcon_core.package_identification:_identify(src/imu_tools/imu_filter_madgwick) by extension 'colcon_pkg'
[0.160s] Level 1:colcon.colcon_core.package_identification:_identify(src/imu_tools/imu_filter_madgwick) by extensions ['colcon_meta']
[0.160s] Level 1:colcon.colcon_core.package_identification:_identify(src/imu_tools/imu_filter_madgwick) by extension 'colcon_meta'
[0.160s] Level 1:colcon.colcon_core.package_identification:_identify(src/imu_tools/imu_filter_madgwick) by extensions ['ros']
[0.160s] Level 1:colcon.colcon_core.package_identification:_identify(src/imu_tools/imu_filter_madgwick) by extension 'ros'
[0.161s] DEBUG:colcon.colcon_core.package_identification:Package 'src/imu_tools/imu_filter_madgwick' with type 'ros.ament_cmake' and name 'imu_filter_madgwick'
[0.161s] Level 1:colcon.colcon_core.package_identification:_identify(src/imu_tools/imu_tools) by extensions ['ignore', 'ignore_ament_install']
[0.161s] Level 1:colcon.colcon_core.package_identification:_identify(src/imu_tools/imu_tools) by extension 'ignore'
[0.161s] Level 1:colcon.colcon_core.package_identification:_identify(src/imu_tools/imu_tools) by extension 'ignore_ament_install'
[0.161s] Level 1:colcon.colcon_core.package_identification:_identify(src/imu_tools/imu_tools) by extensions ['colcon_pkg']
[0.161s] Level 1:colcon.colcon_core.package_identification:_identify(src/imu_tools/imu_tools) by extension 'colcon_pkg'
[0.161s] Level 1:colcon.colcon_core.package_identification:_identify(src/imu_tools/imu_tools) by extensions ['colcon_meta']
[0.161s] Level 1:colcon.colcon_core.package_identification:_identify(src/imu_tools/imu_tools) by extension 'colcon_meta'
[0.161s] Level 1:colcon.colcon_core.package_identification:_identify(src/imu_tools/imu_tools) by extensions ['ros']
[0.161s] Level 1:colcon.colcon_core.package_identification:_identify(src/imu_tools/imu_tools) by extension 'ros'
[0.161s] DEBUG:colcon.colcon_core.package_identification:Package 'src/imu_tools/imu_tools' with type 'ros.ament_cmake' and name 'imu_tools'
[0.162s] Level 1:colcon.colcon_core.package_identification:_identify(src/imu_tools/rviz_imu_plugin) by extensions ['ignore', 'ignore_ament_install']
[0.162s] Level 1:colcon.colcon_core.package_identification:_identify(src/imu_tools/rviz_imu_plugin) by extension 'ignore'
[0.162s] Level 1:colcon.colcon_core.package_identification:_identify(src/imu_tools/rviz_imu_plugin) by extension 'ignore_ament_install'
[0.162s] Level 1:colcon.colcon_core.package_identification:_identify(src/imu_tools/rviz_imu_plugin) by extensions ['colcon_pkg']
[0.162s] Level 1:colcon.colcon_core.package_identification:_identify(src/imu_tools/rviz_imu_plugin) by extension 'colcon_pkg'
[0.162s] Level 1:colcon.colcon_core.package_identification:_identify(src/imu_tools/rviz_imu_plugin) by extensions ['colcon_meta']
[0.162s] Level 1:colcon.colcon_core.package_identification:_identify(src/imu_tools/rviz_imu_plugin) by extension 'colcon_meta'
[0.162s] Level 1:colcon.colcon_core.package_identification:_identify(src/imu_tools/rviz_imu_plugin) by extensions ['ros']
[0.162s] Level 1:colcon.colcon_core.package_identification:_identify(src/imu_tools/rviz_imu_plugin) by extension 'ros'
[0.162s] DEBUG:colcon.colcon_core.package_identification:Package 'src/imu_tools/rviz_imu_plugin' with type 'ros.ament_cmake' and name 'rviz_imu_plugin'
[0.162s] Level 1:colcon.colcon_core.package_discovery:discover_packages(recursive) using defaults
[0.162s] Level 1:colcon.colcon_core.package_discovery:discover_packages(ignore) discover
[0.162s] Level 1:colcon.colcon_core.package_discovery:discover_packages(ignore) using defaults
[0.162s] Level 1:colcon.colcon_core.package_discovery:discover_packages(path) discover
[0.162s] Level 1:colcon.colcon_core.package_discovery:discover_packages(path) using defaults
[0.180s] Level 1:colcon.colcon_core.package_discovery:discover_packages(prefix_path) check parameters
[0.180s] Level 1:colcon.colcon_core.package_discovery:discover_packages(prefix_path) discover
[0.181s] DEBUG:colcon.colcon_installed_package_information.package_discovery:Found 363 installed packages in /opt/ros/humble
[0.182s] Level 1:colcon.colcon_core.package_discovery:discover_packages(prefix_path) using defaults
[0.204s] Level 5:colcon.colcon_core.verb:set package 'bumperbot_bringup' build argument 'cmake_args' from command line to 'None'
[0.204s] Level 5:colcon.colcon_core.verb:set package 'bumperbot_bringup' build argument 'cmake_target' from command line to 'None'
[0.204s] Level 5:colcon.colcon_core.verb:set package 'bumperbot_bringup' build argument 'cmake_target_skip_unavailable' from command line to 'False'
[0.204s] Level 5:colcon.colcon_core.verb:set package 'bumperbot_bringup' build argument 'cmake_clean_cache' from command line to 'False'
[0.204s] Level 5:colcon.colcon_core.verb:set package 'bumperbot_bringup' build argument 'cmake_clean_first' from command line to 'False'
[0.204s] Level 5:colcon.colcon_core.verb:set package 'bumperbot_bringup' build argument 'cmake_force_configure' from command line to 'False'
[0.204s] Level 5:colcon.colcon_core.verb:set package 'bumperbot_bringup' build argument 'ament_cmake_args' from command line to 'None'
[0.204s] Level 5:colcon.colcon_core.verb:set package 'bumperbot_bringup' build argument 'catkin_cmake_args' from command line to 'None'
[0.204s] Level 5:colcon.colcon_core.verb:set package 'bumperbot_bringup' build argument 'catkin_skip_building_tests' from command line to 'False'
[0.204s] DEBUG:colcon.colcon_core.verb:Building package 'bumperbot_bringup' with the following arguments: {'ament_cmake_args': None, 'build_base': '/home/sourav/ROS2-Self-Driving-Robot/control/bumperbot_ws/build/bumperbot_bringup', 'catkin_cmake_args': None, 'catkin_skip_building_tests': False, 'cmake_args': None, 'cmake_clean_cache': False, 'cmake_clean_first': False, 'cmake_force_configure': False, 'cmake_target': None, 'cmake_target_skip_unavailable': False, 'install_base': '/home/sourav/ROS2-Self-Driving-Robot/control/bumperbot_ws/install/bumperbot_bringup', 'merge_install': False, 'path': '/home/sourav/ROS2-Self-Driving-Robot/control/bumperbot_ws/src/bumperbot_bringup', 'symlink_install': False, 'test_result_base': None}
[0.205s] Level 5:colcon.colcon_core.verb:set package 'bumperbot_controller' build argument 'cmake_args' from command line to 'None'
[0.205s] Level 5:colcon.colcon_core.verb:set package 'bumperbot_controller' build argument 'cmake_target' from command line to 'None'
[0.205s] Level 5:colcon.colcon_core.verb:set package 'bumperbot_controller' build argument 'cmake_target_skip_unavailable' from command line to 'False'
[0.205s] Level 5:colcon.colcon_core.verb:set package 'bumperbot_controller' build argument 'cmake_clean_cache' from command line to 'False'
[0.205s] Level 5:colcon.colcon_core.verb:set package 'bumperbot_controller' build argument 'cmake_clean_first' from command line to 'False'
[0.205s] Level 5:colcon.colcon_core.verb:set package 'bumperbot_controller' build argument 'cmake_force_configure' from command line to 'False'
[0.205s] Level 5:colcon.colcon_core.verb:set package 'bumperbot_controller' build argument 'ament_cmake_args' from command line to 'None'
[0.205s] Level 5:colcon.colcon_core.verb:set package 'bumperbot_controller' build argument 'catkin_cmake_args' from command line to 'None'
[0.205s] Level 5:colcon.colcon_core.verb:set package 'bumperbot_controller' build argument 'catkin_skip_building_tests' from command line to 'False'
[0.205s] DEBUG:colcon.colcon_core.verb:Building package 'bumperbot_controller' with the following arguments: {'ament_cmake_args': None, 'build_base': '/home/sourav/ROS2-Self-Driving-Robot/control/bumperbot_ws/build/bumperbot_controller', 'catkin_cmake_args': None, 'catkin_skip_building_tests': False, 'cmake_args': None, 'cmake_clean_cache': False, 'cmake_clean_first': False, 'cmake_force_configure': False, 'cmake_target': None, 'cmake_target_skip_unavailable': False, 'install_base': '/home/sourav/ROS2-Self-Driving-Robot/control/bumperbot_ws/install/bumperbot_controller', 'merge_install': False, 'path': '/home/sourav/ROS2-Self-Driving-Robot/control/bumperbot_ws/src/bumperbot_controller', 'symlink_install': False, 'test_result_base': None}
[0.205s] Level 5:colcon.colcon_core.verb:set package 'bumperbot_description' build argument 'cmake_args' from command line to 'None'
[0.205s] Level 5:colcon.colcon_core.verb:set package 'bumperbot_description' build argument 'cmake_target' from command line to 'None'
[0.205s] Level 5:colcon.colcon_core.verb:set package 'bumperbot_description' build argument 'cmake_target_skip_unavailable' from command line to 'False'
[0.205s] Level 5:colcon.colcon_core.verb:set package 'bumperbot_description' build argument 'cmake_clean_cache' from command line to 'False'
[0.205s] Level 5:colcon.colcon_core.verb:set package 'bumperbot_description' build argument 'cmake_clean_first' from command line to 'False'
[0.205s] Level 5:colcon.colcon_core.verb:set package 'bumperbot_description' build argument 'cmake_force_configure' from command line to 'False'
[0.205s] Level 5:colcon.colcon_core.verb:set package 'bumperbot_description' build argument 'ament_cmake_args' from command line to 'None'
[0.205s] Level 5:colcon.colcon_core.verb:set package 'bumperbot_description' build argument 'catkin_cmake_args' from command line to 'None'
[0.205s] Level 5:colcon.colcon_core.verb:set package 'bumperbot_description' build argument 'catkin_skip_building_tests' from command line to 'False'
[0.205s] DEBUG:colcon.colcon_core.verb:Building package 'bumperbot_description' with the following arguments: {'ament_cmake_args': None, 'build_base': '/home/sourav/ROS2-Self-Driving-Robot/control/bumperbot_ws/build/bumperbot_description', 'catkin_cmake_args': None, 'catkin_skip_building_tests': False, 'cmake_args': None, 'cmake_clean_cache': False, 'cmake_clean_first': False, 'cmake_force_configure': False, 'cmake_target': None, 'cmake_target_skip_unavailable': False, 'install_base': '/home/sourav/ROS2-Self-Driving-Robot/control/bumperbot_ws/install/bumperbot_description', 'merge_install': False, 'path': '/home/sourav/ROS2-Self-Driving-Robot/control/bumperbot_ws/src/bumperbot_description', 'symlink_install': False, 'test_result_base': None}
[0.205s] Level 5:colcon.colcon_core.verb:set package 'bumperbot_firmware' build argument 'cmake_args' from command line to 'None'
[0.205s] Level 5:colcon.colcon_core.verb:set package 'bumperbot_firmware' build argument 'cmake_target' from command line to 'None'
[0.205s] Level 5:colcon.colcon_core.verb:set package 'bumperbot_firmware' build argument 'cmake_target_skip_unavailable' from command line to 'False'
[0.205s] Level 5:colcon.colcon_core.verb:set package 'bumperbot_firmware' build argument 'cmake_clean_cache' from command line to 'False'
[0.205s] Level 5:colcon.colcon_core.verb:set package 'bumperbot_firmware' build argument 'cmake_clean_first' from command line to 'False'
[0.205s] Level 5:colcon.colcon_core.verb:set package 'bumperbot_firmware' build argument 'cmake_force_configure' from command line to 'False'
[0.205s] Level 5:colcon.colcon_core.verb:set package 'bumperbot_firmware' build argument 'ament_cmake_args' from command line to 'None'
[0.205s] Level 5:colcon.colcon_core.verb:set package 'bumperbot_firmware' build argument 'catkin_cmake_args' from command line to 'None'
[0.205s] Level 5:colcon.colcon_core.verb:set package 'bumperbot_firmware' build argument 'catkin_skip_building_tests' from command line to 'False'
[0.205s] DEBUG:colcon.colcon_core.verb:Building package 'bumperbot_firmware' with the following arguments: {'ament_cmake_args': None, 'build_base': '/home/sourav/ROS2-Self-Driving-Robot/control/bumperbot_ws/build/bumperbot_firmware', 'catkin_cmake_args': None, 'catkin_skip_building_tests': False, 'cmake_args': None, 'cmake_clean_cache': False, 'cmake_clean_first': False, 'cmake_force_configure': False, 'cmake_target': None, 'cmake_target_skip_unavailable': False, 'install_base': '/home/sourav/ROS2-Self-Driving-Robot/control/bumperbot_ws/install/bumperbot_firmware', 'merge_install': False, 'path': '/home/sourav/ROS2-Self-Driving-Robot/control/bumperbot_ws/src/bumperbot_firmware', 'symlink_install': False, 'test_result_base': None}
[0.205s] Level 5:colcon.colcon_core.verb:set package 'bumperbot_localization' build argument 'cmake_args' from command line to 'None'
[0.205s] Level 5:colcon.colcon_core.verb:set package 'bumperbot_localization' build argument 'cmake_target' from command line to 'None'
[0.205s] Level 5:colcon.colcon_core.verb:set package 'bumperbot_localization' build argument 'cmake_target_skip_unavailable' from command line to 'False'
[0.205s] Level 5:colcon.colcon_core.verb:set package 'bumperbot_localization' build argument 'cmake_clean_cache' from command line to 'False'
[0.205s] Level 5:colcon.colcon_core.verb:set package 'bumperbot_localization' build argument 'cmake_clean_first' from command line to 'False'
[0.205s] Level 5:colcon.colcon_core.verb:set package 'bumperbot_localization' build argument 'cmake_force_configure' from command line to 'False'
[0.205s] Level 5:colcon.colcon_core.verb:set package 'bumperbot_localization' build argument 'ament_cmake_args' from command line to 'None'
[0.206s] Level 5:colcon.colcon_core.verb:set package 'bumperbot_localization' build argument 'catkin_cmake_args' from command line to 'None'
[0.206s] Level 5:colcon.colcon_core.verb:set package 'bumperbot_localization' build argument 'catkin_skip_building_tests' from command line to 'False'
[0.206s] DEBUG:colcon.colcon_core.verb:Building package 'bumperbot_localization' with the following arguments: {'ament_cmake_args': None, 'build_base': '/home/sourav/ROS2-Self-Driving-Robot/control/bumperbot_ws/build/bumperbot_localization', 'catkin_cmake_args': None, 'catkin_skip_building_tests': False, 'cmake_args': None, 'cmake_clean_cache': False, 'cmake_clean_first': False, 'cmake_force_configure': False, 'cmake_target': None, 'cmake_target_skip_unavailable': False, 'install_base': '/home/sourav/ROS2-Self-Driving-Robot/control/bumperbot_ws/install/bumperbot_localization', 'merge_install': False, 'path': '/home/sourav/ROS2-Self-Driving-Robot/control/bumperbot_ws/src/bumperbot_localization', 'symlink_install': False, 'test_result_base': None}
[0.206s] Level 5:colcon.colcon_core.verb:set package 'bumperbot_msgs' build argument 'cmake_args' from command line to 'None'
[0.206s] Level 5:colcon.colcon_core.verb:set package 'bumperbot_msgs' build argument 'cmake_target' from command line to 'None'
[0.206s] Level 5:colcon.colcon_core.verb:set package 'bumperbot_msgs' build argument 'cmake_target_skip_unavailable' from command line to 'False'
[0.206s] Level 5:colcon.colcon_core.verb:set package 'bumperbot_msgs' build argument 'cmake_clean_cache' from command line to 'False'
[0.206s] Level 5:colcon.colcon_core.verb:set package 'bumperbot_msgs' build argument 'cmake_clean_first' from command line to 'False'
[0.206s] Level 5:colcon.colcon_core.verb:set package 'bumperbot_msgs' build argument 'cmake_force_configure' from command line to 'False'
[0.206s] Level 5:colcon.colcon_core.verb:set package 'bumperbot_msgs' build argument 'ament_cmake_args' from command line to 'None'
[0.206s] Level 5:colcon.colcon_core.verb:set package 'bumperbot_msgs' build argument 'catkin_cmake_args' from command line to 'None'
[0.206s] Level 5:colcon.colcon_core.verb:set package 'bumperbot_msgs' build argument 'catkin_skip_building_tests' from command line to 'False'
[0.206s] DEBUG:colcon.colcon_core.verb:Building package 'bumperbot_msgs' with the following arguments: {'ament_cmake_args': None, 'build_base': '/home/sourav/ROS2-Self-Driving-Robot/control/bumperbot_ws/build/bumperbot_msgs', 'catkin_cmake_args': None, 'catkin_skip_building_tests': False, 'cmake_args': None, 'cmake_clean_cache': False, 'cmake_clean_first': False, 'cmake_force_configure': False, 'cmake_target': None, 'cmake_target_skip_unavailable': False, 'install_base': '/home/sourav/ROS2-Self-Driving-Robot/control/bumperbot_ws/install/bumperbot_msgs', 'merge_install': False, 'path': '/home/sourav/ROS2-Self-Driving-Robot/control/bumperbot_ws/src/bumperbot_msgs', 'symlink_install': False, 'test_result_base': None}
[0.206s] Level 5:colcon.colcon_core.verb:set package 'bumperbot_utils' build argument 'cmake_args' from command line to 'None'
[0.206s] Level 5:colcon.colcon_core.verb:set package 'bumperbot_utils' build argument 'cmake_target' from command line to 'None'
[0.206s] Level 5:colcon.colcon_core.verb:set package 'bumperbot_utils' build argument 'cmake_target_skip_unavailable' from command line to 'False'
[0.206s] Level 5:colcon.colcon_core.verb:set package 'bumperbot_utils' build argument 'cmake_clean_cache' from command line to 'False'
[0.206s] Level 5:colcon.colcon_core.verb:set package 'bumperbot_utils' build argument 'cmake_clean_first' from command line to 'False'
[0.206s] Level 5:colcon.colcon_core.verb:set package 'bumperbot_utils' build argument 'cmake_force_configure' from command line to 'False'
[0.206s] Level 5:colcon.colcon_core.verb:set package 'bumperbot_utils' build argument 'ament_cmake_args' from command line to 'None'
[0.206s] Level 5:colcon.colcon_core.verb:set package 'bumperbot_utils' build argument 'catkin_cmake_args' from command line to 'None'
[0.206s] Level 5:colcon.colcon_core.verb:set package 'bumperbot_utils' build argument 'catkin_skip_building_tests' from command line to 'False'
[0.206s] DEBUG:colcon.colcon_core.verb:Building package 'bumperbot_utils' with the following arguments: {'ament_cmake_args': None, 'build_base': '/home/sourav/ROS2-Self-Driving-Robot/control/bumperbot_ws/build/bumperbot_utils', 'catkin_cmake_args': None, 'catkin_skip_building_tests': False, 'cmake_args': None, 'cmake_clean_cache': False, 'cmake_clean_first': False, 'cmake_force_configure': False, 'cmake_target': None, 'cmake_target_skip_unavailable': False, 'install_base': '/home/sourav/ROS2-Self-Driving-Robot/control/bumperbot_ws/install/bumperbot_utils', 'merge_install': False, 'path': '/home/sourav/ROS2-Self-Driving-Robot/control/bumperbot_ws/src/bumperbot_utils', 'symlink_install': False, 'test_result_base': None}
[0.206s] Level 5:colcon.colcon_core.verb:set package 'imu_complementary_filter' build argument 'cmake_args' from command line to 'None'
[0.206s] Level 5:colcon.colcon_core.verb:set package 'imu_complementary_filter' build argument 'cmake_target' from command line to 'None'
[0.206s] Level 5:colcon.colcon_core.verb:set package 'imu_complementary_filter' build argument 'cmake_target_skip_unavailable' from command line to 'False'
[0.206s] Level 5:colcon.colcon_core.verb:set package 'imu_complementary_filter' build argument 'cmake_clean_cache' from command line to 'False'
[0.206s] Level 5:colcon.colcon_core.verb:set package 'imu_complementary_filter' build argument 'cmake_clean_first' from command line to 'False'
[0.206s] Level 5:colcon.colcon_core.verb:set package 'imu_complementary_filter' build argument 'cmake_force_configure' from command line to 'False'
[0.206s] Level 5:colcon.colcon_core.verb:set package 'imu_complementary_filter' build argument 'ament_cmake_args' from command line to 'None'
[0.206s] Level 5:colcon.colcon_core.verb:set package 'imu_complementary_filter' build argument 'catkin_cmake_args' from command line to 'None'
[0.206s] Level 5:colcon.colcon_core.verb:set package 'imu_complementary_filter' build argument 'catkin_skip_building_tests' from command line to 'False'
[0.206s] DEBUG:colcon.colcon_core.verb:Building package 'imu_complementary_filter' with the following arguments: {'ament_cmake_args': None, 'build_base': '/home/sourav/ROS2-Self-Driving-Robot/control/bumperbot_ws/build/imu_complementary_filter', 'catkin_cmake_args': None, 'catkin_skip_building_tests': False, 'cmake_args': None, 'cmake_clean_cache': False, 'cmake_clean_first': False, 'cmake_force_configure': False, 'cmake_target': None, 'cmake_target_skip_unavailable': False, 'install_base': '/home/sourav/ROS2-Self-Driving-Robot/control/bumperbot_ws/install/imu_complementary_filter', 'merge_install': False, 'path': '/home/sourav/ROS2-Self-Driving-Robot/control/bumperbot_ws/src/imu_tools/imu_complementary_filter', 'symlink_install': False, 'test_result_base': None}
[0.206s] Level 5:colcon.colcon_core.verb:set package 'imu_filter_madgwick' build argument 'cmake_args' from command line to 'None'
[0.206s] Level 5:colcon.colcon_core.verb:set package 'imu_filter_madgwick' build argument 'cmake_target' from command line to 'None'
[0.207s] Level 5:colcon.colcon_core.verb:set package 'imu_filter_madgwick' build argument 'cmake_target_skip_unavailable' from command line to 'False'
[0.207s] Level 5:colcon.colcon_core.verb:set package 'imu_filter_madgwick' build argument 'cmake_clean_cache' from command line to 'False'
[0.207s] Level 5:colcon.colcon_core.verb:set package 'imu_filter_madgwick' build argument 'cmake_clean_first' from command line to 'False'
[0.207s] Level 5:colcon.colcon_core.verb:set package 'imu_filter_madgwick' build argument 'cmake_force_configure' from command line to 'False'
[0.207s] Level 5:colcon.colcon_core.verb:set package 'imu_filter_madgwick' build argument 'ament_cmake_args' from command line to 'None'
[0.207s] Level 5:colcon.colcon_core.verb:set package 'imu_filter_madgwick' build argument 'catkin_cmake_args' from command line to 'None'
[0.207s] Level 5:colcon.colcon_core.verb:set package 'imu_filter_madgwick' build argument 'catkin_skip_building_tests' from command line to 'False'
[0.207s] DEBUG:colcon.colcon_core.verb:Building package 'imu_filter_madgwick' with the following arguments: {'ament_cmake_args': None, 'build_base': '/home/sourav/ROS2-Self-Driving-Robot/control/bumperbot_ws/build/imu_filter_madgwick', 'catkin_cmake_args': None, 'catkin_skip_building_tests': False, 'cmake_args': None, 'cmake_clean_cache': False, 'cmake_clean_first': False, 'cmake_force_configure': False, 'cmake_target': None, 'cmake_target_skip_unavailable': False, 'install_base': '/home/sourav/ROS2-Self-Driving-Robot/control/bumperbot_ws/install/imu_filter_madgwick', 'merge_install': False, 'path': '/home/sourav/ROS2-Self-Driving-Robot/control/bumperbot_ws/src/imu_tools/imu_filter_madgwick', 'symlink_install': False, 'test_result_base': None}
[0.207s] Level 5:colcon.colcon_core.verb:set package 'rviz_imu_plugin' build argument 'cmake_args' from command line to 'None'
[0.207s] Level 5:colcon.colcon_core.verb:set package 'rviz_imu_plugin' build argument 'cmake_target' from command line to 'None'
[0.207s] Level 5:colcon.colcon_core.verb:set package 'rviz_imu_plugin' build argument 'cmake_target_skip_unavailable' from command line to 'False'
[0.207s] Level 5:colcon.colcon_core.verb:set package 'rviz_imu_plugin' build argument 'cmake_clean_cache' from command line to 'False'
[0.207s] Level 5:colcon.colcon_core.verb:set package 'rviz_imu_plugin' build argument 'cmake_clean_first' from command line to 'False'
[0.207s] Level 5:colcon.colcon_core.verb:set package 'rviz_imu_plugin' build argument 'cmake_force_configure' from command line to 'False'
[0.207s] Level 5:colcon.colcon_core.verb:set package 'rviz_imu_plugin' build argument 'ament_cmake_args' from command line to 'None'
[0.207s] Level 5:colcon.colcon_core.verb:set package 'rviz_imu_plugin' build argument 'catkin_cmake_args' from command line to 'None'
[0.207s] Level 5:colcon.colcon_core.verb:set package 'rviz_imu_plugin' build argument 'catkin_skip_building_tests' from command line to 'False'
[0.207s] DEBUG:colcon.colcon_core.verb:Building package 'rviz_imu_plugin' with the following arguments: {'ament_cmake_args': None, 'build_base': '/home/sourav/ROS2-Self-Driving-Robot/control/bumperbot_ws/build/rviz_imu_plugin', 'catkin_cmake_args': None, 'catkin_skip_building_tests': False, 'cmake_args': None, 'cmake_clean_cache': False, 'cmake_clean_first': False, 'cmake_force_configure': False, 'cmake_target': None, 'cmake_target_skip_unavailable': False, 'install_base': '/home/sourav/ROS2-Self-Driving-Robot/control/bumperbot_ws/install/rviz_imu_plugin', 'merge_install': False, 'path': '/home/sourav/ROS2-Self-Driving-Robot/control/bumperbot_ws/src/imu_tools/rviz_imu_plugin', 'symlink_install': False, 'test_result_base': None}
[0.207s] Level 5:colcon.colcon_core.verb:set package 'bumperbot_cpp_examples' build argument 'cmake_args' from command line to 'None'
[0.207s] Level 5:colcon.colcon_core.verb:set package 'bumperbot_cpp_examples' build argument 'cmake_target' from command line to 'None'
[0.207s] Level 5:colcon.colcon_core.verb:set package 'bumperbot_cpp_examples' build argument 'cmake_target_skip_unavailable' from command line to 'False'
[0.207s] Level 5:colcon.colcon_core.verb:set package 'bumperbot_cpp_examples' build argument 'cmake_clean_cache' from command line to 'False'
[0.207s] Level 5:colcon.colcon_core.verb:set package 'bumperbot_cpp_examples' build argument 'cmake_clean_first' from command line to 'False'
[0.207s] Level 5:colcon.colcon_core.verb:set package 'bumperbot_cpp_examples' build argument 'cmake_force_configure' from command line to 'False'
[0.207s] Level 5:colcon.colcon_core.verb:set package 'bumperbot_cpp_examples' build argument 'ament_cmake_args' from command line to 'None'
[0.207s] Level 5:colcon.colcon_core.verb:set package 'bumperbot_cpp_examples' build argument 'catkin_cmake_args' from command line to 'None'
[0.207s] Level 5:colcon.colcon_core.verb:set package 'bumperbot_cpp_examples' build argument 'catkin_skip_building_tests' from command line to 'False'
[0.207s] DEBUG:colcon.colcon_core.verb:Building package 'bumperbot_cpp_examples' with the following arguments: {'ament_cmake_args': None, 'build_base': '/home/sourav/ROS2-Self-Driving-Robot/control/bumperbot_ws/build/bumperbot_cpp_examples', 'catkin_cmake_args': None, 'catkin_skip_building_tests': False, 'cmake_args': None, 'cmake_clean_cache': False, 'cmake_clean_first': False, 'cmake_force_configure': False, 'cmake_target': None, 'cmake_target_skip_unavailable': False, 'install_base': '/home/sourav/ROS2-Self-Driving-Robot/control/bumperbot_ws/install/bumperbot_cpp_examples', 'merge_install': False, 'path': '/home/sourav/ROS2-Self-Driving-Robot/control/bumperbot_ws/src/bumperbot_cpp_examples', 'symlink_install': False, 'test_result_base': None}
[0.207s] Level 5:colcon.colcon_core.verb:set package 'bumperbot_py_examples' build argument 'cmake_args' from command line to 'None'
[0.207s] Level 5:colcon.colcon_core.verb:set package 'bumperbot_py_examples' build argument 'cmake_target' from command line to 'None'
[0.207s] Level 5:colcon.colcon_core.verb:set package 'bumperbot_py_examples' build argument 'cmake_target_skip_unavailable' from command line to 'False'
[0.207s] Level 5:colcon.colcon_core.verb:set package 'bumperbot_py_examples' build argument 'cmake_clean_cache' from command line to 'False'
[0.207s] Level 5:colcon.colcon_core.verb:set package 'bumperbot_py_examples' build argument 'cmake_clean_first' from command line to 'False'
[0.207s] Level 5:colcon.colcon_core.verb:set package 'bumperbot_py_examples' build argument 'cmake_force_configure' from command line to 'False'
[0.207s] Level 5:colcon.colcon_core.verb:set package 'bumperbot_py_examples' build argument 'ament_cmake_args' from command line to 'None'
[0.207s] Level 5:colcon.colcon_core.verb:set package 'bumperbot_py_examples' build argument 'catkin_cmake_args' from command line to 'None'
[0.207s] Level 5:colcon.colcon_core.verb:set package 'bumperbot_py_examples' build argument 'catkin_skip_building_tests' from command line to 'False'
[0.207s] DEBUG:colcon.colcon_core.verb:Building package 'bumperbot_py_examples' with the following arguments: {'ament_cmake_args': None, 'build_base': '/home/sourav/ROS2-Self-Driving-Robot/control/bumperbot_ws/build/bumperbot_py_examples', 'catkin_cmake_args': None, 'catkin_skip_building_tests': False, 'cmake_args': None, 'cmake_clean_cache': False, 'cmake_clean_first': False, 'cmake_force_configure': False, 'cmake_target': None, 'cmake_target_skip_unavailable': False, 'install_base': '/home/sourav/ROS2-Self-Driving-Robot/control/bumperbot_ws/install/bumperbot_py_examples', 'merge_install': False, 'path': '/home/sourav/ROS2-Self-Driving-Robot/control/bumperbot_ws/src/bumperbot_py_examples', 'symlink_install': False, 'test_result_base': None}
[0.208s] Level 5:colcon.colcon_core.verb:set package 'imu_tools' build argument 'cmake_args' from command line to 'None'
[0.208s] Level 5:colcon.colcon_core.verb:set package 'imu_tools' build argument 'cmake_target' from command line to 'None'
[0.208s] Level 5:colcon.colcon_core.verb:set package 'imu_tools' build argument 'cmake_target_skip_unavailable' from command line to 'False'
[0.208s] Level 5:colcon.colcon_core.verb:set package 'imu_tools' build argument 'cmake_clean_cache' from command line to 'False'
[0.208s] Level 5:colcon.colcon_core.verb:set package 'imu_tools' build argument 'cmake_clean_first' from command line to 'False'
[0.208s] Level 5:colcon.colcon_core.verb:set package 'imu_tools' build argument 'cmake_force_configure' from command line to 'False'
[0.208s] Level 5:colcon.colcon_core.verb:set package 'imu_tools' build argument 'ament_cmake_args' from command line to 'None'
[0.208s] Level 5:colcon.colcon_core.verb:set package 'imu_tools' build argument 'catkin_cmake_args' from command line to 'None'
[0.208s] Level 5:colcon.colcon_core.verb:set package 'imu_tools' build argument 'catkin_skip_building_tests' from command line to 'False'
[0.208s] DEBUG:colcon.colcon_core.verb:Building package 'imu_tools' with the following arguments: {'ament_cmake_args': None, 'build_base': '/home/sourav/ROS2-Self-Driving-Robot/control/bumperbot_ws/build/imu_tools', 'catkin_cmake_args': None, 'catkin_skip_building_tests': False, 'cmake_args': None, 'cmake_clean_cache': False, 'cmake_clean_first': False, 'cmake_force_configure': False, 'cmake_target': None, 'cmake_target_skip_unavailable': False, 'install_base': '/home/sourav/ROS2-Self-Driving-Robot/control/bumperbot_ws/install/imu_tools', 'merge_install': False, 'path': '/home/sourav/ROS2-Self-Driving-Robot/control/bumperbot_ws/src/imu_tools/imu_tools', 'symlink_install': False, 'test_result_base': None}
[0.208s] INFO:colcon.colcon_core.executor:Executing jobs using 'parallel' executor
[0.208s] DEBUG:colcon.colcon_parallel_executor.executor.parallel:run_until_complete
[0.209s] INFO:colcon.colcon_ros.task.ament_cmake.build:Building ROS package in '/home/sourav/ROS2-Self-Driving-Robot/control/bumperbot_ws/src/bumperbot_msgs' with build type 'ament_cmake'
[0.209s] INFO:colcon.colcon_cmake.task.cmake.build:Building CMake package in '/home/sourav/ROS2-Self-Driving-Robot/control/bumperbot_ws/src/bumperbot_msgs'
[0.210s] INFO:colcon.colcon_core.plugin_system:Skipping extension 'colcon_core.shell.bat': Not used on non-Windows systems
[0.210s] INFO:colcon.colcon_core.shell:Skip shell extension 'powershell' for command environment: Not usable outside of PowerShell
[0.210s] DEBUG:colcon.colcon_core.shell:Skip shell extension 'dsv' for command environment
[0.212s] INFO:colcon.colcon_ros.task.ament_cmake.build:Building ROS package in '/home/sourav/ROS2-Self-Driving-Robot/control/bumperbot_ws/src/imu_tools/imu_complementary_filter' with build type 'ament_cmake'
[0.212s] INFO:colcon.colcon_cmake.task.cmake.build:Building CMake package in '/home/sourav/ROS2-Self-Driving-Robot/control/bumperbot_ws/src/imu_tools/imu_complementary_filter'
[0.212s] INFO:colcon.colcon_core.shell:Skip shell extension 'powershell' for command environment: Not usable outside of PowerShell
[0.212s] DEBUG:colcon.colcon_core.shell:Skip shell extension 'dsv' for command environment
[0.214s] INFO:colcon.colcon_ros.task.ament_cmake.build:Building ROS package in '/home/sourav/ROS2-Self-Driving-Robot/control/bumperbot_ws/src/imu_tools/imu_filter_madgwick' with build type 'ament_cmake'
[0.214s] INFO:colcon.colcon_cmake.task.cmake.build:Building CMake package in '/home/sourav/ROS2-Self-Driving-Robot/control/bumperbot_ws/src/imu_tools/imu_filter_madgwick'
[0.214s] INFO:colcon.colcon_core.shell:Skip shell extension 'powershell' for command environment: Not usable outside of PowerShell
[0.214s] DEBUG:colcon.colcon_core.shell:Skip shell extension 'dsv' for command environment
[0.215s] INFO:colcon.colcon_ros.task.ament_cmake.build:Building ROS package in '/home/sourav/ROS2-Self-Driving-Robot/control/bumperbot_ws/src/imu_tools/rviz_imu_plugin' with build type 'ament_cmake'
[0.215s] INFO:colcon.colcon_cmake.task.cmake.build:Building CMake package in '/home/sourav/ROS2-Self-Driving-Robot/control/bumperbot_ws/src/imu_tools/rviz_imu_plugin'
[0.216s] INFO:colcon.colcon_core.shell:Skip shell extension 'powershell' for command environment: Not usable outside of PowerShell
[0.216s] DEBUG:colcon.colcon_core.shell:Skip shell extension 'dsv' for command environment
[0.217s] INFO:colcon.colcon_ros.task.ament_cmake.build:Building ROS package in '/home/sourav/ROS2-Self-Driving-Robot/control/bumperbot_ws/src/bumperbot_bringup' with build type 'ament_cmake'
[0.217s] INFO:colcon.colcon_cmake.task.cmake.build:Building CMake package in '/home/sourav/ROS2-Self-Driving-Robot/control/bumperbot_ws/src/bumperbot_bringup'
[0.217s] INFO:colcon.colcon_core.shell:Skip shell extension 'powershell' for command environment: Not usable outside of PowerShell
[0.217s] DEBUG:colcon.colcon_core.shell:Skip shell extension 'dsv' for command environment
[0.219s] INFO:colcon.colcon_ros.task.ament_cmake.build:Building ROS package in '/home/sourav/ROS2-Self-Driving-Robot/control/bumperbot_ws/src/bumperbot_controller' with build type 'ament_cmake'
[0.219s] INFO:colcon.colcon_cmake.task.cmake.build:Building CMake package in '/home/sourav/ROS2-Self-Driving-Robot/control/bumperbot_ws/src/bumperbot_controller'
[0.219s] INFO:colcon.colcon_core.shell:Skip shell extension 'powershell' for command environment: Not usable outside of PowerShell
[0.219s] DEBUG:colcon.colcon_core.shell:Skip shell extension 'dsv' for command environment
[0.220s] INFO:colcon.colcon_ros.task.ament_cmake.build:Building ROS package in '/home/sourav/ROS2-Self-Driving-Robot/control/bumperbot_ws/src/bumperbot_description' with build type 'ament_cmake'
[0.220s] INFO:colcon.colcon_cmake.task.cmake.build:Building CMake package in '/home/sourav/ROS2-Self-Driving-Robot/control/bumperbot_ws/src/bumperbot_description'
[0.221s] INFO:colcon.colcon_core.shell:Skip shell extension 'powershell' for command environment: Not usable outside of PowerShell
[0.221s] DEBUG:colcon.colcon_core.shell:Skip shell extension 'dsv' for command environment
[0.222s] INFO:colcon.colcon_ros.task.ament_cmake.build:Building ROS package in '/home/sourav/ROS2-Self-Driving-Robot/control/bumperbot_ws/src/bumperbot_firmware' with build type 'ament_cmake'
[0.222s] INFO:colcon.colcon_cmake.task.cmake.build:Building CMake package in '/home/sourav/ROS2-Self-Driving-Robot/control/bumperbot_ws/src/bumperbot_firmware'
[0.222s] INFO:colcon.colcon_core.shell:Skip shell extension 'powershell' for command environment: Not usable outside of PowerShell
[0.222s] DEBUG:colcon.colcon_core.shell:Skip shell extension 'dsv' for command environment
[0.224s] INFO:colcon.colcon_ros.task.ament_cmake.build:Building ROS package in '/home/sourav/ROS2-Self-Driving-Robot/control/bumperbot_ws/src/bumperbot_localization' with build type 'ament_cmake'
[0.224s] INFO:colcon.colcon_cmake.task.cmake.build:Building CMake package in '/home/sourav/ROS2-Self-Driving-Robot/control/bumperbot_ws/src/bumperbot_localization'
[0.224s] INFO:colcon.colcon_core.shell:Skip shell extension 'powershell' for command environment: Not usable outside of PowerShell
[0.224s] DEBUG:colcon.colcon_core.shell:Skip shell extension 'dsv' for command environment
[0.226s] INFO:colcon.colcon_ros.task.ament_cmake.build:Building ROS package in '/home/sourav/ROS2-Self-Driving-Robot/control/bumperbot_ws/src/bumperbot_utils' with build type 'ament_cmake'
[0.226s] INFO:colcon.colcon_cmake.task.cmake.build:Building CMake package in '/home/sourav/ROS2-Self-Driving-Robot/control/bumperbot_ws/src/bumperbot_utils'
[0.226s] INFO:colcon.colcon_core.shell:Skip shell extension 'powershell' for command environment: Not usable outside of PowerShell
[0.226s] DEBUG:colcon.colcon_core.shell:Skip shell extension 'dsv' for command environment
[0.232s] DEBUG:colcon.colcon_core.event_handler.log_command:Invoking command in '/home/sourav/ROS2-Self-Driving-Robot/control/bumperbot_ws/build/bumperbot_msgs': CMAKE_PREFIX_PATH=/opt/ros/humble /usr/bin/cmake --build /home/sourav/ROS2-Self-Driving-Robot/control/bumperbot_ws/build/bumperbot_msgs -- -j16 -l16
[0.233s] DEBUG:colcon.colcon_core.event_handler.log_command:Invoking command in '/home/sourav/ROS2-Self-Driving-Robot/control/bumperbot_ws/build/imu_complementary_filter': CMAKE_PREFIX_PATH=/opt/ros/humble /usr/bin/cmake --build /home/sourav/ROS2-Self-Driving-Robot/control/bumperbot_ws/build/imu_complementary_filter -- -j16 -l16
[0.235s] DEBUG:colcon.colcon_core.event_handler.log_command:Invoking command in '/home/sourav/ROS2-Self-Driving-Robot/control/bumperbot_ws/build/imu_filter_madgwick': CMAKE_PREFIX_PATH=/opt/ros/humble /usr/bin/cmake --build /home/sourav/ROS2-Self-Driving-Robot/control/bumperbot_ws/build/imu_filter_madgwick -- -j16 -l16
[0.239s] DEBUG:colcon.colcon_core.event_handler.log_command:Invoking command in '/home/sourav/ROS2-Self-Driving-Robot/control/bumperbot_ws/build/rviz_imu_plugin': CMAKE_PREFIX_PATH=/opt/ros/humble /usr/bin/cmake --build /home/sourav/ROS2-Self-Driving-Robot/control/bumperbot_ws/build/rviz_imu_plugin -- -j16 -l16
[0.242s] DEBUG:colcon.colcon_core.event_handler.log_command:Invoking command in '/home/sourav/ROS2-Self-Driving-Robot/control/bumperbot_ws/build/bumperbot_bringup': CMAKE_PREFIX_PATH=/opt/ros/humble /usr/bin/cmake --build /home/sourav/ROS2-Self-Driving-Robot/control/bumperbot_ws/build/bumperbot_bringup -- -j16 -l16
[0.245s] DEBUG:colcon.colcon_core.event_handler.log_command:Invoking command in '/home/sourav/ROS2-Self-Driving-Robot/control/bumperbot_ws/build/bumperbot_controller': CMAKE_PREFIX_PATH=/opt/ros/humble /usr/bin/cmake --build /home/sourav/ROS2-Self-Driving-Robot/control/bumperbot_ws/build/bumperbot_controller -- -j16 -l16
[0.248s] DEBUG:colcon.colcon_core.event_handler.log_command:Invoking command in '/home/sourav/ROS2-Self-Driving-Robot/control/bumperbot_ws/build/bumperbot_description': CMAKE_PREFIX_PATH=/opt/ros/humble /usr/bin/cmake --build /home/sourav/ROS2-Self-Driving-Robot/control/bumperbot_ws/build/bumperbot_description -- -j16 -l16
[0.252s] DEBUG:colcon.colcon_core.event_handler.log_command:Invoking command in '/home/sourav/ROS2-Self-Driving-Robot/control/bumperbot_ws/build/bumperbot_firmware': CMAKE_PREFIX_PATH=/opt/ros/humble /usr/bin/cmake --build /home/sourav/ROS2-Self-Driving-Robot/control/bumperbot_ws/build/bumperbot_firmware -- -j16 -l16
[0.256s] DEBUG:colcon.colcon_core.event_handler.log_command:Invoking command in '/home/sourav/ROS2-Self-Driving-Robot/control/bumperbot_ws/build/bumperbot_localization': CMAKE_PREFIX_PATH=/opt/ros/humble /usr/bin/cmake --build /home/sourav/ROS2-Self-Driving-Robot/control/bumperbot_ws/build/bumperbot_localization -- -j16 -l16
[0.265s] DEBUG:colcon.colcon_core.event_handler.log_command:Invoking command in '/home/sourav/ROS2-Self-Driving-Robot/control/bumperbot_ws/build/bumperbot_utils': CMAKE_PREFIX_PATH=/opt/ros/humble /usr/bin/cmake --build /home/sourav/ROS2-Self-Driving-Robot/control/bumperbot_ws/build/bumperbot_utils -- -j16 -l16
[0.288s] DEBUG:colcon.colcon_core.event_handler.log_command:Invoked command in '/home/sourav/ROS2-Self-Driving-Robot/control/bumperbot_ws/build/bumperbot_bringup' returned '0': CMAKE_PREFIX_PATH=/opt/ros/humble /usr/bin/cmake --build /home/sourav/ROS2-Self-Driving-Robot/control/bumperbot_ws/build/bumperbot_bringup -- -j16 -l16
[0.296s] DEBUG:colcon.colcon_core.event_handler.log_command:Invoking command in '/home/sourav/ROS2-Self-Driving-Robot/control/bumperbot_ws/build/bumperbot_bringup': CMAKE_PREFIX_PATH=/opt/ros/humble /usr/bin/cmake --install /home/sourav/ROS2-Self-Driving-Robot/control/bumperbot_ws/build/bumperbot_bringup
[0.313s] DEBUG:colcon.colcon_core.event_handler.log_command:Invoked command in '/home/sourav/ROS2-Self-Driving-Robot/control/bumperbot_ws/build/bumperbot_description' returned '0': CMAKE_PREFIX_PATH=/opt/ros/humble /usr/bin/cmake --build /home/sourav/ROS2-Self-Driving-Robot/control/bumperbot_ws/build/bumperbot_description -- -j16 -l16
[0.313s] DEBUG:colcon.colcon_core.event_handler.log_command:Invoking command in '/home/sourav/ROS2-Self-Driving-Robot/control/bumperbot_ws/build/bumperbot_description': CMAKE_PREFIX_PATH=/opt/ros/humble /usr/bin/cmake --install /home/sourav/ROS2-Self-Driving-Robot/control/bumperbot_ws/build/bumperbot_description
[0.319s] Level 1:colcon.colcon_core.environment:create_environment_scripts_only(bumperbot_bringup)
[0.324s] DEBUG:colcon.colcon_core.event_handler.log_command:Invoked command in '/home/sourav/ROS2-Self-Driving-Robot/control/bumperbot_ws/build/bumperbot_bringup' returned '0': CMAKE_PREFIX_PATH=/opt/ros/humble /usr/bin/cmake --install /home/sourav/ROS2-Self-Driving-Robot/control/bumperbot_ws/build/bumperbot_bringup
[0.334s] Level 1:colcon.colcon_core.environment:checking '/home/sourav/ROS2-Self-Driving-Robot/control/bumperbot_ws/install/bumperbot_bringup' for CMake module files
[0.337s] Level 1:colcon.colcon_core.environment:checking '/home/sourav/ROS2-Self-Driving-Robot/control/bumperbot_ws/install/bumperbot_bringup' for CMake config files
[0.338s] Level 1:colcon.colcon_core.shell:create_environment_hook('bumperbot_bringup', 'cmake_prefix_path')
[0.338s] INFO:colcon.colcon_core.shell:Creating environment hook '/home/sourav/ROS2-Self-Driving-Robot/control/bumperbot_ws/install/bumperbot_bringup/share/bumperbot_bringup/hook/cmake_prefix_path.ps1'
[0.339s] INFO:colcon.colcon_core.shell:Creating environment descriptor '/home/sourav/ROS2-Self-Driving-Robot/control/bumperbot_ws/install/bumperbot_bringup/share/bumperbot_bringup/hook/cmake_prefix_path.dsv'
[0.339s] INFO:colcon.colcon_core.shell:Creating environment hook '/home/sourav/ROS2-Self-Driving-Robot/control/bumperbot_ws/install/bumperbot_bringup/share/bumperbot_bringup/hook/cmake_prefix_path.sh'
[0.340s] Level 1:colcon.colcon_core.environment:checking '/home/sourav/ROS2-Self-Driving-Robot/control/bumperbot_ws/install/bumperbot_bringup/bin'
[0.340s] Level 1:colcon.colcon_core.environment:checking '/home/sourav/ROS2-Self-Driving-Robot/control/bumperbot_ws/install/bumperbot_bringup/lib/pkgconfig/bumperbot_bringup.pc'
[0.340s] Level 1:colcon.colcon_core.environment:checking '/home/sourav/ROS2-Self-Driving-Robot/control/bumperbot_ws/install/bumperbot_bringup/lib/python3.10/site-packages'
[0.341s] Level 1:colcon.colcon_core.environment:checking '/home/sourav/ROS2-Self-Driving-Robot/control/bumperbot_ws/install/bumperbot_bringup/bin'
[0.341s] INFO:colcon.colcon_core.shell:Creating package script '/home/sourav/ROS2-Self-Driving-Robot/control/bumperbot_ws/install/bumperbot_bringup/share/bumperbot_bringup/package.ps1'
[0.342s] INFO:colcon.colcon_core.shell:Creating package descriptor '/home/sourav/ROS2-Self-Driving-Robot/control/bumperbot_ws/install/bumperbot_bringup/share/bumperbot_bringup/package.dsv'
[0.342s] INFO:colcon.colcon_core.shell:Creating package script '/home/sourav/ROS2-Self-Driving-Robot/control/bumperbot_ws/install/bumperbot_bringup/share/bumperbot_bringup/package.sh'
[0.343s] INFO:colcon.colcon_core.shell:Creating package script '/home/sourav/ROS2-Self-Driving-Robot/control/bumperbot_ws/install/bumperbot_bringup/share/bumperbot_bringup/package.bash'
[0.343s] INFO:colcon.colcon_core.shell:Creating package script '/home/sourav/ROS2-Self-Driving-Robot/control/bumperbot_ws/install/bumperbot_bringup/share/bumperbot_bringup/package.zsh'
[0.344s] Level 1:colcon.colcon_core.environment:create_file_with_runtime_dependencies(/home/sourav/ROS2-Self-Driving-Robot/control/bumperbot_ws/install/bumperbot_bringup/share/colcon-core/packages/bumperbot_bringup)
[0.344s] Level 1:colcon.colcon_core.environment:create_environment_scripts_only(bumperbot_bringup)
[0.345s] Level 1:colcon.colcon_core.environment:checking '/home/sourav/ROS2-Self-Driving-Robot/control/bumperbot_ws/install/bumperbot_bringup' for CMake module files
[0.345s] Level 1:colcon.colcon_core.environment:checking '/home/sourav/ROS2-Self-Driving-Robot/control/bumperbot_ws/install/bumperbot_bringup' for CMake config files
[0.345s] Level 1:colcon.colcon_core.shell:create_environment_hook('bumperbot_bringup', 'cmake_prefix_path')
[0.345s] INFO:colcon.colcon_core.shell:Creating environment hook '/home/sourav/ROS2-Self-Driving-Robot/control/bumperbot_ws/install/bumperbot_bringup/share/bumperbot_bringup/hook/cmake_prefix_path.ps1'
[0.346s] INFO:colcon.colcon_core.shell:Creating environment descriptor '/home/sourav/ROS2-Self-Driving-Robot/control/bumperbot_ws/install/bumperbot_bringup/share/bumperbot_bringup/hook/cmake_prefix_path.dsv'
[0.346s] INFO:colcon.colcon_core.shell:Creating environment hook '/home/sourav/ROS2-Self-Driving-Robot/control/bumperbot_ws/install/bumperbot_bringup/share/bumperbot_bringup/hook/cmake_prefix_path.sh'
[0.346s] Level 1:colcon.colcon_core.environment:checking '/home/sourav/ROS2-Self-Driving-Robot/control/bumperbot_ws/install/bumperbot_bringup/bin'
[0.346s] Level 1:colcon.colcon_core.environment:checking '/home/sourav/ROS2-Self-Driving-Robot/control/bumperbot_ws/install/bumperbot_bringup/lib/pkgconfig/bumperbot_bringup.pc'
[0.346s] Level 1:colcon.colcon_core.environment:checking '/home/sourav/ROS2-Self-Driving-Robot/control/bumperbot_ws/install/bumperbot_bringup/lib/python3.10/site-packages'
[0.347s] Level 1:colcon.colcon_core.environment:checking '/home/sourav/ROS2-Self-Driving-Robot/control/bumperbot_ws/install/bumperbot_bringup/bin'
[0.347s] INFO:colcon.colcon_core.shell:Creating package script '/home/sourav/ROS2-Self-Driving-Robot/control/bumperbot_ws/install/bumperbot_bringup/share/bumperbot_bringup/package.ps1'
[0.347s] INFO:colcon.colcon_core.shell:Creating package descriptor '/home/sourav/ROS2-Self-Driving-Robot/control/bumperbot_ws/install/bumperbot_bringup/share/bumperbot_bringup/package.dsv'
[0.348s] INFO:colcon.colcon_core.shell:Creating package script '/home/sourav/ROS2-Self-Driving-Robot/control/bumperbot_ws/install/bumperbot_bringup/share/bumperbot_bringup/package.sh'
[0.348s] INFO:colcon.colcon_core.shell:Creating package script '/home/sourav/ROS2-Self-Driving-Robot/control/bumperbot_ws/install/bumperbot_bringup/share/bumperbot_bringup/package.bash'
[0.348s] INFO:colcon.colcon_core.shell:Creating package script '/home/sourav/ROS2-Self-Driving-Robot/control/bumperbot_ws/install/bumperbot_bringup/share/bumperbot_bringup/package.zsh'
[0.348s] Level 1:colcon.colcon_core.environment:create_file_with_runtime_dependencies(/home/sourav/ROS2-Self-Driving-Robot/control/bumperbot_ws/install/bumperbot_bringup/share/colcon-core/packages/bumperbot_bringup)
[0.350s] Level 1:colcon.colcon_core.environment:create_environment_scripts_only(bumperbot_description)
[0.350s] Level 1:colcon.colcon_core.environment:checking '/home/sourav/ROS2-Self-Driving-Robot/control/bumperbot_ws/install/bumperbot_description' for CMake module files
[0.350s] DEBUG:colcon.colcon_core.event_handler.log_command:Invoked command in '/home/sourav/ROS2-Self-Driving-Robot/control/bumperbot_ws/build/bumperbot_description' returned '0': CMAKE_PREFIX_PATH=/opt/ros/humble /usr/bin/cmake --install /home/sourav/ROS2-Self-Driving-Robot/control/bumperbot_ws/build/bumperbot_description
[0.351s] Level 1:colcon.colcon_core.environment:checking '/home/sourav/ROS2-Self-Driving-Robot/control/bumperbot_ws/install/bumperbot_description' for CMake config files
[0.351s] Level 1:colcon.colcon_core.shell:create_environment_hook('bumperbot_description', 'cmake_prefix_path')
[0.351s] INFO:colcon.colcon_core.shell:Creating environment hook '/home/sourav/ROS2-Self-Driving-Robot/control/bumperbot_ws/install/bumperbot_description/share/bumperbot_description/hook/cmake_prefix_path.ps1'
[0.351s] INFO:colcon.colcon_core.shell:Creating environment descriptor '/home/sourav/ROS2-Self-Driving-Robot/control/bumperbot_ws/install/bumperbot_description/share/bumperbot_description/hook/cmake_prefix_path.dsv'
[0.352s] INFO:colcon.colcon_core.shell:Creating environment hook '/home/sourav/ROS2-Self-Driving-Robot/control/bumperbot_ws/install/bumperbot_description/share/bumperbot_description/hook/cmake_prefix_path.sh'
[0.352s] Level 1:colcon.colcon_core.environment:checking '/home/sourav/ROS2-Self-Driving-Robot/control/bumperbot_ws/install/bumperbot_description/bin'
[0.352s] Level 1:colcon.colcon_core.environment:checking '/home/sourav/ROS2-Self-Driving-Robot/control/bumperbot_ws/install/bumperbot_description/lib/pkgconfig/bumperbot_description.pc'
[0.352s] Level 1:colcon.colcon_core.environment:checking '/home/sourav/ROS2-Self-Driving-Robot/control/bumperbot_ws/install/bumperbot_description/lib/python3.10/site-packages'
[0.352s] Level 1:colcon.colcon_core.environment:checking '/home/sourav/ROS2-Self-Driving-Robot/control/bumperbot_ws/install/bumperbot_description/bin'
[0.353s] INFO:colcon.colcon_core.shell:Creating package script '/home/sourav/ROS2-Self-Driving-Robot/control/bumperbot_ws/install/bumperbot_description/share/bumperbot_description/package.ps1'
[0.353s] INFO:colcon.colcon_core.shell:Creating package descriptor '/home/sourav/ROS2-Self-Driving-Robot/control/bumperbot_ws/install/bumperbot_description/share/bumperbot_description/package.dsv'
[0.353s] INFO:colcon.colcon_core.shell:Creating package script '/home/sourav/ROS2-Self-Driving-Robot/control/bumperbot_ws/install/bumperbot_description/share/bumperbot_description/package.sh'
[0.354s] INFO:colcon.colcon_core.shell:Creating package script '/home/sourav/ROS2-Self-Driving-Robot/control/bumperbot_ws/install/bumperbot_description/share/bumperbot_description/package.bash'
[0.354s] INFO:colcon.colcon_core.shell:Creating package script '/home/sourav/ROS2-Self-Driving-Robot/control/bumperbot_ws/install/bumperbot_description/share/bumperbot_description/package.zsh'
[0.354s] Level 1:colcon.colcon_core.environment:create_file_with_runtime_dependencies(/home/sourav/ROS2-Self-Driving-Robot/control/bumperbot_ws/install/bumperbot_description/share/colcon-core/packages/bumperbot_description)
[0.355s] Level 1:colcon.colcon_core.environment:create_environment_scripts_only(bumperbot_description)
[0.355s] Level 1:colcon.colcon_core.environment:checking '/home/sourav/ROS2-Self-Driving-Robot/control/bumperbot_ws/install/bumperbot_description' for CMake module files
[0.355s] Level 1:colcon.colcon_core.environment:checking '/home/sourav/ROS2-Self-Driving-Robot/control/bumperbot_ws/install/bumperbot_description' for CMake config files
[0.355s] Level 1:colcon.colcon_core.shell:create_environment_hook('bumperbot_description', 'cmake_prefix_path')
[0.355s] INFO:colcon.colcon_core.shell:Creating environment hook '/home/sourav/ROS2-Self-Driving-Robot/control/bumperbot_ws/install/bumperbot_description/share/bumperbot_description/hook/cmake_prefix_path.ps1'
[0.356s] INFO:colcon.colcon_core.shell:Creating environment descriptor '/home/sourav/ROS2-Self-Driving-Robot/control/bumperbot_ws/install/bumperbot_description/share/bumperbot_description/hook/cmake_prefix_path.dsv'
[0.356s] INFO:colcon.colcon_core.shell:Creating environment hook '/home/sourav/ROS2-Self-Driving-Robot/control/bumperbot_ws/install/bumperbot_description/share/bumperbot_description/hook/cmake_prefix_path.sh'
[0.356s] Level 1:colcon.colcon_core.environment:checking '/home/sourav/ROS2-Self-Driving-Robot/control/bumperbot_ws/install/bumperbot_description/bin'
[0.356s] Level 1:colcon.colcon_core.environment:checking '/home/sourav/ROS2-Self-Driving-Robot/control/bumperbot_ws/install/bumperbot_description/lib/pkgconfig/bumperbot_description.pc'
[0.357s] Level 1:colcon.colcon_core.environment:checking '/home/sourav/ROS2-Self-Driving-Robot/control/bumperbot_ws/install/bumperbot_description/lib/python3.10/site-packages'
[0.357s] Level 1:colcon.colcon_core.environment:checking '/home/sourav/ROS2-Self-Driving-Robot/control/bumperbot_ws/install/bumperbot_description/bin'
[0.357s] INFO:colcon.colcon_core.shell:Creating package script '/home/sourav/ROS2-Self-Driving-Robot/control/bumperbot_ws/install/bumperbot_description/share/bumperbot_description/package.ps1'
[0.357s] INFO:colcon.colcon_core.shell:Creating package descriptor '/home/sourav/ROS2-Self-Driving-Robot/control/bumperbot_ws/install/bumperbot_description/share/bumperbot_description/package.dsv'
[0.358s] INFO:colcon.colcon_core.shell:Creating package script '/home/sourav/ROS2-Self-Driving-Robot/control/bumperbot_ws/install/bumperbot_description/share/bumperbot_description/package.sh'
[0.358s] INFO:colcon.colcon_core.shell:Creating package script '/home/sourav/ROS2-Self-Driving-Robot/control/bumperbot_ws/install/bumperbot_description/share/bumperbot_description/package.bash'
[0.358s] INFO:colcon.colcon_core.shell:Creating package script '/home/sourav/ROS2-Self-Driving-Robot/control/bumperbot_ws/install/bumperbot_description/share/bumperbot_description/package.zsh'
[0.359s] Level 1:colcon.colcon_core.environment:create_file_with_runtime_dependencies(/home/sourav/ROS2-Self-Driving-Robot/control/bumperbot_ws/install/bumperbot_description/share/colcon-core/packages/bumperbot_description)
[0.361s] DEBUG:colcon.colcon_core.event_handler.log_command:Invoked command in '/home/sourav/ROS2-Self-Driving-Robot/control/bumperbot_ws/build/imu_complementary_filter' returned '0': CMAKE_PREFIX_PATH=/opt/ros/humble /usr/bin/cmake --build /home/sourav/ROS2-Self-Driving-Robot/control/bumperbot_ws/build/imu_complementary_filter -- -j16 -l16
[0.363s] DEBUG:colcon.colcon_core.event_handler.log_command:Invoking command in '/home/sourav/ROS2-Self-Driving-Robot/control/bumperbot_ws/build/imu_complementary_filter': CMAKE_PREFIX_PATH=/opt/ros/humble /usr/bin/cmake --install /home/sourav/ROS2-Self-Driving-Robot/control/bumperbot_ws/build/imu_complementary_filter
[0.364s] DEBUG:colcon.colcon_core.event_handler.log_command:Invoked command in '/home/sourav/ROS2-Self-Driving-Robot/control/bumperbot_ws/build/imu_filter_madgwick' returned '0': CMAKE_PREFIX_PATH=/opt/ros/humble /usr/bin/cmake --build /home/sourav/ROS2-Self-Driving-Robot/control/bumperbot_ws/build/imu_filter_madgwick -- -j16 -l16
[0.364s] DEBUG:colcon.colcon_core.event_handler.log_command:Invoking command in '/home/sourav/ROS2-Self-Driving-Robot/control/bumperbot_ws/build/imu_filter_madgwick': CMAKE_PREFIX_PATH=/opt/ros/humble /usr/bin/cmake --install /home/sourav/ROS2-Self-Driving-Robot/control/bumperbot_ws/build/imu_filter_madgwick
[0.374s] Level 1:colcon.colcon_core.environment:create_environment_scripts_only(imu_complementary_filter)
[0.375s] Level 1:colcon.colcon_core.environment:checking '/home/sourav/ROS2-Self-Driving-Robot/control/bumperbot_ws/install/imu_complementary_filter' for CMake module files
[0.377s] Level 1:colcon.colcon_core.environment:checking '/home/sourav/ROS2-Self-Driving-Robot/control/bumperbot_ws/install/imu_complementary_filter' for CMake config files
[0.378s] DEBUG:colcon.colcon_core.event_handler.log_command:Invoked command in '/home/sourav/ROS2-Self-Driving-Robot/control/bumperbot_ws/build/rviz_imu_plugin' returned '0': CMAKE_PREFIX_PATH=/opt/ros/humble /usr/bin/cmake --build /home/sourav/ROS2-Self-Driving-Robot/control/bumperbot_ws/build/rviz_imu_plugin -- -j16 -l16
[0.378s] DEBUG:colcon.colcon_core.event_handler.log_command:Invoking command in '/home/sourav/ROS2-Self-Driving-Robot/control/bumperbot_ws/build/rviz_imu_plugin': CMAKE_PREFIX_PATH=/opt/ros/humble /usr/bin/cmake --install /home/sourav/ROS2-Self-Driving-Robot/control/bumperbot_ws/build/rviz_imu_plugin
[0.379s] Level 1:colcon.colcon_core.shell:create_environment_hook('imu_complementary_filter', 'cmake_prefix_path')
[0.380s] INFO:colcon.colcon_core.shell:Creating environment hook '/home/sourav/ROS2-Self-Driving-Robot/control/bumperbot_ws/install/imu_complementary_filter/share/imu_complementary_filter/hook/cmake_prefix_path.ps1'
[0.381s] INFO:colcon.colcon_core.shell:Creating environment descriptor '/home/sourav/ROS2-Self-Driving-Robot/control/bumperbot_ws/install/imu_complementary_filter/share/imu_complementary_filter/hook/cmake_prefix_path.dsv'
[0.383s] DEBUG:colcon.colcon_core.event_handler.log_command:Invoked command in '/home/sourav/ROS2-Self-Driving-Robot/control/bumperbot_ws/build/imu_complementary_filter' returned '0': CMAKE_PREFIX_PATH=/opt/ros/humble /usr/bin/cmake --install /home/sourav/ROS2-Self-Driving-Robot/control/bumperbot_ws/build/imu_complementary_filter
[0.384s] INFO:colcon.colcon_core.shell:Creating environment hook '/home/sourav/ROS2-Self-Driving-Robot/control/bumperbot_ws/install/imu_complementary_filter/share/imu_complementary_filter/hook/cmake_prefix_path.sh'
[0.385s] Level 1:colcon.colcon_core.environment:checking '/home/sourav/ROS2-Self-Driving-Robot/control/bumperbot_ws/install/imu_complementary_filter/lib'
[0.385s] Level 1:colcon.colcon_core.shell:create_environment_hook('imu_complementary_filter', 'ld_library_path_lib')
[0.386s] INFO:colcon.colcon_core.shell:Creating environment hook '/home/sourav/ROS2-Self-Driving-Robot/control/bumperbot_ws/install/imu_complementary_filter/share/imu_complementary_filter/hook/ld_library_path_lib.ps1'
[0.387s] INFO:colcon.colcon_core.shell:Creating environment descriptor '/home/sourav/ROS2-Self-Driving-Robot/control/bumperbot_ws/install/imu_complementary_filter/share/imu_complementary_filter/hook/ld_library_path_lib.dsv'
[0.388s] INFO:colcon.colcon_core.shell:Creating environment hook '/home/sourav/ROS2-Self-Driving-Robot/control/bumperbot_ws/install/imu_complementary_filter/share/imu_complementary_filter/hook/ld_library_path_lib.sh'
[0.389s] Level 1:colcon.colcon_core.environment:checking '/home/sourav/ROS2-Self-Driving-Robot/control/bumperbot_ws/install/imu_complementary_filter/bin'
[0.389s] Level 1:colcon.colcon_core.environment:checking '/home/sourav/ROS2-Self-Driving-Robot/control/bumperbot_ws/install/imu_complementary_filter/lib/pkgconfig/imu_complementary_filter.pc'
[0.389s] Level 1:colcon.colcon_core.environment:checking '/home/sourav/ROS2-Self-Driving-Robot/control/bumperbot_ws/install/imu_complementary_filter/lib/python3.10/site-packages'
[0.390s] Level 1:colcon.colcon_core.environment:checking '/home/sourav/ROS2-Self-Driving-Robot/control/bumperbot_ws/install/imu_complementary_filter/bin'
[0.390s] INFO:colcon.colcon_core.shell:Creating package script '/home/sourav/ROS2-Self-Driving-Robot/control/bumperbot_ws/install/imu_complementary_filter/share/imu_complementary_filter/package.ps1'
[0.392s] INFO:colcon.colcon_core.shell:Creating package descriptor '/home/sourav/ROS2-Self-Driving-Robot/control/bumperbot_ws/install/imu_complementary_filter/share/imu_complementary_filter/package.dsv'
[0.393s] INFO:colcon.colcon_core.shell:Creating package script '/home/sourav/ROS2-Self-Driving-Robot/control/bumperbot_ws/install/imu_complementary_filter/share/imu_complementary_filter/package.sh'
[0.394s] INFO:colcon.colcon_core.shell:Creating package script '/home/sourav/ROS2-Self-Driving-Robot/control/bumperbot_ws/install/imu_complementary_filter/share/imu_complementary_filter/package.bash'
[0.394s] INFO:colcon.colcon_core.shell:Creating package script '/home/sourav/ROS2-Self-Driving-Robot/control/bumperbot_ws/install/imu_complementary_filter/share/imu_complementary_filter/package.zsh'
[0.395s] Level 1:colcon.colcon_core.environment:create_file_with_runtime_dependencies(/home/sourav/ROS2-Self-Driving-Robot/control/bumperbot_ws/install/imu_complementary_filter/share/colcon-core/packages/imu_complementary_filter)
[0.395s] Level 1:colcon.colcon_core.environment:create_environment_scripts_only(imu_complementary_filter)
[0.396s] Level 1:colcon.colcon_core.environment:checking '/home/sourav/ROS2-Self-Driving-Robot/control/bumperbot_ws/install/imu_complementary_filter' for CMake module files
[0.396s] Level 1:colcon.colcon_core.environment:checking '/home/sourav/ROS2-Self-Driving-Robot/control/bumperbot_ws/install/imu_complementary_filter' for CMake config files
[0.397s] Level 1:colcon.colcon_core.shell:create_environment_hook('imu_complementary_filter', 'cmake_prefix_path')
[0.397s] INFO:colcon.colcon_core.shell:Creating environment hook '/home/sourav/ROS2-Self-Driving-Robot/control/bumperbot_ws/install/imu_complementary_filter/share/imu_complementary_filter/hook/cmake_prefix_path.ps1'
[0.398s] INFO:colcon.colcon_core.shell:Creating environment descriptor '/home/sourav/ROS2-Self-Driving-Robot/control/bumperbot_ws/install/imu_complementary_filter/share/imu_complementary_filter/hook/cmake_prefix_path.dsv'
[0.398s] INFO:colcon.colcon_core.shell:Creating environment hook '/home/sourav/ROS2-Self-Driving-Robot/control/bumperbot_ws/install/imu_complementary_filter/share/imu_complementary_filter/hook/cmake_prefix_path.sh'
[0.399s] Level 1:colcon.colcon_core.environment:checking '/home/sourav/ROS2-Self-Driving-Robot/control/bumperbot_ws/install/imu_complementary_filter/lib'
[0.399s] Level 1:colcon.colcon_core.shell:create_environment_hook('imu_complementary_filter', 'ld_library_path_lib')
[0.399s] INFO:colcon.colcon_core.shell:Creating environment hook '/home/sourav/ROS2-Self-Driving-Robot/control/bumperbot_ws/install/imu_complementary_filter/share/imu_complementary_filter/hook/ld_library_path_lib.ps1'
[0.400s] INFO:colcon.colcon_core.shell:Creating environment descriptor '/home/sourav/ROS2-Self-Driving-Robot/control/bumperbot_ws/install/imu_complementary_filter/share/imu_complementary_filter/hook/ld_library_path_lib.dsv'
[0.400s] INFO:colcon.colcon_core.shell:Creating environment hook '/home/sourav/ROS2-Self-Driving-Robot/control/bumperbot_ws/install/imu_complementary_filter/share/imu_complementary_filter/hook/ld_library_path_lib.sh'
[0.401s] Level 1:colcon.colcon_core.environment:checking '/home/sourav/ROS2-Self-Driving-Robot/control/bumperbot_ws/install/imu_complementary_filter/bin'
[0.401s] Level 1:colcon.colcon_core.environment:checking '/home/sourav/ROS2-Self-Driving-Robot/control/bumperbot_ws/install/imu_complementary_filter/lib/pkgconfig/imu_complementary_filter.pc'
[0.401s] Level 1:colcon.colcon_core.environment:checking '/home/sourav/ROS2-Self-Driving-Robot/control/bumperbot_ws/install/imu_complementary_filter/lib/python3.10/site-packages'
[0.401s] Level 1:colcon.colcon_core.environment:checking '/home/sourav/ROS2-Self-Driving-Robot/control/bumperbot_ws/install/imu_complementary_filter/bin'
[0.402s] INFO:colcon.colcon_core.shell:Creating package script '/home/sourav/ROS2-Self-Driving-Robot/control/bumperbot_ws/install/imu_complementary_filter/share/imu_complementary_filter/package.ps1'
[0.403s] INFO:colcon.colcon_core.shell:Creating package descriptor '/home/sourav/ROS2-Self-Driving-Robot/control/bumperbot_ws/install/imu_complementary_filter/share/imu_complementary_filter/package.dsv'
[0.403s] INFO:colcon.colcon_core.shell:Creating package script '/home/sourav/ROS2-Self-Driving-Robot/control/bumperbot_ws/install/imu_complementary_filter/share/imu_complementary_filter/package.sh'
[0.404s] INFO:colcon.colcon_core.shell:Creating package script '/home/sourav/ROS2-Self-Driving-Robot/control/bumperbot_ws/install/imu_complementary_filter/share/imu_complementary_filter/package.bash'
[0.404s] INFO:colcon.colcon_core.shell:Creating package script '/home/sourav/ROS2-Self-Driving-Robot/control/bumperbot_ws/install/imu_complementary_filter/share/imu_complementary_filter/package.zsh'
[0.405s] Level 1:colcon.colcon_core.environment:create_file_with_runtime_dependencies(/home/sourav/ROS2-Self-Driving-Robot/control/bumperbot_ws/install/imu_complementary_filter/share/colcon-core/packages/imu_complementary_filter)
[0.406s] Level 1:colcon.colcon_core.environment:create_environment_scripts_only(imu_filter_madgwick)
[0.406s] Level 1:colcon.colcon_core.environment:checking '/home/sourav/ROS2-Self-Driving-Robot/control/bumperbot_ws/install/imu_filter_madgwick' for CMake module files
[0.407s] DEBUG:colcon.colcon_core.event_handler.log_command:Invoked command in '/home/sourav/ROS2-Self-Driving-Robot/control/bumperbot_ws/build/imu_filter_madgwick' returned '0': CMAKE_PREFIX_PATH=/opt/ros/humble /usr/bin/cmake --install /home/sourav/ROS2-Self-Driving-Robot/control/bumperbot_ws/build/imu_filter_madgwick
[0.407s] Level 1:colcon.colcon_core.environment:checking '/home/sourav/ROS2-Self-Driving-Robot/control/bumperbot_ws/install/imu_filter_madgwick' for CMake config files
[0.408s] Level 1:colcon.colcon_core.shell:create_environment_hook('imu_filter_madgwick', 'cmake_prefix_path')
[0.408s] INFO:colcon.colcon_core.shell:Creating environment hook '/home/sourav/ROS2-Self-Driving-Robot/control/bumperbot_ws/install/imu_filter_madgwick/share/imu_filter_madgwick/hook/cmake_prefix_path.ps1'
[0.409s] INFO:colcon.colcon_core.shell:Creating environment descriptor '/home/sourav/ROS2-Self-Driving-Robot/control/bumperbot_ws/install/imu_filter_madgwick/share/imu_filter_madgwick/hook/cmake_prefix_path.dsv'
[0.409s] INFO:colcon.colcon_core.shell:Creating environment hook '/home/sourav/ROS2-Self-Driving-Robot/control/bumperbot_ws/install/imu_filter_madgwick/share/imu_filter_madgwick/hook/cmake_prefix_path.sh'
[0.410s] Level 1:colcon.colcon_core.environment:checking '/home/sourav/ROS2-Self-Driving-Robot/control/bumperbot_ws/install/imu_filter_madgwick/lib'
[0.410s] Level 1:colcon.colcon_core.shell:create_environment_hook('imu_filter_madgwick', 'ld_library_path_lib')
[0.410s] INFO:colcon.colcon_core.shell:Creating environment hook '/home/sourav/ROS2-Self-Driving-Robot/control/bumperbot_ws/install/imu_filter_madgwick/share/imu_filter_madgwick/hook/ld_library_path_lib.ps1'
[0.411s] INFO:colcon.colcon_core.shell:Creating environment descriptor '/home/sourav/ROS2-Self-Driving-Robot/control/bumperbot_ws/install/imu_filter_madgwick/share/imu_filter_madgwick/hook/ld_library_path_lib.dsv'
[0.411s] INFO:colcon.colcon_core.shell:Creating environment hook '/home/sourav/ROS2-Self-Driving-Robot/control/bumperbot_ws/install/imu_filter_madgwick/share/imu_filter_madgwick/hook/ld_library_path_lib.sh'
[0.412s] Level 1:colcon.colcon_core.environment:checking '/home/sourav/ROS2-Self-Driving-Robot/control/bumperbot_ws/install/imu_filter_madgwick/bin'
[0.412s] Level 1:colcon.colcon_core.environment:checking '/home/sourav/ROS2-Self-Driving-Robot/control/bumperbot_ws/install/imu_filter_madgwick/lib/pkgconfig/imu_filter_madgwick.pc'
[0.412s] Level 1:colcon.colcon_core.environment:checking '/home/sourav/ROS2-Self-Driving-Robot/control/bumperbot_ws/install/imu_filter_madgwick/lib/python3.10/site-packages'
[0.413s] Level 1:colcon.colcon_core.environment:checking '/home/sourav/ROS2-Self-Driving-Robot/control/bumperbot_ws/install/imu_filter_madgwick/bin'
[0.413s] INFO:colcon.colcon_core.shell:Creating package script '/home/sourav/ROS2-Self-Driving-Robot/control/bumperbot_ws/install/imu_filter_madgwick/share/imu_filter_madgwick/package.ps1'
[0.414s] INFO:colcon.colcon_core.shell:Creating package descriptor '/home/sourav/ROS2-Self-Driving-Robot/control/bumperbot_ws/install/imu_filter_madgwick/share/imu_filter_madgwick/package.dsv'
[0.415s] INFO:colcon.colcon_core.shell:Creating package script '/home/sourav/ROS2-Self-Driving-Robot/control/bumperbot_ws/install/imu_filter_madgwick/share/imu_filter_madgwick/package.sh'
[0.415s] INFO:colcon.colcon_core.shell:Creating package script '/home/sourav/ROS2-Self-Driving-Robot/control/bumperbot_ws/install/imu_filter_madgwick/share/imu_filter_madgwick/package.bash'
[0.416s] INFO:colcon.colcon_core.shell:Creating package script '/home/sourav/ROS2-Self-Driving-Robot/control/bumperbot_ws/install/imu_filter_madgwick/share/imu_filter_madgwick/package.zsh'
[0.416s] Level 1:colcon.colcon_core.environment:create_file_with_runtime_dependencies(/home/sourav/ROS2-Self-Driving-Robot/control/bumperbot_ws/install/imu_filter_madgwick/share/colcon-core/packages/imu_filter_madgwick)
[0.417s] Level 1:colcon.colcon_core.environment:create_environment_scripts_only(imu_filter_madgwick)
[0.418s] Level 1:colcon.colcon_core.environment:checking '/home/sourav/ROS2-Self-Driving-Robot/control/bumperbot_ws/install/imu_filter_madgwick' for CMake module files
[0.418s] Level 1:colcon.colcon_core.environment:checking '/home/sourav/ROS2-Self-Driving-Robot/control/bumperbot_ws/install/imu_filter_madgwick' for CMake config files
[0.419s] Level 1:colcon.colcon_core.shell:create_environment_hook('imu_filter_madgwick', 'cmake_prefix_path')
[0.419s] INFO:colcon.colcon_core.shell:Creating environment hook '/home/sourav/ROS2-Self-Driving-Robot/control/bumperbot_ws/install/imu_filter_madgwick/share/imu_filter_madgwick/hook/cmake_prefix_path.ps1'
[0.419s] INFO:colcon.colcon_core.shell:Creating environment descriptor '/home/sourav/ROS2-Self-Driving-Robot/control/bumperbot_ws/install/imu_filter_madgwick/share/imu_filter_madgwick/hook/cmake_prefix_path.dsv'
[0.420s] INFO:colcon.colcon_core.shell:Creating environment hook '/home/sourav/ROS2-Self-Driving-Robot/control/bumperbot_ws/install/imu_filter_madgwick/share/imu_filter_madgwick/hook/cmake_prefix_path.sh'
[0.421s] Level 1:colcon.colcon_core.environment:checking '/home/sourav/ROS2-Self-Driving-Robot/control/bumperbot_ws/install/imu_filter_madgwick/lib'
[0.421s] Level 1:colcon.colcon_core.shell:create_environment_hook('imu_filter_madgwick', 'ld_library_path_lib')
[0.421s] INFO:colcon.colcon_core.shell:Creating environment hook '/home/sourav/ROS2-Self-Driving-Robot/control/bumperbot_ws/install/imu_filter_madgwick/share/imu_filter_madgwick/hook/ld_library_path_lib.ps1'
[0.421s] INFO:colcon.colcon_core.shell:Creating environment descriptor '/home/sourav/ROS2-Self-Driving-Robot/control/bumperbot_ws/install/imu_filter_madgwick/share/imu_filter_madgwick/hook/ld_library_path_lib.dsv'
[0.422s] INFO:colcon.colcon_core.shell:Creating environment hook '/home/sourav/ROS2-Self-Driving-Robot/control/bumperbot_ws/install/imu_filter_madgwick/share/imu_filter_madgwick/hook/ld_library_path_lib.sh'
[0.422s] Level 1:colcon.colcon_core.environment:checking '/home/sourav/ROS2-Self-Driving-Robot/control/bumperbot_ws/install/imu_filter_madgwick/bin'
[0.422s] Level 1:colcon.colcon_core.environment:checking '/home/sourav/ROS2-Self-Driving-Robot/control/bumperbot_ws/install/imu_filter_madgwick/lib/pkgconfig/imu_filter_madgwick.pc'
[0.423s] Level 1:colcon.colcon_core.environment:checking '/home/sourav/ROS2-Self-Driving-Robot/control/bumperbot_ws/install/imu_filter_madgwick/lib/python3.10/site-packages'
[0.423s] Level 1:colcon.colcon_core.environment:checking '/home/sourav/ROS2-Self-Driving-Robot/control/bumperbot_ws/install/imu_filter_madgwick/bin'
[0.423s] INFO:colcon.colcon_core.shell:Creating package script '/home/sourav/ROS2-Self-Driving-Robot/control/bumperbot_ws/install/imu_filter_madgwick/share/imu_filter_madgwick/package.ps1'
[0.424s] INFO:colcon.colcon_core.shell:Creating package descriptor '/home/sourav/ROS2-Self-Driving-Robot/control/bumperbot_ws/install/imu_filter_madgwick/share/imu_filter_madgwick/package.dsv'
[0.425s] INFO:colcon.colcon_core.shell:Creating package script '/home/sourav/ROS2-Self-Driving-Robot/control/bumperbot_ws/install/imu_filter_madgwick/share/imu_filter_madgwick/package.sh'
[0.425s] INFO:colcon.colcon_core.shell:Creating package script '/home/sourav/ROS2-Self-Driving-Robot/control/bumperbot_ws/install/imu_filter_madgwick/share/imu_filter_madgwick/package.bash'
[0.426s] INFO:colcon.colcon_core.shell:Creating package script '/home/sourav/ROS2-Self-Driving-Robot/control/bumperbot_ws/install/imu_filter_madgwick/share/imu_filter_madgwick/package.zsh'
[0.426s] Level 1:colcon.colcon_core.environment:create_file_with_runtime_dependencies(/home/sourav/ROS2-Self-Driving-Robot/control/bumperbot_ws/install/imu_filter_madgwick/share/colcon-core/packages/imu_filter_madgwick)
[0.427s] Level 1:colcon.colcon_core.environment:create_environment_scripts_only(rviz_imu_plugin)
[0.427s] Level 1:colcon.colcon_core.environment:checking '/home/sourav/ROS2-Self-Driving-Robot/control/bumperbot_ws/install/rviz_imu_plugin' for CMake module files
[0.428s] Level 1:colcon.colcon_core.environment:checking '/home/sourav/ROS2-Self-Driving-Robot/control/bumperbot_ws/install/rviz_imu_plugin' for CMake config files
[0.429s] DEBUG:colcon.colcon_core.event_handler.log_command:Invoked command in '/home/sourav/ROS2-Self-Driving-Robot/control/bumperbot_ws/build/rviz_imu_plugin' returned '0': CMAKE_PREFIX_PATH=/opt/ros/humble /usr/bin/cmake --install /home/sourav/ROS2-Self-Driving-Robot/control/bumperbot_ws/build/rviz_imu_plugin
[0.429s] Level 1:colcon.colcon_core.shell:create_environment_hook('rviz_imu_plugin', 'cmake_prefix_path')
[0.429s] INFO:colcon.colcon_core.shell:Creating environment hook '/home/sourav/ROS2-Self-Driving-Robot/control/bumperbot_ws/install/rviz_imu_plugin/share/rviz_imu_plugin/hook/cmake_prefix_path.ps1'
[0.430s] INFO:colcon.colcon_core.shell:Creating environment descriptor '/home/sourav/ROS2-Self-Driving-Robot/control/bumperbot_ws/install/rviz_imu_plugin/share/rviz_imu_plugin/hook/cmake_prefix_path.dsv'
[0.430s] INFO:colcon.colcon_core.shell:Creating environment hook '/home/sourav/ROS2-Self-Driving-Robot/control/bumperbot_ws/install/rviz_imu_plugin/share/rviz_imu_plugin/hook/cmake_prefix_path.sh'
[0.431s] Level 1:colcon.colcon_core.environment:checking '/home/sourav/ROS2-Self-Driving-Robot/control/bumperbot_ws/install/rviz_imu_plugin/lib'
[0.431s] Level 1:colcon.colcon_core.shell:create_environment_hook('rviz_imu_plugin', 'ld_library_path_lib')
[0.431s] INFO:colcon.colcon_core.shell:Creating environment hook '/home/sourav/ROS2-Self-Driving-Robot/control/bumperbot_ws/install/rviz_imu_plugin/share/rviz_imu_plugin/hook/ld_library_path_lib.ps1'
[0.432s] INFO:colcon.colcon_core.shell:Creating environment descriptor '/home/sourav/ROS2-Self-Driving-Robot/control/bumperbot_ws/install/rviz_imu_plugin/share/rviz_imu_plugin/hook/ld_library_path_lib.dsv'
[0.432s] INFO:colcon.colcon_core.shell:Creating environment hook '/home/sourav/ROS2-Self-Driving-Robot/control/bumperbot_ws/install/rviz_imu_plugin/share/rviz_imu_plugin/hook/ld_library_path_lib.sh'
[0.433s] Level 1:colcon.colcon_core.environment:checking '/home/sourav/ROS2-Self-Driving-Robot/control/bumperbot_ws/install/rviz_imu_plugin/bin'
[0.433s] Level 1:colcon.colcon_core.environment:checking '/home/sourav/ROS2-Self-Driving-Robot/control/bumperbot_ws/install/rviz_imu_plugin/lib/pkgconfig/rviz_imu_plugin.pc'
[0.433s] Level 1:colcon.colcon_core.environment:checking '/home/sourav/ROS2-Self-Driving-Robot/control/bumperbot_ws/install/rviz_imu_plugin/lib/python3.10/site-packages'
[0.433s] Level 1:colcon.colcon_core.environment:checking '/home/sourav/ROS2-Self-Driving-Robot/control/bumperbot_ws/install/rviz_imu_plugin/bin'
[0.434s] INFO:colcon.colcon_core.shell:Creating package script '/home/sourav/ROS2-Self-Driving-Robot/control/bumperbot_ws/install/rviz_imu_plugin/share/rviz_imu_plugin/package.ps1'
[0.434s] INFO:colcon.colcon_core.shell:Creating package descriptor '/home/sourav/ROS2-Self-Driving-Robot/control/bumperbot_ws/install/rviz_imu_plugin/share/rviz_imu_plugin/package.dsv'
[0.435s] INFO:colcon.colcon_core.shell:Creating package script '/home/sourav/ROS2-Self-Driving-Robot/control/bumperbot_ws/install/rviz_imu_plugin/share/rviz_imu_plugin/package.sh'
[0.435s] INFO:colcon.colcon_core.shell:Creating package script '/home/sourav/ROS2-Self-Driving-Robot/control/bumperbot_ws/install/rviz_imu_plugin/share/rviz_imu_plugin/package.bash'
[0.436s] INFO:colcon.colcon_core.shell:Creating package script '/home/sourav/ROS2-Self-Driving-Robot/control/bumperbot_ws/install/rviz_imu_plugin/share/rviz_imu_plugin/package.zsh'
[0.436s] Level 1:colcon.colcon_core.environment:create_file_with_runtime_dependencies(/home/sourav/ROS2-Self-Driving-Robot/control/bumperbot_ws/install/rviz_imu_plugin/share/colcon-core/packages/rviz_imu_plugin)
[0.437s] Level 1:colcon.colcon_core.environment:create_environment_scripts_only(rviz_imu_plugin)
[0.437s] Level 1:colcon.colcon_core.environment:checking '/home/sourav/ROS2-Self-Driving-Robot/control/bumperbot_ws/install/rviz_imu_plugin' for CMake module files
[0.438s] Level 1:colcon.colcon_core.environment:checking '/home/sourav/ROS2-Self-Driving-Robot/control/bumperbot_ws/install/rviz_imu_plugin' for CMake config files
[0.438s] Level 1:colcon.colcon_core.shell:create_environment_hook('rviz_imu_plugin', 'cmake_prefix_path')
[0.439s] INFO:colcon.colcon_core.shell:Creating environment hook '/home/sourav/ROS2-Self-Driving-Robot/control/bumperbot_ws/install/rviz_imu_plugin/share/rviz_imu_plugin/hook/cmake_prefix_path.ps1'
[0.439s] INFO:colcon.colcon_core.shell:Creating environment descriptor '/home/sourav/ROS2-Self-Driving-Robot/control/bumperbot_ws/install/rviz_imu_plugin/share/rviz_imu_plugin/hook/cmake_prefix_path.dsv'
[0.440s] INFO:colcon.colcon_core.shell:Creating environment hook '/home/sourav/ROS2-Self-Driving-Robot/control/bumperbot_ws/install/rviz_imu_plugin/share/rviz_imu_plugin/hook/cmake_prefix_path.sh'
[0.440s] Level 1:colcon.colcon_core.environment:checking '/home/sourav/ROS2-Self-Driving-Robot/control/bumperbot_ws/install/rviz_imu_plugin/lib'
[0.440s] Level 1:colcon.colcon_core.shell:create_environment_hook('rviz_imu_plugin', 'ld_library_path_lib')
[0.441s] INFO:colcon.colcon_core.shell:Creating environment hook '/home/sourav/ROS2-Self-Driving-Robot/control/bumperbot_ws/install/rviz_imu_plugin/share/rviz_imu_plugin/hook/ld_library_path_lib.ps1'
[0.441s] INFO:colcon.colcon_core.shell:Creating environment descriptor '/home/sourav/ROS2-Self-Driving-Robot/control/bumperbot_ws/install/rviz_imu_plugin/share/rviz_imu_plugin/hook/ld_library_path_lib.dsv'
[0.442s] INFO:colcon.colcon_core.shell:Creating environment hook '/home/sourav/ROS2-Self-Driving-Robot/control/bumperbot_ws/install/rviz_imu_plugin/share/rviz_imu_plugin/hook/ld_library_path_lib.sh'
[0.442s] Level 1:colcon.colcon_core.environment:checking '/home/sourav/ROS2-Self-Driving-Robot/control/bumperbot_ws/install/rviz_imu_plugin/bin'
[0.442s] Level 1:colcon.colcon_core.environment:checking '/home/sourav/ROS2-Self-Driving-Robot/control/bumperbot_ws/install/rviz_imu_plugin/lib/pkgconfig/rviz_imu_plugin.pc'
[0.442s] Level 1:colcon.colcon_core.environment:checking '/home/sourav/ROS2-Self-Driving-Robot/control/bumperbot_ws/install/rviz_imu_plugin/lib/python3.10/site-packages'
[0.443s] Level 1:colcon.colcon_core.environment:checking '/home/sourav/ROS2-Self-Driving-Robot/control/bumperbot_ws/install/rviz_imu_plugin/bin'
[0.443s] INFO:colcon.colcon_core.shell:Creating package script '/home/sourav/ROS2-Self-Driving-Robot/control/bumperbot_ws/install/rviz_imu_plugin/share/rviz_imu_plugin/package.ps1'
[0.444s] INFO:colcon.colcon_core.shell:Creating package descriptor '/home/sourav/ROS2-Self-Driving-Robot/control/bumperbot_ws/install/rviz_imu_plugin/share/rviz_imu_plugin/package.dsv'
[0.444s] INFO:colcon.colcon_core.shell:Creating package script '/home/sourav/ROS2-Self-Driving-Robot/control/bumperbot_ws/install/rviz_imu_plugin/share/rviz_imu_plugin/package.sh'
[0.445s] INFO:colcon.colcon_core.shell:Creating package script '/home/sourav/ROS2-Self-Driving-Robot/control/bumperbot_ws/install/rviz_imu_plugin/share/rviz_imu_plugin/package.bash'
[0.445s] INFO:colcon.colcon_core.shell:Creating package script '/home/sourav/ROS2-Self-Driving-Robot/control/bumperbot_ws/install/rviz_imu_plugin/share/rviz_imu_plugin/package.zsh'
[0.446s] Level 1:colcon.colcon_core.environment:create_file_with_runtime_dependencies(/home/sourav/ROS2-Self-Driving-Robot/control/bumperbot_ws/install/rviz_imu_plugin/share/colcon-core/packages/rviz_imu_plugin)
[0.446s] INFO:colcon.colcon_ros.task.ament_cmake.build:Building ROS package in '/home/sourav/ROS2-Self-Driving-Robot/control/bumperbot_ws/src/imu_tools/imu_tools' with build type 'ament_cmake'
[0.446s] INFO:colcon.colcon_cmake.task.cmake.build:Building CMake package in '/home/sourav/ROS2-Self-Driving-Robot/control/bumperbot_ws/src/imu_tools/imu_tools'
[0.447s] INFO:colcon.colcon_core.shell:Skip shell extension 'powershell' for command environment: Not usable outside of PowerShell
[0.447s] DEBUG:colcon.colcon_core.shell:Skip shell extension 'dsv' for command environment
[0.463s] DEBUG:colcon.colcon_core.event_handler.log_command:Invoking command in '/home/sourav/ROS2-Self-Driving-Robot/control/bumperbot_ws/build/imu_tools': AMENT_PREFIX_PATH=/home/sourav/ROS2-Self-Driving-Robot/control/bumperbot_ws/install/rviz_imu_plugin:/home/sourav/ROS2-Self-Driving-Robot/control/bumperbot_ws/install/imu_filter_madgwick:/home/sourav/ROS2-Self-Driving-Robot/control/bumperbot_ws/install/imu_complementary_filter:${AMENT_PREFIX_PATH} CMAKE_PREFIX_PATH=/home/sourav/ROS2-Self-Driving-Robot/control/bumperbot_ws/install/rviz_imu_plugin:/home/sourav/ROS2-Self-Driving-Robot/control/bumperbot_ws/install/imu_filter_madgwick:/home/sourav/ROS2-Self-Driving-Robot/control/bumperbot_ws/install/imu_complementary_filter:/opt/ros/humble LD_LIBRARY_PATH=/home/sourav/ROS2-Self-Driving-Robot/control/bumperbot_ws/install/rviz_imu_plugin/lib:/home/sourav/ROS2-Self-Driving-Robot/control/bumperbot_ws/install/imu_filter_madgwick/lib:/home/sourav/ROS2-Self-Driving-Robot/control/bumperbot_ws/install/imu_complementary_filter/lib:${LD_LIBRARY_PATH} /usr/bin/cmake --build /home/sourav/ROS2-Self-Driving-Robot/control/bumperbot_ws/build/imu_tools -- -j16 -l16
[0.499s] DEBUG:colcon.colcon_core.event_handler.log_command:Invoked command in '/home/sourav/ROS2-Self-Driving-Robot/control/bumperbot_ws/build/imu_tools' returned '0': AMENT_PREFIX_PATH=/home/sourav/ROS2-Self-Driving-Robot/control/bumperbot_ws/install/rviz_imu_plugin:/home/sourav/ROS2-Self-Driving-Robot/control/bumperbot_ws/install/imu_filter_madgwick:/home/sourav/ROS2-Self-Driving-Robot/control/bumperbot_ws/install/imu_complementary_filter:${AMENT_PREFIX_PATH} CMAKE_PREFIX_PATH=/home/sourav/ROS2-Self-Driving-Robot/control/bumperbot_ws/install/rviz_imu_plugin:/home/sourav/ROS2-Self-Driving-Robot/control/bumperbot_ws/install/imu_filter_madgwick:/home/sourav/ROS2-Self-Driving-Robot/control/bumperbot_ws/install/imu_complementary_filter:/opt/ros/humble LD_LIBRARY_PATH=/home/sourav/ROS2-Self-Driving-Robot/control/bumperbot_ws/install/rviz_imu_plugin/lib:/home/sourav/ROS2-Self-Driving-Robot/control/bumperbot_ws/install/imu_filter_madgwick/lib:/home/sourav/ROS2-Self-Driving-Robot/control/bumperbot_ws/install/imu_complementary_filter/lib:${LD_LIBRARY_PATH} /usr/bin/cmake --build /home/sourav/ROS2-Self-Driving-Robot/control/bumperbot_ws/build/imu_tools -- -j16 -l16
[0.501s] DEBUG:colcon.colcon_core.event_handler.log_command:Invoking command in '/home/sourav/ROS2-Self-Driving-Robot/control/bumperbot_ws/build/imu_tools': AMENT_PREFIX_PATH=/home/sourav/ROS2-Self-Driving-Robot/control/bumperbot_ws/install/rviz_imu_plugin:/home/sourav/ROS2-Self-Driving-Robot/control/bumperbot_ws/install/imu_filter_madgwick:/home/sourav/ROS2-Self-Driving-Robot/control/bumperbot_ws/install/imu_complementary_filter:${AMENT_PREFIX_PATH} CMAKE_PREFIX_PATH=/home/sourav/ROS2-Self-Driving-Robot/control/bumperbot_ws/install/rviz_imu_plugin:/home/sourav/ROS2-Self-Driving-Robot/control/bumperbot_ws/install/imu_filter_madgwick:/home/sourav/ROS2-Self-Driving-Robot/control/bumperbot_ws/install/imu_complementary_filter:/opt/ros/humble LD_LIBRARY_PATH=/home/sourav/ROS2-Self-Driving-Robot/control/bumperbot_ws/install/rviz_imu_plugin/lib:/home/sourav/ROS2-Self-Driving-Robot/control/bumperbot_ws/install/imu_filter_madgwick/lib:/home/sourav/ROS2-Self-Driving-Robot/control/bumperbot_ws/install/imu_complementary_filter/lib:${LD_LIBRARY_PATH} /usr/bin/cmake --install /home/sourav/ROS2-Self-Driving-Robot/control/bumperbot_ws/build/imu_tools
[0.513s] Level 1:colcon.colcon_core.environment:create_environment_scripts_only(imu_tools)
[0.513s] Level 1:colcon.colcon_core.environment:checking '/home/sourav/ROS2-Self-Driving-Robot/control/bumperbot_ws/install/imu_tools' for CMake module files
[0.514s] DEBUG:colcon.colcon_core.event_handler.log_command:Invoked command in '/home/sourav/ROS2-Self-Driving-Robot/control/bumperbot_ws/build/imu_tools' returned '0': AMENT_PREFIX_PATH=/home/sourav/ROS2-Self-Driving-Robot/control/bumperbot_ws/install/rviz_imu_plugin:/home/sourav/ROS2-Self-Driving-Robot/control/bumperbot_ws/install/imu_filter_madgwick:/home/sourav/ROS2-Self-Driving-Robot/control/bumperbot_ws/install/imu_complementary_filter:${AMENT_PREFIX_PATH} CMAKE_PREFIX_PATH=/home/sourav/ROS2-Self-Driving-Robot/control/bumperbot_ws/install/rviz_imu_plugin:/home/sourav/ROS2-Self-Driving-Robot/control/bumperbot_ws/install/imu_filter_madgwick:/home/sourav/ROS2-Self-Driving-Robot/control/bumperbot_ws/install/imu_complementary_filter:/opt/ros/humble LD_LIBRARY_PATH=/home/sourav/ROS2-Self-Driving-Robot/control/bumperbot_ws/install/rviz_imu_plugin/lib:/home/sourav/ROS2-Self-Driving-Robot/control/bumperbot_ws/install/imu_filter_madgwick/lib:/home/sourav/ROS2-Self-Driving-Robot/control/bumperbot_ws/install/imu_complementary_filter/lib:${LD_LIBRARY_PATH} /usr/bin/cmake --install /home/sourav/ROS2-Self-Driving-Robot/control/bumperbot_ws/build/imu_tools
[0.514s] Level 1:colcon.colcon_core.environment:checking '/home/sourav/ROS2-Self-Driving-Robot/control/bumperbot_ws/install/imu_tools' for CMake config files
[0.514s] Level 1:colcon.colcon_core.shell:create_environment_hook('imu_tools', 'cmake_prefix_path')
[0.514s] INFO:colcon.colcon_core.shell:Creating environment hook '/home/sourav/ROS2-Self-Driving-Robot/control/bumperbot_ws/install/imu_tools/share/imu_tools/hook/cmake_prefix_path.ps1'
[0.515s] INFO:colcon.colcon_core.shell:Creating environment descriptor '/home/sourav/ROS2-Self-Driving-Robot/control/bumperbot_ws/install/imu_tools/share/imu_tools/hook/cmake_prefix_path.dsv'
[0.515s] INFO:colcon.colcon_core.shell:Creating environment hook '/home/sourav/ROS2-Self-Driving-Robot/control/bumperbot_ws/install/imu_tools/share/imu_tools/hook/cmake_prefix_path.sh'
[0.516s] Level 1:colcon.colcon_core.environment:checking '/home/sourav/ROS2-Self-Driving-Robot/control/bumperbot_ws/install/imu_tools/bin'
[0.516s] Level 1:colcon.colcon_core.environment:checking '/home/sourav/ROS2-Self-Driving-Robot/control/bumperbot_ws/install/imu_tools/lib/pkgconfig/imu_tools.pc'
[0.516s] Level 1:colcon.colcon_core.environment:checking '/home/sourav/ROS2-Self-Driving-Robot/control/bumperbot_ws/install/imu_tools/lib/python3.10/site-packages'
[0.516s] Level 1:colcon.colcon_core.environment:checking '/home/sourav/ROS2-Self-Driving-Robot/control/bumperbot_ws/install/imu_tools/bin'
[0.516s] INFO:colcon.colcon_core.shell:Creating package script '/home/sourav/ROS2-Self-Driving-Robot/control/bumperbot_ws/install/imu_tools/share/imu_tools/package.ps1'
[0.516s] INFO:colcon.colcon_core.shell:Creating package descriptor '/home/sourav/ROS2-Self-Driving-Robot/control/bumperbot_ws/install/imu_tools/share/imu_tools/package.dsv'
[0.517s] INFO:colcon.colcon_core.shell:Creating package script '/home/sourav/ROS2-Self-Driving-Robot/control/bumperbot_ws/install/imu_tools/share/imu_tools/package.sh'
[0.517s] INFO:colcon.colcon_core.shell:Creating package script '/home/sourav/ROS2-Self-Driving-Robot/control/bumperbot_ws/install/imu_tools/share/imu_tools/package.bash'
[0.517s] INFO:colcon.colcon_core.shell:Creating package script '/home/sourav/ROS2-Self-Driving-Robot/control/bumperbot_ws/install/imu_tools/share/imu_tools/package.zsh'
[0.517s] Level 1:colcon.colcon_core.environment:create_file_with_runtime_dependencies(/home/sourav/ROS2-Self-Driving-Robot/control/bumperbot_ws/install/imu_tools/share/colcon-core/packages/imu_tools)
[0.518s] Level 1:colcon.colcon_core.environment:create_environment_scripts_only(imu_tools)
[0.518s] Level 1:colcon.colcon_core.environment:checking '/home/sourav/ROS2-Self-Driving-Robot/control/bumperbot_ws/install/imu_tools' for CMake module files
[0.518s] Level 1:colcon.colcon_core.environment:checking '/home/sourav/ROS2-Self-Driving-Robot/control/bumperbot_ws/install/imu_tools' for CMake config files
[0.518s] Level 1:colcon.colcon_core.shell:create_environment_hook('imu_tools', 'cmake_prefix_path')
[0.519s] INFO:colcon.colcon_core.shell:Creating environment hook '/home/sourav/ROS2-Self-Driving-Robot/control/bumperbot_ws/install/imu_tools/share/imu_tools/hook/cmake_prefix_path.ps1'
[0.519s] INFO:colcon.colcon_core.shell:Creating environment descriptor '/home/sourav/ROS2-Self-Driving-Robot/control/bumperbot_ws/install/imu_tools/share/imu_tools/hook/cmake_prefix_path.dsv'
[0.519s] INFO:colcon.colcon_core.shell:Creating environment hook '/home/sourav/ROS2-Self-Driving-Robot/control/bumperbot_ws/install/imu_tools/share/imu_tools/hook/cmake_prefix_path.sh'
[0.520s] Level 1:colcon.colcon_core.environment:checking '/home/sourav/ROS2-Self-Driving-Robot/control/bumperbot_ws/install/imu_tools/bin'
[0.520s] Level 1:colcon.colcon_core.environment:checking '/home/sourav/ROS2-Self-Driving-Robot/control/bumperbot_ws/install/imu_tools/lib/pkgconfig/imu_tools.pc'
[0.520s] Level 1:colcon.colcon_core.environment:checking '/home/sourav/ROS2-Self-Driving-Robot/control/bumperbot_ws/install/imu_tools/lib/python3.10/site-packages'
[0.520s] Level 1:colcon.colcon_core.environment:checking '/home/sourav/ROS2-Self-Driving-Robot/control/bumperbot_ws/install/imu_tools/bin'
[0.520s] INFO:colcon.colcon_core.shell:Creating package script '/home/sourav/ROS2-Self-Driving-Robot/control/bumperbot_ws/install/imu_tools/share/imu_tools/package.ps1'
[0.521s] INFO:colcon.colcon_core.shell:Creating package descriptor '/home/sourav/ROS2-Self-Driving-Robot/control/bumperbot_ws/install/imu_tools/share/imu_tools/package.dsv'
[0.521s] INFO:colcon.colcon_core.shell:Creating package script '/home/sourav/ROS2-Self-Driving-Robot/control/bumperbot_ws/install/imu_tools/share/imu_tools/package.sh'
[0.521s] INFO:colcon.colcon_core.shell:Creating package script '/home/sourav/ROS2-Self-Driving-Robot/control/bumperbot_ws/install/imu_tools/share/imu_tools/package.bash'
[0.521s] INFO:colcon.colcon_core.shell:Creating package script '/home/sourav/ROS2-Self-Driving-Robot/control/bumperbot_ws/install/imu_tools/share/imu_tools/package.zsh'
[0.522s] Level 1:colcon.colcon_core.environment:create_file_with_runtime_dependencies(/home/sourav/ROS2-Self-Driving-Robot/control/bumperbot_ws/install/imu_tools/share/colcon-core/packages/imu_tools)
[0.526s] DEBUG:colcon.colcon_core.event_handler.log_command:Invoked command in '/home/sourav/ROS2-Self-Driving-Robot/control/bumperbot_ws/build/bumperbot_controller' returned '0': CMAKE_PREFIX_PATH=/opt/ros/humble /usr/bin/cmake --build /home/sourav/ROS2-Self-Driving-Robot/control/bumperbot_ws/build/bumperbot_controller -- -j16 -l16
[0.527s] DEBUG:colcon.colcon_core.event_handler.log_command:Invoking command in '/home/sourav/ROS2-Self-Driving-Robot/control/bumperbot_ws/build/bumperbot_controller': CMAKE_PREFIX_PATH=/opt/ros/humble /usr/bin/cmake --install /home/sourav/ROS2-Self-Driving-Robot/control/bumperbot_ws/build/bumperbot_controller
[0.531s] DEBUG:colcon.colcon_core.event_handler.log_command:Invoked command in '/home/sourav/ROS2-Self-Driving-Robot/control/bumperbot_ws/build/bumperbot_msgs' returned '0': CMAKE_PREFIX_PATH=/opt/ros/humble /usr/bin/cmake --build /home/sourav/ROS2-Self-Driving-Robot/control/bumperbot_ws/build/bumperbot_msgs -- -j16 -l16
[0.532s] DEBUG:colcon.colcon_core.event_handler.log_command:Invoking command in '/home/sourav/ROS2-Self-Driving-Robot/control/bumperbot_ws/build/bumperbot_msgs': CMAKE_PREFIX_PATH=/opt/ros/humble /usr/bin/cmake --install /home/sourav/ROS2-Self-Driving-Robot/control/bumperbot_ws/build/bumperbot_msgs
[0.548s] DEBUG:colcon.colcon_core.event_handler.log_command:Invoked command in '/home/sourav/ROS2-Self-Driving-Robot/control/bumperbot_ws/build/bumperbot_utils' returned '0': CMAKE_PREFIX_PATH=/opt/ros/humble /usr/bin/cmake --build /home/sourav/ROS2-Self-Driving-Robot/control/bumperbot_ws/build/bumperbot_utils -- -j16 -l16
[0.549s] DEBUG:colcon.colcon_core.event_handler.log_command:Invoking command in '/home/sourav/ROS2-Self-Driving-Robot/control/bumperbot_ws/build/bumperbot_utils': CMAKE_PREFIX_PATH=/opt/ros/humble /usr/bin/cmake --install /home/sourav/ROS2-Self-Driving-Robot/control/bumperbot_ws/build/bumperbot_utils
[0.561s] Level 1:colcon.colcon_core.environment:create_environment_scripts_only(bumperbot_controller)
[0.561s] Level 1:colcon.colcon_core.environment:checking '/home/sourav/ROS2-Self-Driving-Robot/control/bumperbot_ws/install/bumperbot_controller' for CMake module files
[0.562s] DEBUG:colcon.colcon_core.event_handler.log_command:Invoked command in '/home/sourav/ROS2-Self-Driving-Robot/control/bumperbot_ws/build/bumperbot_controller' returned '0': CMAKE_PREFIX_PATH=/opt/ros/humble /usr/bin/cmake --install /home/sourav/ROS2-Self-Driving-Robot/control/bumperbot_ws/build/bumperbot_controller
[0.562s] Level 1:colcon.colcon_core.environment:checking '/home/sourav/ROS2-Self-Driving-Robot/control/bumperbot_ws/install/bumperbot_controller' for CMake config files
[0.563s] Level 1:colcon.colcon_core.shell:create_environment_hook('bumperbot_controller', 'cmake_prefix_path')
[0.563s] INFO:colcon.colcon_core.shell:Creating environment hook '/home/sourav/ROS2-Self-Driving-Robot/control/bumperbot_ws/install/bumperbot_controller/share/bumperbot_controller/hook/cmake_prefix_path.ps1'
[0.565s] INFO:colcon.colcon_core.shell:Creating environment descriptor '/home/sourav/ROS2-Self-Driving-Robot/control/bumperbot_ws/install/bumperbot_controller/share/bumperbot_controller/hook/cmake_prefix_path.dsv'
[0.566s] INFO:colcon.colcon_core.shell:Creating environment hook '/home/sourav/ROS2-Self-Driving-Robot/control/bumperbot_ws/install/bumperbot_controller/share/bumperbot_controller/hook/cmake_prefix_path.sh'
[0.570s] Level 1:colcon.colcon_core.environment:checking '/home/sourav/ROS2-Self-Driving-Robot/control/bumperbot_ws/install/bumperbot_controller/lib'
[0.570s] Level 1:colcon.colcon_core.environment:checking '/home/sourav/ROS2-Self-Driving-Robot/control/bumperbot_ws/install/bumperbot_controller/bin'
[0.570s] Level 1:colcon.colcon_core.environment:checking '/home/sourav/ROS2-Self-Driving-Robot/control/bumperbot_ws/install/bumperbot_controller/lib/pkgconfig/bumperbot_controller.pc'
[0.571s] Level 1:colcon.colcon_core.environment:checking '/home/sourav/ROS2-Self-Driving-Robot/control/bumperbot_ws/install/bumperbot_controller/lib/python3.10/site-packages'
[0.571s] Level 1:colcon.colcon_core.environment:checking '/home/sourav/ROS2-Self-Driving-Robot/control/bumperbot_ws/install/bumperbot_controller/bin'
[0.571s] INFO:colcon.colcon_core.shell:Creating package script '/home/sourav/ROS2-Self-Driving-Robot/control/bumperbot_ws/install/bumperbot_controller/share/bumperbot_controller/package.ps1'
[0.572s] INFO:colcon.colcon_core.shell:Creating package descriptor '/home/sourav/ROS2-Self-Driving-Robot/control/bumperbot_ws/install/bumperbot_controller/share/bumperbot_controller/package.dsv'
[0.573s] INFO:colcon.colcon_core.shell:Creating package script '/home/sourav/ROS2-Self-Driving-Robot/control/bumperbot_ws/install/bumperbot_controller/share/bumperbot_controller/package.sh'
[0.573s] INFO:colcon.colcon_core.shell:Creating package script '/home/sourav/ROS2-Self-Driving-Robot/control/bumperbot_ws/install/bumperbot_controller/share/bumperbot_controller/package.bash'
[0.574s] INFO:colcon.colcon_core.shell:Creating package script '/home/sourav/ROS2-Self-Driving-Robot/control/bumperbot_ws/install/bumperbot_controller/share/bumperbot_controller/package.zsh'
[0.574s] Level 1:colcon.colcon_core.environment:create_file_with_runtime_dependencies(/home/sourav/ROS2-Self-Driving-Robot/control/bumperbot_ws/install/bumperbot_controller/share/colcon-core/packages/bumperbot_controller)
[0.575s] Level 1:colcon.colcon_core.environment:create_environment_scripts_only(bumperbot_controller)
[0.575s] Level 1:colcon.colcon_core.environment:checking '/home/sourav/ROS2-Self-Driving-Robot/control/bumperbot_ws/install/bumperbot_controller' for CMake module files
[0.576s] Level 1:colcon.colcon_core.environment:checking '/home/sourav/ROS2-Self-Driving-Robot/control/bumperbot_ws/install/bumperbot_controller' for CMake config files
[0.576s] Level 1:colcon.colcon_core.shell:create_environment_hook('bumperbot_controller', 'cmake_prefix_path')
[0.576s] INFO:colcon.colcon_core.shell:Creating environment hook '/home/sourav/ROS2-Self-Driving-Robot/control/bumperbot_ws/install/bumperbot_controller/share/bumperbot_controller/hook/cmake_prefix_path.ps1'
[0.577s] INFO:colcon.colcon_core.shell:Creating environment descriptor '/home/sourav/ROS2-Self-Driving-Robot/control/bumperbot_ws/install/bumperbot_controller/share/bumperbot_controller/hook/cmake_prefix_path.dsv'
[0.577s] INFO:colcon.colcon_core.shell:Creating environment hook '/home/sourav/ROS2-Self-Driving-Robot/control/bumperbot_ws/install/bumperbot_controller/share/bumperbot_controller/hook/cmake_prefix_path.sh'
[0.578s] Level 1:colcon.colcon_core.environment:checking '/home/sourav/ROS2-Self-Driving-Robot/control/bumperbot_ws/install/bumperbot_controller/lib'
[0.579s] Level 1:colcon.colcon_core.environment:checking '/home/sourav/ROS2-Self-Driving-Robot/control/bumperbot_ws/install/bumperbot_controller/bin'
[0.579s] Level 1:colcon.colcon_core.environment:checking '/home/sourav/ROS2-Self-Driving-Robot/control/bumperbot_ws/install/bumperbot_controller/lib/pkgconfig/bumperbot_controller.pc'
[0.579s] Level 1:colcon.colcon_core.environment:checking '/home/sourav/ROS2-Self-Driving-Robot/control/bumperbot_ws/install/bumperbot_controller/lib/python3.10/site-packages'
[0.579s] Level 1:colcon.colcon_core.environment:checking '/home/sourav/ROS2-Self-Driving-Robot/control/bumperbot_ws/install/bumperbot_controller/bin'
[0.579s] INFO:colcon.colcon_core.shell:Creating package script '/home/sourav/ROS2-Self-Driving-Robot/control/bumperbot_ws/install/bumperbot_controller/share/bumperbot_controller/package.ps1'
[0.580s] INFO:colcon.colcon_core.shell:Creating package descriptor '/home/sourav/ROS2-Self-Driving-Robot/control/bumperbot_ws/install/bumperbot_controller/share/bumperbot_controller/package.dsv'
[0.580s] INFO:colcon.colcon_core.shell:Creating package script '/home/sourav/ROS2-Self-Driving-Robot/control/bumperbot_ws/install/bumperbot_controller/share/bumperbot_controller/package.sh'
[0.580s] INFO:colcon.colcon_core.shell:Creating package script '/home/sourav/ROS2-Self-Driving-Robot/control/bumperbot_ws/install/bumperbot_controller/share/bumperbot_controller/package.bash'
[0.580s] INFO:colcon.colcon_core.shell:Creating package script '/home/sourav/ROS2-Self-Driving-Robot/control/bumperbot_ws/install/bumperbot_controller/share/bumperbot_controller/package.zsh'
[0.581s] Level 1:colcon.colcon_core.environment:create_file_with_runtime_dependencies(/home/sourav/ROS2-Self-Driving-Robot/control/bumperbot_ws/install/bumperbot_controller/share/colcon-core/packages/bumperbot_controller)
[0.581s] Level 1:colcon.colcon_core.environment:create_environment_scripts_only(bumperbot_utils)
[0.582s] Level 1:colcon.colcon_core.environment:checking '/home/sourav/ROS2-Self-Driving-Robot/control/bumperbot_ws/install/bumperbot_utils' for CMake module files
[0.582s] DEBUG:colcon.colcon_core.event_handler.log_command:Invoked command in '/home/sourav/ROS2-Self-Driving-Robot/control/bumperbot_ws/build/bumperbot_utils' returned '0': CMAKE_PREFIX_PATH=/opt/ros/humble /usr/bin/cmake --install /home/sourav/ROS2-Self-Driving-Robot/control/bumperbot_ws/build/bumperbot_utils
[0.582s] Level 1:colcon.colcon_core.environment:checking '/home/sourav/ROS2-Self-Driving-Robot/control/bumperbot_ws/install/bumperbot_utils' for CMake config files
[0.582s] Level 1:colcon.colcon_core.shell:create_environment_hook('bumperbot_utils', 'cmake_prefix_path')
[0.583s] INFO:colcon.colcon_core.shell:Creating environment hook '/home/sourav/ROS2-Self-Driving-Robot/control/bumperbot_ws/install/bumperbot_utils/share/bumperbot_utils/hook/cmake_prefix_path.ps1'
[0.583s] INFO:colcon.colcon_core.shell:Creating environment descriptor '/home/sourav/ROS2-Self-Driving-Robot/control/bumperbot_ws/install/bumperbot_utils/share/bumperbot_utils/hook/cmake_prefix_path.dsv'
[0.583s] INFO:colcon.colcon_core.shell:Creating environment hook '/home/sourav/ROS2-Self-Driving-Robot/control/bumperbot_ws/install/bumperbot_utils/share/bumperbot_utils/hook/cmake_prefix_path.sh'
[0.583s] Level 1:colcon.colcon_core.environment:checking '/home/sourav/ROS2-Self-Driving-Robot/control/bumperbot_ws/install/bumperbot_utils/lib'
[0.583s] Level 1:colcon.colcon_core.environment:checking '/home/sourav/ROS2-Self-Driving-Robot/control/bumperbot_ws/install/bumperbot_utils/bin'
[0.583s] Level 1:colcon.colcon_core.environment:checking '/home/sourav/ROS2-Self-Driving-Robot/control/bumperbot_ws/install/bumperbot_utils/lib/pkgconfig/bumperbot_utils.pc'
[0.584s] Level 1:colcon.colcon_core.environment:checking '/home/sourav/ROS2-Self-Driving-Robot/control/bumperbot_ws/install/bumperbot_utils/lib/python3.10/site-packages'
[0.584s] Level 1:colcon.colcon_core.environment:checking '/home/sourav/ROS2-Self-Driving-Robot/control/bumperbot_ws/install/bumperbot_utils/bin'
[0.584s] INFO:colcon.colcon_core.shell:Creating package script '/home/sourav/ROS2-Self-Driving-Robot/control/bumperbot_ws/install/bumperbot_utils/share/bumperbot_utils/package.ps1'
[0.584s] INFO:colcon.colcon_core.shell:Creating package descriptor '/home/sourav/ROS2-Self-Driving-Robot/control/bumperbot_ws/install/bumperbot_utils/share/bumperbot_utils/package.dsv'
[0.584s] INFO:colcon.colcon_core.shell:Creating package script '/home/sourav/ROS2-Self-Driving-Robot/control/bumperbot_ws/install/bumperbot_utils/share/bumperbot_utils/package.sh'
[0.585s] INFO:colcon.colcon_core.shell:Creating package script '/home/sourav/ROS2-Self-Driving-Robot/control/bumperbot_ws/install/bumperbot_utils/share/bumperbot_utils/package.bash'
[0.585s] INFO:colcon.colcon_core.shell:Creating package script '/home/sourav/ROS2-Self-Driving-Robot/control/bumperbot_ws/install/bumperbot_utils/share/bumperbot_utils/package.zsh'
[0.585s] Level 1:colcon.colcon_core.environment:create_file_with_runtime_dependencies(/home/sourav/ROS2-Self-Driving-Robot/control/bumperbot_ws/install/bumperbot_utils/share/colcon-core/packages/bumperbot_utils)
[0.585s] Level 1:colcon.colcon_core.environment:create_environment_scripts_only(bumperbot_utils)
[0.586s] Level 1:colcon.colcon_core.environment:checking '/home/sourav/ROS2-Self-Driving-Robot/control/bumperbot_ws/install/bumperbot_utils' for CMake module files
[0.586s] Level 1:colcon.colcon_core.environment:checking '/home/sourav/ROS2-Self-Driving-Robot/control/bumperbot_ws/install/bumperbot_utils' for CMake config files
[0.586s] Level 1:colcon.colcon_core.shell:create_environment_hook('bumperbot_utils', 'cmake_prefix_path')
[0.586s] INFO:colcon.colcon_core.shell:Creating environment hook '/home/sourav/ROS2-Self-Driving-Robot/control/bumperbot_ws/install/bumperbot_utils/share/bumperbot_utils/hook/cmake_prefix_path.ps1'
[0.586s] INFO:colcon.colcon_core.shell:Creating environment descriptor '/home/sourav/ROS2-Self-Driving-Robot/control/bumperbot_ws/install/bumperbot_utils/share/bumperbot_utils/hook/cmake_prefix_path.dsv'
[0.587s] INFO:colcon.colcon_core.shell:Creating environment hook '/home/sourav/ROS2-Self-Driving-Robot/control/bumperbot_ws/install/bumperbot_utils/share/bumperbot_utils/hook/cmake_prefix_path.sh'
[0.587s] Level 1:colcon.colcon_core.environment:checking '/home/sourav/ROS2-Self-Driving-Robot/control/bumperbot_ws/install/bumperbot_utils/lib'
[0.587s] Level 1:colcon.colcon_core.environment:checking '/home/sourav/ROS2-Self-Driving-Robot/control/bumperbot_ws/install/bumperbot_utils/bin'
[0.587s] Level 1:colcon.colcon_core.environment:checking '/home/sourav/ROS2-Self-Driving-Robot/control/bumperbot_ws/install/bumperbot_utils/lib/pkgconfig/bumperbot_utils.pc'
[0.587s] Level 1:colcon.colcon_core.environment:checking '/home/sourav/ROS2-Self-Driving-Robot/control/bumperbot_ws/install/bumperbot_utils/lib/python3.10/site-packages'
[0.587s] Level 1:colcon.colcon_core.environment:checking '/home/sourav/ROS2-Self-Driving-Robot/control/bumperbot_ws/install/bumperbot_utils/bin'
[0.587s] INFO:colcon.colcon_core.shell:Creating package script '/home/sourav/ROS2-Self-Driving-Robot/control/bumperbot_ws/install/bumperbot_utils/share/bumperbot_utils/package.ps1'
[0.588s] INFO:colcon.colcon_core.shell:Creating package descriptor '/home/sourav/ROS2-Self-Driving-Robot/control/bumperbot_ws/install/bumperbot_utils/share/bumperbot_utils/package.dsv'
[0.588s] INFO:colcon.colcon_core.shell:Creating package script '/home/sourav/ROS2-Self-Driving-Robot/control/bumperbot_ws/install/bumperbot_utils/share/bumperbot_utils/package.sh'
[0.588s] INFO:colcon.colcon_core.shell:Creating package script '/home/sourav/ROS2-Self-Driving-Robot/control/bumperbot_ws/install/bumperbot_utils/share/bumperbot_utils/package.bash'
[0.589s] INFO:colcon.colcon_core.shell:Creating package script '/home/sourav/ROS2-Self-Driving-Robot/control/bumperbot_ws/install/bumperbot_utils/share/bumperbot_utils/package.zsh'
[0.589s] Level 1:colcon.colcon_core.environment:create_file_with_runtime_dependencies(/home/sourav/ROS2-Self-Driving-Robot/control/bumperbot_ws/install/bumperbot_utils/share/colcon-core/packages/bumperbot_utils)
[0.589s] Level 1:colcon.colcon_core.environment:create_environment_scripts_only(bumperbot_msgs)
[0.589s] Level 1:colcon.colcon_core.environment:checking '/home/sourav/ROS2-Self-Driving-Robot/control/bumperbot_ws/install/bumperbot_msgs' for CMake module files
[0.590s] Level 1:colcon.colcon_core.environment:checking '/home/sourav/ROS2-Self-Driving-Robot/control/bumperbot_ws/install/bumperbot_msgs' for CMake config files
[0.590s] DEBUG:colcon.colcon_core.event_handler.log_command:Invoked command in '/home/sourav/ROS2-Self-Driving-Robot/control/bumperbot_ws/build/bumperbot_msgs' returned '0': CMAKE_PREFIX_PATH=/opt/ros/humble /usr/bin/cmake --install /home/sourav/ROS2-Self-Driving-Robot/control/bumperbot_ws/build/bumperbot_msgs
[0.590s] Level 1:colcon.colcon_core.shell:create_environment_hook('bumperbot_msgs', 'cmake_prefix_path')
[0.590s] INFO:colcon.colcon_core.shell:Creating environment hook '/home/sourav/ROS2-Self-Driving-Robot/control/bumperbot_ws/install/bumperbot_msgs/share/bumperbot_msgs/hook/cmake_prefix_path.ps1'
[0.590s] INFO:colcon.colcon_core.shell:Creating environment descriptor '/home/sourav/ROS2-Self-Driving-Robot/control/bumperbot_ws/install/bumperbot_msgs/share/bumperbot_msgs/hook/cmake_prefix_path.dsv'
[0.591s] INFO:colcon.colcon_core.shell:Creating environment hook '/home/sourav/ROS2-Self-Driving-Robot/control/bumperbot_ws/install/bumperbot_msgs/share/bumperbot_msgs/hook/cmake_prefix_path.sh'
[0.591s] Level 1:colcon.colcon_core.environment:checking '/home/sourav/ROS2-Self-Driving-Robot/control/bumperbot_ws/install/bumperbot_msgs/lib'
[0.591s] Level 1:colcon.colcon_core.shell:create_environment_hook('bumperbot_msgs', 'ld_library_path_lib')
[0.591s] INFO:colcon.colcon_core.shell:Creating environment hook '/home/sourav/ROS2-Self-Driving-Robot/control/bumperbot_ws/install/bumperbot_msgs/share/bumperbot_msgs/hook/ld_library_path_lib.ps1'
[0.591s] INFO:colcon.colcon_core.shell:Creating environment descriptor '/home/sourav/ROS2-Self-Driving-Robot/control/bumperbot_ws/install/bumperbot_msgs/share/bumperbot_msgs/hook/ld_library_path_lib.dsv'
[0.592s] INFO:colcon.colcon_core.shell:Creating environment hook '/home/sourav/ROS2-Self-Driving-Robot/control/bumperbot_ws/install/bumperbot_msgs/share/bumperbot_msgs/hook/ld_library_path_lib.sh'
[0.592s] Level 1:colcon.colcon_core.environment:checking '/home/sourav/ROS2-Self-Driving-Robot/control/bumperbot_ws/install/bumperbot_msgs/bin'
[0.592s] Level 1:colcon.colcon_core.environment:checking '/home/sourav/ROS2-Self-Driving-Robot/control/bumperbot_ws/install/bumperbot_msgs/lib/pkgconfig/bumperbot_msgs.pc'
[0.592s] Level 1:colcon.colcon_core.environment:checking '/home/sourav/ROS2-Self-Driving-Robot/control/bumperbot_ws/install/bumperbot_msgs/lib/python3.10/site-packages'
[0.592s] Level 1:colcon.colcon_core.environment:checking '/home/sourav/ROS2-Self-Driving-Robot/control/bumperbot_ws/install/bumperbot_msgs/bin'
[0.592s] INFO:colcon.colcon_core.shell:Creating package script '/home/sourav/ROS2-Self-Driving-Robot/control/bumperbot_ws/install/bumperbot_msgs/share/bumperbot_msgs/package.ps1'
[0.593s] INFO:colcon.colcon_core.shell:Creating package descriptor '/home/sourav/ROS2-Self-Driving-Robot/control/bumperbot_ws/install/bumperbot_msgs/share/bumperbot_msgs/package.dsv'
[0.593s] INFO:colcon.colcon_core.shell:Creating package script '/home/sourav/ROS2-Self-Driving-Robot/control/bumperbot_ws/install/bumperbot_msgs/share/bumperbot_msgs/package.sh'
[0.593s] INFO:colcon.colcon_core.shell:Creating package script '/home/sourav/ROS2-Self-Driving-Robot/control/bumperbot_ws/install/bumperbot_msgs/share/bumperbot_msgs/package.bash'
[0.594s] INFO:colcon.colcon_core.shell:Creating package script '/home/sourav/ROS2-Self-Driving-Robot/control/bumperbot_ws/install/bumperbot_msgs/share/bumperbot_msgs/package.zsh'
[0.594s] Level 1:colcon.colcon_core.environment:create_file_with_runtime_dependencies(/home/sourav/ROS2-Self-Driving-Robot/control/bumperbot_ws/install/bumperbot_msgs/share/colcon-core/packages/bumperbot_msgs)
[0.594s] Level 1:colcon.colcon_core.environment:create_environment_scripts_only(bumperbot_msgs)
[0.594s] Level 1:colcon.colcon_core.environment:checking '/home/sourav/ROS2-Self-Driving-Robot/control/bumperbot_ws/install/bumperbot_msgs' for CMake module files
[0.595s] Level 1:colcon.colcon_core.environment:checking '/home/sourav/ROS2-Self-Driving-Robot/control/bumperbot_ws/install/bumperbot_msgs' for CMake config files
[0.596s] Level 1:colcon.colcon_core.shell:create_environment_hook('bumperbot_msgs', 'cmake_prefix_path')
[0.596s] INFO:colcon.colcon_core.shell:Creating environment hook '/home/sourav/ROS2-Self-Driving-Robot/control/bumperbot_ws/install/bumperbot_msgs/share/bumperbot_msgs/hook/cmake_prefix_path.ps1'
[0.597s] INFO:colcon.colcon_core.shell:Creating environment descriptor '/home/sourav/ROS2-Self-Driving-Robot/control/bumperbot_ws/install/bumperbot_msgs/share/bumperbot_msgs/hook/cmake_prefix_path.dsv'
[0.597s] INFO:colcon.colcon_core.shell:Creating environment hook '/home/sourav/ROS2-Self-Driving-Robot/control/bumperbot_ws/install/bumperbot_msgs/share/bumperbot_msgs/hook/cmake_prefix_path.sh'
[0.598s] Level 1:colcon.colcon_core.environment:checking '/home/sourav/ROS2-Self-Driving-Robot/control/bumperbot_ws/install/bumperbot_msgs/lib'
[0.598s] Level 1:colcon.colcon_core.shell:create_environment_hook('bumperbot_msgs', 'ld_library_path_lib')
[0.598s] INFO:colcon.colcon_core.shell:Creating environment hook '/home/sourav/ROS2-Self-Driving-Robot/control/bumperbot_ws/install/bumperbot_msgs/share/bumperbot_msgs/hook/ld_library_path_lib.ps1'
[0.598s] INFO:colcon.colcon_core.shell:Creating environment descriptor '/home/sourav/ROS2-Self-Driving-Robot/control/bumperbot_ws/install/bumperbot_msgs/share/bumperbot_msgs/hook/ld_library_path_lib.dsv'
[0.599s] INFO:colcon.colcon_core.shell:Creating environment hook '/home/sourav/ROS2-Self-Driving-Robot/control/bumperbot_ws/install/bumperbot_msgs/share/bumperbot_msgs/hook/ld_library_path_lib.sh'
[0.599s] Level 1:colcon.colcon_core.environment:checking '/home/sourav/ROS2-Self-Driving-Robot/control/bumperbot_ws/install/bumperbot_msgs/bin'
[0.599s] Level 1:colcon.colcon_core.environment:checking '/home/sourav/ROS2-Self-Driving-Robot/control/bumperbot_ws/install/bumperbot_msgs/lib/pkgconfig/bumperbot_msgs.pc'
[0.600s] Level 1:colcon.colcon_core.environment:checking '/home/sourav/ROS2-Self-Driving-Robot/control/bumperbot_ws/install/bumperbot_msgs/lib/python3.10/site-packages'
[0.600s] Level 1:colcon.colcon_core.environment:checking '/home/sourav/ROS2-Self-Driving-Robot/control/bumperbot_ws/install/bumperbot_msgs/bin'
[0.600s] INFO:colcon.colcon_core.shell:Creating package script '/home/sourav/ROS2-Self-Driving-Robot/control/bumperbot_ws/install/bumperbot_msgs/share/bumperbot_msgs/package.ps1'
[0.601s] INFO:colcon.colcon_core.shell:Creating package descriptor '/home/sourav/ROS2-Self-Driving-Robot/control/bumperbot_ws/install/bumperbot_msgs/share/bumperbot_msgs/package.dsv'
[0.602s] INFO:colcon.colcon_core.shell:Creating package script '/home/sourav/ROS2-Self-Driving-Robot/control/bumperbot_ws/install/bumperbot_msgs/share/bumperbot_msgs/package.sh'
[0.602s] INFO:colcon.colcon_core.shell:Creating package script '/home/sourav/ROS2-Self-Driving-Robot/control/bumperbot_ws/install/bumperbot_msgs/share/bumperbot_msgs/package.bash'
[0.603s] INFO:colcon.colcon_core.shell:Creating package script '/home/sourav/ROS2-Self-Driving-Robot/control/bumperbot_ws/install/bumperbot_msgs/share/bumperbot_msgs/package.zsh'
[0.603s] Level 1:colcon.colcon_core.environment:create_file_with_runtime_dependencies(/home/sourav/ROS2-Self-Driving-Robot/control/bumperbot_ws/install/bumperbot_msgs/share/colcon-core/packages/bumperbot_msgs)
[0.604s] INFO:colcon.colcon_ros.task.ament_cmake.build:Building ROS package in '/home/sourav/ROS2-Self-Driving-Robot/control/bumperbot_ws/src/bumperbot_cpp_examples' with build type 'ament_cmake'
[0.604s] INFO:colcon.colcon_cmake.task.cmake.build:Building CMake package in '/home/sourav/ROS2-Self-Driving-Robot/control/bumperbot_ws/src/bumperbot_cpp_examples'
[0.604s] INFO:colcon.colcon_core.shell:Skip shell extension 'powershell' for command environment: Not usable outside of PowerShell
[0.604s] DEBUG:colcon.colcon_core.shell:Skip shell extension 'dsv' for command environment
[0.608s] INFO:colcon.colcon_ros.task.ament_python.build:Building ROS package in '/home/sourav/ROS2-Self-Driving-Robot/control/bumperbot_ws/src/bumperbot_py_examples' with build type 'ament_python'
[0.608s] Level 1:colcon.colcon_core.shell:create_environment_hook('bumperbot_py_examples', 'ament_prefix_path')
[0.608s] INFO:colcon.colcon_core.shell:Creating environment hook '/home/sourav/ROS2-Self-Driving-Robot/control/bumperbot_ws/install/bumperbot_py_examples/share/bumperbot_py_examples/hook/ament_prefix_path.ps1'
[0.609s] INFO:colcon.colcon_core.shell:Creating environment descriptor '/home/sourav/ROS2-Self-Driving-Robot/control/bumperbot_ws/install/bumperbot_py_examples/share/bumperbot_py_examples/hook/ament_prefix_path.dsv'
[0.609s] INFO:colcon.colcon_core.shell:Creating environment hook '/home/sourav/ROS2-Self-Driving-Robot/control/bumperbot_ws/install/bumperbot_py_examples/share/bumperbot_py_examples/hook/ament_prefix_path.sh'
[0.610s] INFO:colcon.colcon_core.shell:Skip shell extension 'powershell' for command environment: Not usable outside of PowerShell
[0.610s] DEBUG:colcon.colcon_core.shell:Skip shell extension 'dsv' for command environment
[0.618s] DEBUG:colcon.colcon_core.event_handler.log_command:Invoking command in '/home/sourav/ROS2-Self-Driving-Robot/control/bumperbot_ws/build/bumperbot_cpp_examples': AMENT_PREFIX_PATH=/home/sourav/ROS2-Self-Driving-Robot/control/bumperbot_ws/install/bumperbot_msgs:${AMENT_PREFIX_PATH} CMAKE_PREFIX_PATH=/home/sourav/ROS2-Self-Driving-Robot/control/bumperbot_ws/install/bumperbot_msgs:/opt/ros/humble LD_LIBRARY_PATH=/home/sourav/ROS2-Self-Driving-Robot/control/bumperbot_ws/install/bumperbot_msgs/lib:${LD_LIBRARY_PATH} PYTHONPATH=/home/sourav/ROS2-Self-Driving-Robot/control/bumperbot_ws/install/bumperbot_msgs/local/lib/python3.10/dist-packages:${PYTHONPATH} /usr/bin/cmake --build /home/sourav/ROS2-Self-Driving-Robot/control/bumperbot_ws/build/bumperbot_cpp_examples -- -j16 -l16
[0.782s] INFO:colcon.colcon_core.task.python.build:Building Python package in '/home/sourav/ROS2-Self-Driving-Robot/control/bumperbot_ws/src/bumperbot_py_examples'
[0.782s] INFO:colcon.colcon_core.shell:Skip shell extension 'powershell' for command environment: Not usable outside of PowerShell
[0.782s] DEBUG:colcon.colcon_core.shell:Skip shell extension 'dsv' for command environment
[0.785s] DEBUG:colcon.colcon_core.event_handler.log_command:Invoked command in '/home/sourav/ROS2-Self-Driving-Robot/control/bumperbot_ws/build/bumperbot_firmware' returned '0': CMAKE_PREFIX_PATH=/opt/ros/humble /usr/bin/cmake --build /home/sourav/ROS2-Self-Driving-Robot/control/bumperbot_ws/build/bumperbot_firmware -- -j16 -l16
[0.786s] DEBUG:colcon.colcon_core.event_handler.log_command:Invoking command in '/home/sourav/ROS2-Self-Driving-Robot/control/bumperbot_ws/build/bumperbot_firmware': CMAKE_PREFIX_PATH=/opt/ros/humble /usr/bin/cmake --install /home/sourav/ROS2-Self-Driving-Robot/control/bumperbot_ws/build/bumperbot_firmware
[0.787s] DEBUG:colcon.colcon_core.event_handler.log_command:Invoked command in '/home/sourav/ROS2-Self-Driving-Robot/control/bumperbot_ws/build/bumperbot_localization' returned '0': CMAKE_PREFIX_PATH=/opt/ros/humble /usr/bin/cmake --build /home/sourav/ROS2-Self-Driving-Robot/control/bumperbot_ws/build/bumperbot_localization -- -j16 -l16
[0.787s] DEBUG:colcon.colcon_core.event_handler.log_command:Invoking command in '/home/sourav/ROS2-Self-Driving-Robot/control/bumperbot_ws/build/bumperbot_localization': CMAKE_PREFIX_PATH=/opt/ros/humble /usr/bin/cmake --install /home/sourav/ROS2-Self-Driving-Robot/control/bumperbot_ws/build/bumperbot_localization
[0.788s] DEBUG:colcon.colcon_core.event_handler.log_command:Invoked command in '/home/sourav/ROS2-Self-Driving-Robot/control/bumperbot_ws/build/bumperbot_cpp_examples' returned '0': AMENT_PREFIX_PATH=/home/sourav/ROS2-Self-Driving-Robot/control/bumperbot_ws/install/bumperbot_msgs:${AMENT_PREFIX_PATH} CMAKE_PREFIX_PATH=/home/sourav/ROS2-Self-Driving-Robot/control/bumperbot_ws/install/bumperbot_msgs:/opt/ros/humble LD_LIBRARY_PATH=/home/sourav/ROS2-Self-Driving-Robot/control/bumperbot_ws/install/bumperbot_msgs/lib:${LD_LIBRARY_PATH} PYTHONPATH=/home/sourav/ROS2-Self-Driving-Robot/control/bumperbot_ws/install/bumperbot_msgs/local/lib/python3.10/dist-packages:${PYTHONPATH} /usr/bin/cmake --build /home/sourav/ROS2-Self-Driving-Robot/control/bumperbot_ws/build/bumperbot_cpp_examples -- -j16 -l16
[0.789s] DEBUG:colcon.colcon_core.event_handler.log_command:Invoking command in '/home/sourav/ROS2-Self-Driving-Robot/control/bumperbot_ws/build/bumperbot_cpp_examples': AMENT_PREFIX_PATH=/home/sourav/ROS2-Self-Driving-Robot/control/bumperbot_ws/install/bumperbot_msgs:${AMENT_PREFIX_PATH} CMAKE_PREFIX_PATH=/home/sourav/ROS2-Self-Driving-Robot/control/bumperbot_ws/install/bumperbot_msgs:/opt/ros/humble LD_LIBRARY_PATH=/home/sourav/ROS2-Self-Driving-Robot/control/bumperbot_ws/install/bumperbot_msgs/lib:${LD_LIBRARY_PATH} PYTHONPATH=/home/sourav/ROS2-Self-Driving-Robot/control/bumperbot_ws/install/bumperbot_msgs/local/lib/python3.10/dist-packages:${PYTHONPATH} /usr/bin/cmake --install /home/sourav/ROS2-Self-Driving-Robot/control/bumperbot_ws/build/bumperbot_cpp_examples
[0.799s] Level 1:colcon.colcon_core.environment:create_environment_scripts_only(bumperbot_cpp_examples)
[0.800s] Level 1:colcon.colcon_core.environment:checking '/home/sourav/ROS2-Self-Driving-Robot/control/bumperbot_ws/install/bumperbot_cpp_examples' for CMake module files
[0.800s] DEBUG:colcon.colcon_core.event_handler.log_command:Invoked command in '/home/sourav/ROS2-Self-Driving-Robot/control/bumperbot_ws/build/bumperbot_cpp_examples' returned '0': AMENT_PREFIX_PATH=/home/sourav/ROS2-Self-Driving-Robot/control/bumperbot_ws/install/bumperbot_msgs:${AMENT_PREFIX_PATH} CMAKE_PREFIX_PATH=/home/sourav/ROS2-Self-Driving-Robot/control/bumperbot_ws/install/bumperbot_msgs:/opt/ros/humble LD_LIBRARY_PATH=/home/sourav/ROS2-Self-Driving-Robot/control/bumperbot_ws/install/bumperbot_msgs/lib:${LD_LIBRARY_PATH} PYTHONPATH=/home/sourav/ROS2-Self-Driving-Robot/control/bumperbot_ws/install/bumperbot_msgs/local/lib/python3.10/dist-packages:${PYTHONPATH} /usr/bin/cmake --install /home/sourav/ROS2-Self-Driving-Robot/control/bumperbot_ws/build/bumperbot_cpp_examples
[0.801s] Level 1:colcon.colcon_core.environment:checking '/home/sourav/ROS2-Self-Driving-Robot/control/bumperbot_ws/install/bumperbot_cpp_examples' for CMake config files
[0.801s] Level 1:colcon.colcon_core.shell:create_environment_hook('bumperbot_cpp_examples', 'cmake_prefix_path')
[0.801s] INFO:colcon.colcon_core.shell:Creating environment hook '/home/sourav/ROS2-Self-Driving-Robot/control/bumperbot_ws/install/bumperbot_cpp_examples/share/bumperbot_cpp_examples/hook/cmake_prefix_path.ps1'
[0.802s] INFO:colcon.colcon_core.shell:Creating environment descriptor '/home/sourav/ROS2-Self-Driving-Robot/control/bumperbot_ws/install/bumperbot_cpp_examples/share/bumperbot_cpp_examples/hook/cmake_prefix_path.dsv'
[0.802s] INFO:colcon.colcon_core.shell:Creating environment hook '/home/sourav/ROS2-Self-Driving-Robot/control/bumperbot_ws/install/bumperbot_cpp_examples/share/bumperbot_cpp_examples/hook/cmake_prefix_path.sh'
[0.803s] Level 1:colcon.colcon_core.environment:checking '/home/sourav/ROS2-Self-Driving-Robot/control/bumperbot_ws/install/bumperbot_cpp_examples/lib'
[0.803s] Level 1:colcon.colcon_core.environment:checking '/home/sourav/ROS2-Self-Driving-Robot/control/bumperbot_ws/install/bumperbot_cpp_examples/bin'
[0.803s] Level 1:colcon.colcon_core.environment:checking '/home/sourav/ROS2-Self-Driving-Robot/control/bumperbot_ws/install/bumperbot_cpp_examples/lib/pkgconfig/bumperbot_cpp_examples.pc'
[0.803s] Level 1:colcon.colcon_core.environment:checking '/home/sourav/ROS2-Self-Driving-Robot/control/bumperbot_ws/install/bumperbot_cpp_examples/lib/python3.10/site-packages'
[0.804s] Level 1:colcon.colcon_core.environment:checking '/home/sourav/ROS2-Self-Driving-Robot/control/bumperbot_ws/install/bumperbot_cpp_examples/bin'
[0.804s] INFO:colcon.colcon_core.shell:Creating package script '/home/sourav/ROS2-Self-Driving-Robot/control/bumperbot_ws/install/bumperbot_cpp_examples/share/bumperbot_cpp_examples/package.ps1'
[0.804s] INFO:colcon.colcon_core.shell:Creating package descriptor '/home/sourav/ROS2-Self-Driving-Robot/control/bumperbot_ws/install/bumperbot_cpp_examples/share/bumperbot_cpp_examples/package.dsv'
[0.805s] INFO:colcon.colcon_core.shell:Creating package script '/home/sourav/ROS2-Self-Driving-Robot/control/bumperbot_ws/install/bumperbot_cpp_examples/share/bumperbot_cpp_examples/package.sh'
[0.805s] INFO:colcon.colcon_core.shell:Creating package script '/home/sourav/ROS2-Self-Driving-Robot/control/bumperbot_ws/install/bumperbot_cpp_examples/share/bumperbot_cpp_examples/package.bash'
[0.805s] INFO:colcon.colcon_core.shell:Creating package script '/home/sourav/ROS2-Self-Driving-Robot/control/bumperbot_ws/install/bumperbot_cpp_examples/share/bumperbot_cpp_examples/package.zsh'
[0.806s] Level 1:colcon.colcon_core.environment:create_file_with_runtime_dependencies(/home/sourav/ROS2-Self-Driving-Robot/control/bumperbot_ws/install/bumperbot_cpp_examples/share/colcon-core/packages/bumperbot_cpp_examples)
[0.806s] Level 1:colcon.colcon_core.environment:create_environment_scripts_only(bumperbot_cpp_examples)
[0.807s] Level 1:colcon.colcon_core.environment:checking '/home/sourav/ROS2-Self-Driving-Robot/control/bumperbot_ws/install/bumperbot_cpp_examples' for CMake module files
[0.807s] Level 1:colcon.colcon_core.environment:checking '/home/sourav/ROS2-Self-Driving-Robot/control/bumperbot_ws/install/bumperbot_cpp_examples' for CMake config files
[0.808s] Level 1:colcon.colcon_core.shell:create_environment_hook('bumperbot_cpp_examples', 'cmake_prefix_path')
[0.808s] INFO:colcon.colcon_core.shell:Creating environment hook '/home/sourav/ROS2-Self-Driving-Robot/control/bumperbot_ws/install/bumperbot_cpp_examples/share/bumperbot_cpp_examples/hook/cmake_prefix_path.ps1'
[0.808s] INFO:colcon.colcon_core.shell:Creating environment descriptor '/home/sourav/ROS2-Self-Driving-Robot/control/bumperbot_ws/install/bumperbot_cpp_examples/share/bumperbot_cpp_examples/hook/cmake_prefix_path.dsv'
[0.808s] INFO:colcon.colcon_core.shell:Creating environment hook '/home/sourav/ROS2-Self-Driving-Robot/control/bumperbot_ws/install/bumperbot_cpp_examples/share/bumperbot_cpp_examples/hook/cmake_prefix_path.sh'
[0.809s] Level 1:colcon.colcon_core.environment:checking '/home/sourav/ROS2-Self-Driving-Robot/control/bumperbot_ws/install/bumperbot_cpp_examples/lib'
[0.809s] Level 1:colcon.colcon_core.environment:checking '/home/sourav/ROS2-Self-Driving-Robot/control/bumperbot_ws/install/bumperbot_cpp_examples/bin'
[0.809s] Level 1:colcon.colcon_core.environment:checking '/home/sourav/ROS2-Self-Driving-Robot/control/bumperbot_ws/install/bumperbot_cpp_examples/lib/pkgconfig/bumperbot_cpp_examples.pc'
[0.809s] Level 1:colcon.colcon_core.environment:checking '/home/sourav/ROS2-Self-Driving-Robot/control/bumperbot_ws/install/bumperbot_cpp_examples/lib/python3.10/site-packages'
[0.810s] Level 1:colcon.colcon_core.environment:checking '/home/sourav/ROS2-Self-Driving-Robot/control/bumperbot_ws/install/bumperbot_cpp_examples/bin'
[0.810s] INFO:colcon.colcon_core.shell:Creating package script '/home/sourav/ROS2-Self-Driving-Robot/control/bumperbot_ws/install/bumperbot_cpp_examples/share/bumperbot_cpp_examples/package.ps1'
[0.810s] INFO:colcon.colcon_core.shell:Creating package descriptor '/home/sourav/ROS2-Self-Driving-Robot/control/bumperbot_ws/install/bumperbot_cpp_examples/share/bumperbot_cpp_examples/package.dsv'
[0.811s] INFO:colcon.colcon_core.shell:Creating package script '/home/sourav/ROS2-Self-Driving-Robot/control/bumperbot_ws/install/bumperbot_cpp_examples/share/bumperbot_cpp_examples/package.sh'
[0.812s] INFO:colcon.colcon_core.shell:Creating package script '/home/sourav/ROS2-Self-Driving-Robot/control/bumperbot_ws/install/bumperbot_cpp_examples/share/bumperbot_cpp_examples/package.bash'
[0.812s] INFO:colcon.colcon_core.shell:Creating package script '/home/sourav/ROS2-Self-Driving-Robot/control/bumperbot_ws/install/bumperbot_cpp_examples/share/bumperbot_cpp_examples/package.zsh'
[0.812s] Level 1:colcon.colcon_core.environment:create_file_with_runtime_dependencies(/home/sourav/ROS2-Self-Driving-Robot/control/bumperbot_ws/install/bumperbot_cpp_examples/share/colcon-core/packages/bumperbot_cpp_examples)
[0.818s] Level 1:colcon.colcon_core.environment:create_environment_scripts_only(bumperbot_firmware)
[0.818s] Level 1:colcon.colcon_core.environment:checking '/home/sourav/ROS2-Self-Driving-Robot/control/bumperbot_ws/install/bumperbot_firmware' for CMake module files
[0.819s] DEBUG:colcon.colcon_core.event_handler.log_command:Invoked command in '/home/sourav/ROS2-Self-Driving-Robot/control/bumperbot_ws/build/bumperbot_firmware' returned '0': CMAKE_PREFIX_PATH=/opt/ros/humble /usr/bin/cmake --install /home/sourav/ROS2-Self-Driving-Robot/control/bumperbot_ws/build/bumperbot_firmware
[0.819s] Level 1:colcon.colcon_core.environment:checking '/home/sourav/ROS2-Self-Driving-Robot/control/bumperbot_ws/install/bumperbot_firmware' for CMake config files
[0.820s] Level 1:colcon.colcon_core.shell:create_environment_hook('bumperbot_firmware', 'cmake_prefix_path')
[0.820s] INFO:colcon.colcon_core.shell:Creating environment hook '/home/sourav/ROS2-Self-Driving-Robot/control/bumperbot_ws/install/bumperbot_firmware/share/bumperbot_firmware/hook/cmake_prefix_path.ps1'
[0.820s] INFO:colcon.colcon_core.shell:Creating environment descriptor '/home/sourav/ROS2-Self-Driving-Robot/control/bumperbot_ws/install/bumperbot_firmware/share/bumperbot_firmware/hook/cmake_prefix_path.dsv'
[0.821s] INFO:colcon.colcon_core.shell:Creating environment hook '/home/sourav/ROS2-Self-Driving-Robot/control/bumperbot_ws/install/bumperbot_firmware/share/bumperbot_firmware/hook/cmake_prefix_path.sh'
[0.821s] Level 1:colcon.colcon_core.environment:checking '/home/sourav/ROS2-Self-Driving-Robot/control/bumperbot_ws/install/bumperbot_firmware/lib'
[0.821s] Level 1:colcon.colcon_core.shell:create_environment_hook('bumperbot_firmware', 'ld_library_path_lib')
[0.822s] INFO:colcon.colcon_core.shell:Creating environment hook '/home/sourav/ROS2-Self-Driving-Robot/control/bumperbot_ws/install/bumperbot_firmware/share/bumperbot_firmware/hook/ld_library_path_lib.ps1'
[0.822s] INFO:colcon.colcon_core.shell:Creating environment descriptor '/home/sourav/ROS2-Self-Driving-Robot/control/bumperbot_ws/install/bumperbot_firmware/share/bumperbot_firmware/hook/ld_library_path_lib.dsv'
[0.822s] INFO:colcon.colcon_core.shell:Creating environment hook '/home/sourav/ROS2-Self-Driving-Robot/control/bumperbot_ws/install/bumperbot_firmware/share/bumperbot_firmware/hook/ld_library_path_lib.sh'
[0.823s] Level 1:colcon.colcon_core.environment:checking '/home/sourav/ROS2-Self-Driving-Robot/control/bumperbot_ws/install/bumperbot_firmware/bin'
[0.823s] Level 1:colcon.colcon_core.environment:checking '/home/sourav/ROS2-Self-Driving-Robot/control/bumperbot_ws/install/bumperbot_firmware/lib/pkgconfig/bumperbot_firmware.pc'
[0.823s] Level 1:colcon.colcon_core.environment:checking '/home/sourav/ROS2-Self-Driving-Robot/control/bumperbot_ws/install/bumperbot_firmware/lib/python3.10/site-packages'
[0.823s] Level 1:colcon.colcon_core.environment:checking '/home/sourav/ROS2-Self-Driving-Robot/control/bumperbot_ws/install/bumperbot_firmware/bin'
[0.824s] INFO:colcon.colcon_core.shell:Creating package script '/home/sourav/ROS2-Self-Driving-Robot/control/bumperbot_ws/install/bumperbot_firmware/share/bumperbot_firmware/package.ps1'
[0.824s] INFO:colcon.colcon_core.shell:Creating package descriptor '/home/sourav/ROS2-Self-Driving-Robot/control/bumperbot_ws/install/bumperbot_firmware/share/bumperbot_firmware/package.dsv'
[0.826s] INFO:colcon.colcon_core.shell:Creating package script '/home/sourav/ROS2-Self-Driving-Robot/control/bumperbot_ws/install/bumperbot_firmware/share/bumperbot_firmware/package.sh'
[0.826s] INFO:colcon.colcon_core.shell:Creating package script '/home/sourav/ROS2-Self-Driving-Robot/control/bumperbot_ws/install/bumperbot_firmware/share/bumperbot_firmware/package.bash'
[0.827s] INFO:colcon.colcon_core.shell:Creating package script '/home/sourav/ROS2-Self-Driving-Robot/control/bumperbot_ws/install/bumperbot_firmware/share/bumperbot_firmware/package.zsh'
[0.827s] Level 1:colcon.colcon_core.environment:create_file_with_runtime_dependencies(/home/sourav/ROS2-Self-Driving-Robot/control/bumperbot_ws/install/bumperbot_firmware/share/colcon-core/packages/bumperbot_firmware)
[0.828s] Level 1:colcon.colcon_core.environment:create_environment_scripts_only(bumperbot_firmware)
[0.828s] Level 1:colcon.colcon_core.environment:checking '/home/sourav/ROS2-Self-Driving-Robot/control/bumperbot_ws/install/bumperbot_firmware' for CMake module files
[0.829s] Level 1:colcon.colcon_core.environment:checking '/home/sourav/ROS2-Self-Driving-Robot/control/bumperbot_ws/install/bumperbot_firmware' for CMake config files
[0.829s] Level 1:colcon.colcon_core.shell:create_environment_hook('bumperbot_firmware', 'cmake_prefix_path')
[0.829s] INFO:colcon.colcon_core.shell:Creating environment hook '/home/sourav/ROS2-Self-Driving-Robot/control/bumperbot_ws/install/bumperbot_firmware/share/bumperbot_firmware/hook/cmake_prefix_path.ps1'
[0.830s] INFO:colcon.colcon_core.shell:Creating environment descriptor '/home/sourav/ROS2-Self-Driving-Robot/control/bumperbot_ws/install/bumperbot_firmware/share/bumperbot_firmware/hook/cmake_prefix_path.dsv'
[0.830s] INFO:colcon.colcon_core.shell:Creating environment hook '/home/sourav/ROS2-Self-Driving-Robot/control/bumperbot_ws/install/bumperbot_firmware/share/bumperbot_firmware/hook/cmake_prefix_path.sh'
[0.831s] Level 1:colcon.colcon_core.environment:checking '/home/sourav/ROS2-Self-Driving-Robot/control/bumperbot_ws/install/bumperbot_firmware/lib'
[0.831s] Level 1:colcon.colcon_core.shell:create_environment_hook('bumperbot_firmware', 'ld_library_path_lib')
[0.831s] INFO:colcon.colcon_core.shell:Creating environment hook '/home/sourav/ROS2-Self-Driving-Robot/control/bumperbot_ws/install/bumperbot_firmware/share/bumperbot_firmware/hook/ld_library_path_lib.ps1'
[0.831s] INFO:colcon.colcon_core.shell:Creating environment descriptor '/home/sourav/ROS2-Self-Driving-Robot/control/bumperbot_ws/install/bumperbot_firmware/share/bumperbot_firmware/hook/ld_library_path_lib.dsv'
[0.831s] INFO:colcon.colcon_core.shell:Creating environment hook '/home/sourav/ROS2-Self-Driving-Robot/control/bumperbot_ws/install/bumperbot_firmware/share/bumperbot_firmware/hook/ld_library_path_lib.sh'
[0.831s] Level 1:colcon.colcon_core.environment:checking '/home/sourav/ROS2-Self-Driving-Robot/control/bumperbot_ws/install/bumperbot_firmware/bin'
[0.832s] Level 1:colcon.colcon_core.environment:checking '/home/sourav/ROS2-Self-Driving-Robot/control/bumperbot_ws/install/bumperbot_firmware/lib/pkgconfig/bumperbot_firmware.pc'
[0.832s] Level 1:colcon.colcon_core.environment:checking '/home/sourav/ROS2-Self-Driving-Robot/control/bumperbot_ws/install/bumperbot_firmware/lib/python3.10/site-packages'
[0.832s] Level 1:colcon.colcon_core.environment:checking '/home/sourav/ROS2-Self-Driving-Robot/control/bumperbot_ws/install/bumperbot_firmware/bin'
[0.832s] INFO:colcon.colcon_core.shell:Creating package script '/home/sourav/ROS2-Self-Driving-Robot/control/bumperbot_ws/install/bumperbot_firmware/share/bumperbot_firmware/package.ps1'
[0.832s] INFO:colcon.colcon_core.shell:Creating package descriptor '/home/sourav/ROS2-Self-Driving-Robot/control/bumperbot_ws/install/bumperbot_firmware/share/bumperbot_firmware/package.dsv'
[0.833s] INFO:colcon.colcon_core.shell:Creating package script '/home/sourav/ROS2-Self-Driving-Robot/control/bumperbot_ws/install/bumperbot_firmware/share/bumperbot_firmware/package.sh'
[0.833s] INFO:colcon.colcon_core.shell:Creating package script '/home/sourav/ROS2-Self-Driving-Robot/control/bumperbot_ws/install/bumperbot_firmware/share/bumperbot_firmware/package.bash'
[0.833s] INFO:colcon.colcon_core.shell:Creating package script '/home/sourav/ROS2-Self-Driving-Robot/control/bumperbot_ws/install/bumperbot_firmware/share/bumperbot_firmware/package.zsh'
[0.833s] Level 1:colcon.colcon_core.environment:create_file_with_runtime_dependencies(/home/sourav/ROS2-Self-Driving-Robot/control/bumperbot_ws/install/bumperbot_firmware/share/colcon-core/packages/bumperbot_firmware)
[0.834s] Level 1:colcon.colcon_core.environment:create_environment_scripts_only(bumperbot_localization)
[0.834s] Level 1:colcon.colcon_core.environment:checking '/home/sourav/ROS2-Self-Driving-Robot/control/bumperbot_ws/install/bumperbot_localization' for CMake module files
[0.835s] DEBUG:colcon.colcon_core.event_handler.log_command:Invoked command in '/home/sourav/ROS2-Self-Driving-Robot/control/bumperbot_ws/build/bumperbot_localization' returned '0': CMAKE_PREFIX_PATH=/opt/ros/humble /usr/bin/cmake --install /home/sourav/ROS2-Self-Driving-Robot/control/bumperbot_ws/build/bumperbot_localization
[0.835s] Level 1:colcon.colcon_core.environment:checking '/home/sourav/ROS2-Self-Driving-Robot/control/bumperbot_ws/install/bumperbot_localization' for CMake config files
[0.836s] Level 1:colcon.colcon_core.shell:create_environment_hook('bumperbot_localization', 'cmake_prefix_path')
[0.836s] INFO:colcon.colcon_core.shell:Creating environment hook '/home/sourav/ROS2-Self-Driving-Robot/control/bumperbot_ws/install/bumperbot_localization/share/bumperbot_localization/hook/cmake_prefix_path.ps1'
[0.836s] INFO:colcon.colcon_core.shell:Creating environment descriptor '/home/sourav/ROS2-Self-Driving-Robot/control/bumperbot_ws/install/bumperbot_localization/share/bumperbot_localization/hook/cmake_prefix_path.dsv'
[0.837s] INFO:colcon.colcon_core.shell:Creating environment hook '/home/sourav/ROS2-Self-Driving-Robot/control/bumperbot_ws/install/bumperbot_localization/share/bumperbot_localization/hook/cmake_prefix_path.sh'
[0.837s] Level 1:colcon.colcon_core.environment:checking '/home/sourav/ROS2-Self-Driving-Robot/control/bumperbot_ws/install/bumperbot_localization/lib'
[0.837s] Level 1:colcon.colcon_core.environment:checking '/home/sourav/ROS2-Self-Driving-Robot/control/bumperbot_ws/install/bumperbot_localization/bin'
[0.837s] Level 1:colcon.colcon_core.environment:checking '/home/sourav/ROS2-Self-Driving-Robot/control/bumperbot_ws/install/bumperbot_localization/lib/pkgconfig/bumperbot_localization.pc'
[0.838s] Level 1:colcon.colcon_core.environment:checking '/home/sourav/ROS2-Self-Driving-Robot/control/bumperbot_ws/install/bumperbot_localization/lib/python3.10/site-packages'
[0.838s] Level 1:colcon.colcon_core.environment:checking '/home/sourav/ROS2-Self-Driving-Robot/control/bumperbot_ws/install/bumperbot_localization/bin'
[0.838s] INFO:colcon.colcon_core.shell:Creating package script '/home/sourav/ROS2-Self-Driving-Robot/control/bumperbot_ws/install/bumperbot_localization/share/bumperbot_localization/package.ps1'
[0.839s] INFO:colcon.colcon_core.shell:Creating package descriptor '/home/sourav/ROS2-Self-Driving-Robot/control/bumperbot_ws/install/bumperbot_localization/share/bumperbot_localization/package.dsv'
[0.839s] INFO:colcon.colcon_core.shell:Creating package script '/home/sourav/ROS2-Self-Driving-Robot/control/bumperbot_ws/install/bumperbot_localization/share/bumperbot_localization/package.sh'
[0.839s] INFO:colcon.colcon_core.shell:Creating package script '/home/sourav/ROS2-Self-Driving-Robot/control/bumperbot_ws/install/bumperbot_localization/share/bumperbot_localization/package.bash'
[0.840s] INFO:colcon.colcon_core.shell:Creating package script '/home/sourav/ROS2-Self-Driving-Robot/control/bumperbot_ws/install/bumperbot_localization/share/bumperbot_localization/package.zsh'
[0.840s] Level 1:colcon.colcon_core.environment:create_file_with_runtime_dependencies(/home/sourav/ROS2-Self-Driving-Robot/control/bumperbot_ws/install/bumperbot_localization/share/colcon-core/packages/bumperbot_localization)
[0.841s] Level 1:colcon.colcon_core.environment:create_environment_scripts_only(bumperbot_localization)
[0.841s] Level 1:colcon.colcon_core.environment:checking '/home/sourav/ROS2-Self-Driving-Robot/control/bumperbot_ws/install/bumperbot_localization' for CMake module files
[0.842s] Level 1:colcon.colcon_core.environment:checking '/home/sourav/ROS2-Self-Driving-Robot/control/bumperbot_ws/install/bumperbot_localization' for CMake config files
[0.842s] Level 1:colcon.colcon_core.shell:create_environment_hook('bumperbot_localization', 'cmake_prefix_path')
[0.842s] INFO:colcon.colcon_core.shell:Creating environment hook '/home/sourav/ROS2-Self-Driving-Robot/control/bumperbot_ws/install/bumperbot_localization/share/bumperbot_localization/hook/cmake_prefix_path.ps1'
[0.843s] INFO:colcon.colcon_core.shell:Creating environment descriptor '/home/sourav/ROS2-Self-Driving-Robot/control/bumperbot_ws/install/bumperbot_localization/share/bumperbot_localization/hook/cmake_prefix_path.dsv'
[0.843s] INFO:colcon.colcon_core.shell:Creating environment hook '/home/sourav/ROS2-Self-Driving-Robot/control/bumperbot_ws/install/bumperbot_localization/share/bumperbot_localization/hook/cmake_prefix_path.sh'
[0.844s] Level 1:colcon.colcon_core.environment:checking '/home/sourav/ROS2-Self-Driving-Robot/control/bumperbot_ws/install/bumperbot_localization/lib'
[0.844s] Level 1:colcon.colcon_core.environment:checking '/home/sourav/ROS2-Self-Driving-Robot/control/bumperbot_ws/install/bumperbot_localization/bin'
[0.844s] Level 1:colcon.colcon_core.environment:checking '/home/sourav/ROS2-Self-Driving-Robot/control/bumperbot_ws/install/bumperbot_localization/lib/pkgconfig/bumperbot_localization.pc'
[0.844s] Level 1:colcon.colcon_core.environment:checking '/home/sourav/ROS2-Self-Driving-Robot/control/bumperbot_ws/install/bumperbot_localization/lib/python3.10/site-packages'
[0.844s] Level 1:colcon.colcon_core.environment:checking '/home/sourav/ROS2-Self-Driving-Robot/control/bumperbot_ws/install/bumperbot_localization/bin'
[0.845s] INFO:colcon.colcon_core.shell:Creating package script '/home/sourav/ROS2-Self-Driving-Robot/control/bumperbot_ws/install/bumperbot_localization/share/bumperbot_localization/package.ps1'
[0.845s] INFO:colcon.colcon_core.shell:Creating package descriptor '/home/sourav/ROS2-Self-Driving-Robot/control/bumperbot_ws/install/bumperbot_localization/share/bumperbot_localization/package.dsv'
[0.846s] INFO:colcon.colcon_core.shell:Creating package script '/home/sourav/ROS2-Self-Driving-Robot/control/bumperbot_ws/install/bumperbot_localization/share/bumperbot_localization/package.sh'
[0.846s] INFO:colcon.colcon_core.shell:Creating package script '/home/sourav/ROS2-Self-Driving-Robot/control/bumperbot_ws/install/bumperbot_localization/share/bumperbot_localization/package.bash'
[0.847s] INFO:colcon.colcon_core.shell:Creating package script '/home/sourav/ROS2-Self-Driving-Robot/control/bumperbot_ws/install/bumperbot_localization/share/bumperbot_localization/package.zsh'
[0.847s] Level 1:colcon.colcon_core.environment:create_file_with_runtime_dependencies(/home/sourav/ROS2-Self-Driving-Robot/control/bumperbot_ws/install/bumperbot_localization/share/colcon-core/packages/bumperbot_localization)
[0.992s] DEBUG:colcon.colcon_core.event_handler.log_command:Invoking command in '/home/sourav/ROS2-Self-Driving-Robot/control/bumperbot_ws/src/bumperbot_py_examples': AMENT_PREFIX_PATH=/home/sourav/ROS2-Self-Driving-Robot/control/bumperbot_ws/install/bumperbot_msgs:${AMENT_PREFIX_PATH} CMAKE_PREFIX_PATH=/home/sourav/ROS2-Self-Driving-Robot/control/bumperbot_ws/install/bumperbot_msgs LD_LIBRARY_PATH=/home/sourav/ROS2-Self-Driving-Robot/control/bumperbot_ws/install/bumperbot_msgs/lib:${LD_LIBRARY_PATH} PYTHONPATH=/home/sourav/ROS2-Self-Driving-Robot/control/bumperbot_ws/build/bumperbot_py_examples/prefix_override:/usr/lib/python3/dist-packages/colcon_core/task/python/colcon_distutils_commands:/home/sourav/ROS2-Self-Driving-Robot/control/bumperbot_ws/install/bumperbot_py_examples/lib/python3.10/site-packages:/home/sourav/ROS2-Self-Driving-Robot/control/bumperbot_ws/install/bumperbot_msgs/local/lib/python3.10/dist-packages:${PYTHONPATH} /usr/bin/python3 -W ignore:setup.py install is deprecated -W ignore:easy_install command is deprecated setup.py egg_info --egg-base ../../build/bumperbot_py_examples build --build-base /home/sourav/ROS2-Self-Driving-Robot/control/bumperbot_ws/build/bumperbot_py_examples/build install --record /home/sourav/ROS2-Self-Driving-Robot/control/bumperbot_ws/build/bumperbot_py_examples/install.log --single-version-externally-managed install_data
[1.156s] Level 1:colcon.colcon_core.environment:checking '/home/sourav/ROS2-Self-Driving-Robot/control/bumperbot_ws/install/bumperbot_py_examples' for CMake module files
[1.157s] DEBUG:colcon.colcon_core.event_handler.log_command:Invoked command in '/home/sourav/ROS2-Self-Driving-Robot/control/bumperbot_ws/src/bumperbot_py_examples' returned '0': AMENT_PREFIX_PATH=/home/sourav/ROS2-Self-Driving-Robot/control/bumperbot_ws/install/bumperbot_msgs:${AMENT_PREFIX_PATH} CMAKE_PREFIX_PATH=/home/sourav/ROS2-Self-Driving-Robot/control/bumperbot_ws/install/bumperbot_msgs LD_LIBRARY_PATH=/home/sourav/ROS2-Self-Driving-Robot/control/bumperbot_ws/install/bumperbot_msgs/lib:${LD_LIBRARY_PATH} PYTHONPATH=/home/sourav/ROS2-Self-Driving-Robot/control/bumperbot_ws/build/bumperbot_py_examples/prefix_override:/usr/lib/python3/dist-packages/colcon_core/task/python/colcon_distutils_commands:/home/sourav/ROS2-Self-Driving-Robot/control/bumperbot_ws/install/bumperbot_py_examples/lib/python3.10/site-packages:/home/sourav/ROS2-Self-Driving-Robot/control/bumperbot_ws/install/bumperbot_msgs/local/lib/python3.10/dist-packages:${PYTHONPATH} /usr/bin/python3 -W ignore:setup.py install is deprecated -W ignore:easy_install command is deprecated setup.py egg_info --egg-base ../../build/bumperbot_py_examples build --build-base /home/sourav/ROS2-Self-Driving-Robot/control/bumperbot_ws/build/bumperbot_py_examples/build install --record /home/sourav/ROS2-Self-Driving-Robot/control/bumperbot_ws/build/bumperbot_py_examples/install.log --single-version-externally-managed install_data
[1.157s] Level 1:colcon.colcon_core.environment:checking '/home/sourav/ROS2-Self-Driving-Robot/control/bumperbot_ws/install/bumperbot_py_examples' for CMake config files
[1.157s] Level 1:colcon.colcon_core.environment:checking '/home/sourav/ROS2-Self-Driving-Robot/control/bumperbot_ws/install/bumperbot_py_examples/lib'
[1.157s] Level 1:colcon.colcon_core.environment:checking '/home/sourav/ROS2-Self-Driving-Robot/control/bumperbot_ws/install/bumperbot_py_examples/bin'
[1.157s] Level 1:colcon.colcon_core.environment:checking '/home/sourav/ROS2-Self-Driving-Robot/control/bumperbot_ws/install/bumperbot_py_examples/lib/pkgconfig/bumperbot_py_examples.pc'
[1.157s] Level 1:colcon.colcon_core.environment:checking '/home/sourav/ROS2-Self-Driving-Robot/control/bumperbot_ws/install/bumperbot_py_examples/lib/python3.10/site-packages'
[1.158s] Level 1:colcon.colcon_core.shell:create_environment_hook('bumperbot_py_examples', 'pythonpath')
[1.158s] INFO:colcon.colcon_core.shell:Creating environment hook '/home/sourav/ROS2-Self-Driving-Robot/control/bumperbot_ws/install/bumperbot_py_examples/share/bumperbot_py_examples/hook/pythonpath.ps1'
[1.158s] INFO:colcon.colcon_core.shell:Creating environment descriptor '/home/sourav/ROS2-Self-Driving-Robot/control/bumperbot_ws/install/bumperbot_py_examples/share/bumperbot_py_examples/hook/pythonpath.dsv'
[1.158s] INFO:colcon.colcon_core.shell:Creating environment hook '/home/sourav/ROS2-Self-Driving-Robot/control/bumperbot_ws/install/bumperbot_py_examples/share/bumperbot_py_examples/hook/pythonpath.sh'
[1.158s] Level 1:colcon.colcon_core.environment:checking '/home/sourav/ROS2-Self-Driving-Robot/control/bumperbot_ws/install/bumperbot_py_examples/bin'
[1.159s] Level 1:colcon.colcon_core.environment:create_environment_scripts_only(bumperbot_py_examples)
[1.159s] INFO:colcon.colcon_core.shell:Creating package script '/home/sourav/ROS2-Self-Driving-Robot/control/bumperbot_ws/install/bumperbot_py_examples/share/bumperbot_py_examples/package.ps1'
[1.159s] INFO:colcon.colcon_core.shell:Creating package descriptor '/home/sourav/ROS2-Self-Driving-Robot/control/bumperbot_ws/install/bumperbot_py_examples/share/bumperbot_py_examples/package.dsv'
[1.159s] INFO:colcon.colcon_core.shell:Creating package script '/home/sourav/ROS2-Self-Driving-Robot/control/bumperbot_ws/install/bumperbot_py_examples/share/bumperbot_py_examples/package.sh'
[1.159s] INFO:colcon.colcon_core.shell:Creating package script '/home/sourav/ROS2-Self-Driving-Robot/control/bumperbot_ws/install/bumperbot_py_examples/share/bumperbot_py_examples/package.bash'
[1.160s] INFO:colcon.colcon_core.shell:Creating package script '/home/sourav/ROS2-Self-Driving-Robot/control/bumperbot_ws/install/bumperbot_py_examples/share/bumperbot_py_examples/package.zsh'
[1.160s] Level 1:colcon.colcon_core.environment:create_file_with_runtime_dependencies(/home/sourav/ROS2-Self-Driving-Robot/control/bumperbot_ws/install/bumperbot_py_examples/share/colcon-core/packages/bumperbot_py_examples)
[1.160s] DEBUG:colcon.colcon_parallel_executor.executor.parallel:closing loop
[1.160s] DEBUG:colcon.colcon_parallel_executor.executor.parallel:loop closed
[1.160s] DEBUG:colcon.colcon_parallel_executor.executor.parallel:run_until_complete finished with '0'
[1.160s] DEBUG:colcon.colcon_core.event_reactor:joining thread
[1.166s] INFO:colcon.colcon_core.plugin_system:Skipping extension 'colcon_notification.desktop_notification.terminal_notifier': Not used on non-Darwin systems
[1.166s] INFO:colcon.colcon_core.plugin_system:Skipping extension 'colcon_notification.desktop_notification.win32': Not used on non-Windows systems
[1.166s] INFO:colcon.colcon_notification.desktop_notification:Sending desktop notification using 'notify2'
[1.174s] DEBUG:colcon.colcon_core.event_reactor:joined thread
[1.174s] INFO:colcon.colcon_core.shell:Creating prefix script '/home/sourav/ROS2-Self-Driving-Robot/control/bumperbot_ws/install/local_setup.ps1'
[1.175s] INFO:colcon.colcon_core.shell:Creating prefix util module '/home/sourav/ROS2-Self-Driving-Robot/control/bumperbot_ws/install/_local_setup_util_ps1.py'
[1.176s] INFO:colcon.colcon_core.shell:Creating prefix chain script '/home/sourav/ROS2-Self-Driving-Robot/control/bumperbot_ws/install/setup.ps1'
[1.176s] INFO:colcon.colcon_core.shell:Creating prefix script '/home/sourav/ROS2-Self-Driving-Robot/control/bumperbot_ws/install/local_setup.sh'
[1.177s] INFO:colcon.colcon_core.shell:Creating prefix util module '/home/sourav/ROS2-Self-Driving-Robot/control/bumperbot_ws/install/_local_setup_util_sh.py'
[1.177s] INFO:colcon.colcon_core.shell:Creating prefix chain script '/home/sourav/ROS2-Self-Driving-Robot/control/bumperbot_ws/install/setup.sh'
[1.177s] INFO:colcon.colcon_core.shell:Creating prefix script '/home/sourav/ROS2-Self-Driving-Robot/control/bumperbot_ws/install/local_setup.bash'
[1.178s] INFO:colcon.colcon_core.shell:Creating prefix chain script '/home/sourav/ROS2-Self-Driving-Robot/control/bumperbot_ws/install/setup.bash'
[1.178s] INFO:colcon.colcon_core.shell:Creating prefix script '/home/sourav/ROS2-Self-Driving-Robot/control/bumperbot_ws/install/local_setup.zsh'
[1.178s] INFO:colcon.colcon_core.shell:Creating prefix chain script '/home/sourav/ROS2-Self-Driving-Robot/control/bumperbot_ws/install/setup.zsh'
